id, seq, n, rsa, asa, q3, p[q3_H], p[q3_E], p[q3_C], q8, p[q8_G], p[q8_H], p[q8_I], p[q8_B], p[q8_E], p[q8_S], p[q8_T], p[q8_C], phi, psi, disorder
>Sequence,G,1,0.8018797039985657,83.39548921585083,C,0.0025374519173055887,0.000496921653393656,0.9969657063484192,C,0.0001927800039993599,0.0016221184050664306,1.9491471903165802e-05,9.287525608669966e-05,0.00031483962084166706,0.0015074689872562885,0.002803720999509096,0.9934467673301697,-65.6341552734375,-160.47471618652344,0.6067101359367371
>Sequence,I,2,0.4851779341697693,95.58005303144455,C,0.1784864217042923,0.05350705236196518,0.7680065035820007,C,0.016818776726722717,0.161312535405159,0.00232275971211493,0.010580007918179035,0.03745637089014053,0.01789550669491291,0.02597626857459545,0.7276378870010376,-81.8193130493164,-59.55299758911133,0.3330022096633911
>Sequence,I,3,0.35729867219924927,70.3878384232521,C,0.26101651787757874,0.055771321058273315,0.683212161064148,C,0.023088324815034866,0.24102887511253357,0.0020982951391488314,0.008914594538509846,0.04180733859539032,0.021547691896557808,0.022955143824219704,0.6385596990585327,-79.51126861572266,-29.23238754272461,0.29824984073638916
>Sequence,N,4,0.5137304663658142,100.17744094133377,C,0.33252817392349243,0.04668331518769264,0.6207884550094604,C,0.02894630841910839,0.3082711696624756,0.0020463946275413036,0.00608519883826375,0.03487158566713333,0.029184585437178612,0.03229623660445213,0.5582985281944275,-78.50730895996094,-26.33435821533203,0.25659313797950745
>Sequence,T,5,0.3867977559566498,66.52921402454376,H,0.5420495271682739,0.040636077523231506,0.417314350605011,H,0.03410453721880913,0.5094912052154541,0.0028424833435565233,0.004883005749434233,0.03456534072756767,0.024889912456274033,0.036891087889671326,0.3523324429988861,-75.41997528076172,-39.01165008544922,0.13333362340927124
>Sequence,L,6,0.22009135782718658,44.2383629232645,H,0.6526722311973572,0.027982715517282486,0.31934505701065063,H,0.04615102335810661,0.5989760756492615,0.0027177296578884125,0.0031429731752723455,0.026516828685998917,0.023740475997328758,0.036555759608745575,0.26219913363456726,-70.0361099243164,-35.12302017211914,0.12221413850784302
>Sequence,Q,7,0.42540624737739563,95.71640565991402,H,0.6624312400817871,0.031815268099308014,0.30575352907180786,H,0.05317751690745354,0.6012718677520752,0.0040503451600670815,0.0037714934442192316,0.029866263270378113,0.026720726862549782,0.046129897236824036,0.23501180112361908,-69.71429443359375,-35.68797302246094,0.1391160935163498
>Sequence,K,8,0.48659783601760864,114.83708930015564,H,0.6709686517715454,0.03888198360800743,0.2901493012905121,H,0.05470328405499458,0.5967314839363098,0.005167411174625158,0.004461557138711214,0.03877627104520798,0.02784545160830021,0.05044769123196602,0.22186678647994995,-71.05204010009766,-35.237449645996094,0.12306959927082062
>Sequence,Y,9,0.28887343406677246,75.97371315956116,H,0.6679118275642395,0.06917417794466019,0.2629139721393585,H,0.053209707140922546,0.5929934978485107,0.0065229530446231365,0.006207688711583614,0.06542567163705826,0.02582264132797718,0.04334079474210739,0.206477090716362,-74.4917984008789,-37.05233383178711,0.10149087011814117
>Sequence,Y,10,0.25685542821884155,67.55297762155533,H,0.606987476348877,0.1202305480837822,0.27278196811676025,H,0.0550590455532074,0.5407707691192627,0.008163662627339363,0.011915612034499645,0.10661715269088745,0.028834834694862366,0.0561632364988327,0.19247572124004364,-76.93656158447266,-33.08913040161133,0.09650760143995285
>Sequence,C,11,0.18808616697788239,31.41038988530636,H,0.5641406774520874,0.11468683928251266,0.32117244601249695,H,0.04877983033657074,0.5058308243751526,0.004785886034369469,0.010582736693322659,0.10148435086011887,0.031041963025927544,0.05686408281326294,0.24063041806221008,-76.55516815185547,-29.046375274658203,0.08248921483755112
>Sequence,R,12,0.502260148525238,137.61928069591522,H,0.4815068542957306,0.11955419182777405,0.39893895387649536,H,0.05681473761796951,0.41288575530052185,0.006202563177794218,0.014476284384727478,0.1094469353556633,0.045986708253622055,0.09996143728494644,0.25422555208206177,-77.25993347167969,-23.209651947021484,0.10165756940841675
>Sequence,V,13,0.35489076375961304,61.75099289417267,C,0.3881111741065979,0.1229313462972641,0.48895740509033203,H,0.055019404739141464,0.3233893811702728,0.007500310894101858,0.01720103621482849,0.1019478589296341,0.07547561079263687,0.13869476318359375,0.2807716131210327,-83.89216613769531,-12.460386276245117,0.11643455177545547
>Sequence,R,14,0.5314221382141113,145.6096658706665,C,0.28988733887672424,0.07063722610473633,0.639475405216217,C,0.05314379557967186,0.22783240675926208,0.005901182536035776,0.012708870694041252,0.05452408269047737,0.10551951080560684,0.26351824402809143,0.27685192227363586,-85.54473876953125,7.662215232849121,0.1466429978609085
>Sequence,G,15,0.5624604821205139,58.49589014053345,C,0.13881540298461914,0.04006200656294823,0.8211226463317871,T,0.04756423830986023,0.07696366310119629,0.005729565396904945,0.006161977536976337,0.035147905349731445,0.16002380847930908,0.3636827766895294,0.30472609400749207,72.92066192626953,-2.6381664276123047,0.14332878589630127
>Sequence,G,16,0.42241543531417847,43.93120527267456,C,0.15826550126075745,0.06442928314208984,0.7773052453994751,C,0.059090133756399155,0.0882386788725853,0.005190265830606222,0.014369265176355839,0.049071572721004486,0.2107233703136444,0.17529134452342987,0.3980253040790558,35.74445724487305,-157.68995666503906,0.14448249340057373
>Sequence,R,17,0.538683295249939,147.59922289848328,C,0.1764870434999466,0.13254237174987793,0.6909705996513367,C,0.06257513910531998,0.10693757981061935,0.0015251054428517818,0.02939295955002308,0.10434373468160629,0.1189756765961647,0.10464338213205338,0.47160643339157104,-86.67598724365234,68.06761169433594,0.14514777064323425
>Sequence,C,18,0.17462922632694244,29.163080796599388,C,0.19151368737220764,0.18700873851776123,0.6214776039123535,C,0.06348158419132233,0.12124914675951004,0.0015652907313778996,0.02746189944446087,0.14897821843624115,0.09437413513660431,0.06288710981607437,0.48000261187553406,-90.27733612060547,123.35613250732422,0.11871366202831268
>Sequence,A,19,0.3446689546108246,44.46229514479637,C,0.23228521645069122,0.20271877944469452,0.5649960041046143,C,0.0728820338845253,0.15095916390419006,0.0019747517071664333,0.021653354167938232,0.17278927564620972,0.0899713858962059,0.07723519951105118,0.41253480315208435,-85.08937072753906,82.51800537109375,0.126756951212883
>Sequence,V,20,0.33732956647872925,58.69534456729889,C,0.1963839828968048,0.26096194982528687,0.5426540970802307,C,0.07189860194921494,0.12613561749458313,0.0024098497815430164,0.029660630971193314,0.2237929403781891,0.09317859262228012,0.07978139072656631,0.3731423616409302,-91.64881134033203,108.4690933227539,0.12262141704559326
>Sequence,L,21,0.30152809619903564,60.607147336006165,C,0.1969345062971115,0.23258592188358307,0.5704795122146606,C,0.08121388405561447,0.11204017698764801,0.0017943690763786435,0.02210826799273491,0.2074899971485138,0.10774288326501846,0.0822964608669281,0.38531386852264404,-90.48462677001953,101.84672546386719,0.11064987629652023
>Sequence,S,22,0.4655736982822418,72.16392323374748,C,0.146410271525383,0.22764986753463745,0.6259398460388184,C,0.06988898664712906,0.07431897521018982,0.001730904565192759,0.023301711305975914,0.19863280653953552,0.10104359686374664,0.10869447886943817,0.42238861322402954,-95.13359832763672,110.92352294921875,0.10752002894878387
>Sequence,C,23,0.2509119510650635,41.9022958278656,C,0.0917707085609436,0.17450174689292908,0.7337275743484497,C,0.04658343642950058,0.048974037170410156,0.0014491691254079342,0.031934063881635666,0.1303774118423462,0.17927825450897217,0.09744278341531754,0.4639608561992645,-99.93743896484375,100.4701156616211,0.090727798640728
>Sequence,L,24,0.2725849449634552,54.789573937654495,C,0.013054998591542244,0.08854195475578308,0.898402988910675,C,0.004711045417934656,0.00711669260635972,0.00017538454267196357,0.018969925120472908,0.06320574134588242,0.2315482348203659,0.012140250764787197,0.6621326804161072,-89.50152587890625,138.32440185546875,0.13561803102493286
>Sequence,P,25,0.43257907032966614,68.78007218241692,C,0.04050464928150177,0.04990988224744797,0.9095855355262756,C,0.01547923218458891,0.018152683973312378,0.000224046700168401,0.008311565965414047,0.03581158444285393,0.05417949706315994,0.03553337976336479,0.8323079347610474,-62.61710739135742,150.734375,0.17659509181976318
>Sequence,K,26,0.6590464115142822,155.5349531173706,C,0.18599987030029297,0.037920109927654266,0.7760800123214722,C,0.09204435348510742,0.08726032078266144,0.0008175693801604211,0.008874721825122833,0.031987085938453674,0.1272844672203064,0.15369053184986115,0.49804094433784485,-72.56980895996094,-16.26930809020996,0.2712962329387665
>Sequence,E,27,0.6451418399810791,143.86663031578064,C,0.25551530718803406,0.04534102976322174,0.699143648147583,C,0.13322648406028748,0.12180677056312561,0.0011990201892331243,0.008654695004224777,0.04161982983350754,0.10157155990600586,0.13159134984016418,0.4603302776813507,-79.85789489746094,-11.16724967956543,0.3320779800415039
>Sequence,E,28,0.5777877569198608,128.84666979312897,C,0.24569804966449738,0.05738499388098717,0.696916937828064,C,0.09578358381986618,0.12839952111244202,0.0012859324924647808,0.009828765876591206,0.05086636170744896,0.07949429750442505,0.08031907677650452,0.5540224313735962,-83.82486724853516,19.805038452148438,0.3702552020549774
>Sequence,Q,29,0.553061306476593,124.43879395723343,C,0.17694497108459473,0.07950364798307419,0.7435514330863953,C,0.055441297590732574,0.10244963318109512,0.0011417068308219314,0.01653366908431053,0.062444400042295456,0.0663289949297905,0.07356762140989304,0.6220927238464355,-87.23070526123047,84.7485580444336,0.38410624861717224
>Sequence,I,30,0.43270599842071533,85.24308168888092,C,0.12726320326328278,0.10068315267562866,0.772053599357605,C,0.04015829786658287,0.08965351432561874,0.0012510045198723674,0.022683177143335342,0.07914700359106064,0.07439958304166794,0.08785916864871979,0.6048482060432434,-88.39863586425781,93.75042724609375,0.3903868496417999
>Sequence,G,31,0.4592183530330658,47.75870871543884,C,0.09703695774078369,0.07069598883390427,0.8322671055793762,C,0.04418639466166496,0.05393358692526817,0.0020342872012406588,0.01428897026926279,0.05771767720580101,0.1282213181257248,0.1159411296248436,0.5836766362190247,-65.110107421875,-161.01437377929688,0.3779224753379822
>Sequence,K,32,0.6031449437141418,142.34220671653748,C,0.0936540961265564,0.10183912515640259,0.804506778717041,C,0.04222895950078964,0.04804302006959915,0.000700572447385639,0.02753480337560177,0.07815135270357132,0.07854516804218292,0.08682174235582352,0.6379743218421936,-90.93505096435547,110.32978057861328,0.33636796474456787
>Sequence,C,33,0.22190359234809875,37.05789992213249,C,0.08190837502479553,0.091197170317173,0.8268944621086121,C,0.027489174157381058,0.050243161618709564,0.0005192222888581455,0.023862676694989204,0.06344424188137054,0.07879645377397537,0.0450153574347496,0.7106297612190247,-91.28607940673828,131.79885864257812,0.30046969652175903
>Sequence,S,34,0.5198569297790527,80.57782411575317,C,0.07837527245283127,0.06577450037002563,0.8558502197265625,C,0.02638239599764347,0.047846097499132156,0.0006729780579917133,0.014888064935803413,0.04895256087183952,0.08310738950967789,0.07013164460659027,0.7080188393592834,-87.18851470947266,128.1811981201172,0.3107798397541046
>Sequence,T,35,0.5385066866874695,92.62315011024475,C,0.10082927346229553,0.06602714955806732,0.8331435918807983,C,0.03921903297305107,0.06205787509679794,0.0011664597550407052,0.017039785161614418,0.0495854951441288,0.15564310550689697,0.11462055146694183,0.5606677532196045,-94.59587860107422,89.08477783203125,0.30679282546043396
>Sequence,R,36,0.6231678128242493,170.7479807138443,C,0.1041729524731636,0.035239797085523605,0.8605872988700867,C,0.0431920550763607,0.06731729209423065,0.001106279669329524,0.010732656344771385,0.02796187996864319,0.16854608058929443,0.17664526402950287,0.5044984221458435,-85.31504821777344,58.55416488647461,0.3438761830329895
>Sequence,G,37,0.520312488079071,54.11249876022339,C,0.11907774209976196,0.025726020336151123,0.8551962375640869,C,0.04868992045521736,0.06938663870096207,0.0025873014237731695,0.006717151030898094,0.021684696897864342,0.17842955887317657,0.1508052796125412,0.5216993689537048,60.3845329284668,-58.62131118774414,0.30136722326278687
>Sequence,R,38,0.5388952493667603,147.6572983264923,C,0.1894247829914093,0.03764509782195091,0.7729301452636719,C,0.05622078850865364,0.12966641783714294,0.001342359697446227,0.011818413622677326,0.0285788681358099,0.12646909058094025,0.08331185579299927,0.5625922083854675,-80.25621032714844,7.750720977783203,0.25854650139808655
>Sequence,K,39,0.5480208396911621,129.33291816711426,C,0.24656884372234344,0.0840100646018982,0.6694210767745972,C,0.0665297880768776,0.15772585570812225,0.0017913065385073423,0.023242834955453873,0.06344915926456451,0.08637029677629471,0.07684449851512909,0.5240462422370911,-82.16394805908203,26.760475158691406,0.2178431749343872
>Sequence,C,40,0.21248015761375427,35.48418632149696,C,0.2554358243942261,0.09608180075883865,0.6484824419021606,C,0.050530288368463516,0.1966574639081955,0.0022865398786962032,0.020377490669488907,0.07082897424697876,0.0673634260892868,0.05022601783275604,0.541729748249054,-84.47653198242188,95.2981185913086,0.1836203634738922
>Sequence,C,41,0.24629376828670502,41.13105930387974,C,0.30628618597984314,0.07079000025987625,0.6229238510131836,C,0.04660962522029877,0.24596364796161652,0.0022205496206879616,0.016933271661400795,0.04880468174815178,0.06213252246379852,0.04571899026632309,0.5316166877746582,-79.23123168945312,-14.865164756774902,0.188111811876297
>Sequence,R,42,0.5170812010765076,141.68024909496307,C,0.42573967576026917,0.04146488010883331,0.5327953696250916,C,0.056585729122161865,0.3603472113609314,0.002737644361332059,0.010318968445062637,0.03154392167925835,0.0682312548160553,0.07634666562080383,0.3938886225223541,-73.93941497802734,-31.874418258666992,0.17203108966350555
>Sequence,R,43,0.47741633653640747,130.81207621097565,C,0.4843624234199524,0.025300562381744385,0.4903370141983032,H,0.05776584893465042,0.42736998200416565,0.0026536385994404554,0.006142570171505213,0.019005419686436653,0.06967659294605255,0.0724073052406311,0.3449786305427551,-72.61769104003906,-35.89341354370117,0.16664932668209076
>Sequence,K,44,0.5030868649482727,118.72850012779236,H,0.5463706851005554,0.019131893292069435,0.43449750542640686,H,0.054271966218948364,0.47723931074142456,0.0023316305596381426,0.004603039938956499,0.01472361758351326,0.05635364353656769,0.0690346211194992,0.32144221663475037,-71.159912109375,-34.21261215209961,0.1522655189037323
>Sequence,K,45,0.5015219449996948,118.35917901992798,H,0.5821335315704346,0.018737122416496277,0.39912933111190796,H,0.04839523509144783,0.5176489353179932,0.002329254522919655,0.004159332253038883,0.014791770838201046,0.04871242865920067,0.06425602734088898,0.2997070252895355,-70.9920654296875,-34.57496643066406,0.14269134402275085
>Sequence,E,46,0.5040266513824463,112.39794325828552,H,0.5954493880271912,0.02141433022916317,0.38313621282577515,H,0.03846737742424011,0.5534030795097351,0.0022318940609693527,0.004088184330612421,0.017157364636659622,0.0409759022295475,0.050156448036432266,0.2935197949409485,-70.80156707763672,-37.593631744384766,0.15005050599575043
>Sequence,A,47,0.3749687075614929,48.37096327543259,H,0.6347127556800842,0.01783609203994274,0.3474510908126831,H,0.03084859624505043,0.6092575192451477,0.002068080473691225,0.002481966046616435,0.01386688370257616,0.030429033562541008,0.044076185673475266,0.26697173714637756,-67.71952819824219,-38.05735778808594,0.1289948970079422
>Sequence,A,48,0.31866738200187683,41.10809227824211,H,0.6679178476333618,0.015385797247290611,0.3166964054107666,H,0.03325578570365906,0.654219925403595,0.002430984750390053,0.002236281055957079,0.011652085930109024,0.028865603730082512,0.055651888251304626,0.2116873860359192,-67.53988647460938,-35.14842987060547,0.09822627902030945
>Sequence,A,49,0.2741171419620514,35.36111131310463,H,0.6906676888465881,0.01455144677311182,0.29478082060813904,H,0.03309537097811699,0.6801387071609497,0.0029334367718547583,0.0019796863198280334,0.011111031286418438,0.028854256495833397,0.055542029440402985,0.18634551763534546,-66.87394714355469,-34.672054290771484,0.08148381114006042
>Sequence,K,50,0.43828824162483215,103.43602502346039,H,0.6872792840003967,0.019765488803386688,0.29295527935028076,H,0.039558328688144684,0.6663780808448792,0.005331146530807018,0.0030934270471334457,0.015344099141657352,0.03695021942257881,0.06708496809005737,0.16625970602035522,-69.29436492919922,-33.91749954223633,0.06961524486541748
>Sequence,S,51,0.36378759145736694,56.387076675891876,H,0.6768388152122498,0.03200279176235199,0.2911584675312042,H,0.03758511692285538,0.6435552835464478,0.00526826735585928,0.0033024835865944624,0.027597587555646896,0.042176052927970886,0.050964731723070145,0.18955044448375702,-71.73173522949219,-34.76778030395508,0.04779905080795288
>Sequence,M,52,0.2292432188987732,51.350481033325195,H,0.7075745463371277,0.05668138340115547,0.23574410378932953,H,0.03633243963122368,0.6747575998306274,0.007785318419337273,0.005355459172278643,0.045572225004434586,0.03415311872959137,0.04129554331302643,0.15474829077720642,-71.97553253173828,-35.65851974487305,0.04001323878765106
>Sequence,V,53,0.18835435807704926,32.77365830540657,H,0.7436169385910034,0.0830187126994133,0.1733643263578415,H,0.0241470355540514,0.7418566346168518,0.01028556376695633,0.005978891160339117,0.06306339800357819,0.022086504846811295,0.030159730464220047,0.10242226719856262,-71.90174102783203,-38.744144439697266,0.029823467135429382
>Sequence,I,54,0.20965814590454102,41.30265474319458,H,0.7152000665664673,0.11258789896965027,0.17221197485923767,H,0.02778039500117302,0.6869845986366272,0.009473355486989021,0.006627964321523905,0.09767819195985794,0.024970851838588715,0.02885635383427143,0.11762825399637222,-73.63607788085938,-34.83869552612305,0.029361369088292122
>Sequence,S,55,0.32826855778694153,50.88162645697594,H,0.6789952516555786,0.09108938276767731,0.22991536557674408,H,0.037036553025245667,0.6550707221031189,0.008654015138745308,0.005024770740419626,0.08013879507780075,0.030884141102433205,0.0447283573448658,0.138462632894516,-74.40062713623047,-35.64007568359375,0.017347630113363266
>Sequence,L,56,0.22128911316394806,44.47911174595356,H,0.7518131136894226,0.06104104220867157,0.18714584410190582,H,0.04509183391928673,0.7092864513397217,0.009834829717874527,0.00442050164565444,0.05408456176519394,0.02863035723567009,0.048337046056985855,0.10031446069478989,-70.75601196289062,-34.948795318603516,0.01456766203045845
>Sequence,L,57,0.24585160613059998,49.416172832250595,H,0.7495619058609009,0.04543496295809746,0.20500314235687256,H,0.0659569650888443,0.6778002977371216,0.010243705473840237,0.004330028779804707,0.039802346378564835,0.03525795415043831,0.06322953850030899,0.1033792719244957,-70.30156707763672,-32.531009674072266,0.014716551639139652
>Sequence,S,58,0.2935440242290497,45.4993237555027,H,0.7394498586654663,0.029990732669830322,0.23055940866470337,H,0.10671208053827286,0.6164699792861938,0.010598074644804,0.0036718922201544046,0.026684662327170372,0.03681177273392677,0.0953097939491272,0.10374175757169724,-70.278076171875,-30.20433807373047,0.01031311322003603
>Sequence,M,59,0.16178861260414124,36.24064922332764,H,0.7066916823387146,0.015102235600352287,0.27820611000061035,H,0.15005198121070862,0.5530491471290588,0.0071947635151445866,0.002824466908350587,0.011832291260361671,0.042288098484277725,0.13815981149673462,0.0945994034409523,-72.02606201171875,-24.87635612487793,0.008817000314593315
>Sequence,A,60,0.09494595229625702,12.248027846217155,H,0.6197828650474548,0.019096245989203453,0.36112087965011597,H,0.18209578096866608,0.4401130676269531,0.002296067075803876,0.0051544602029025555,0.011742177419364452,0.05103824660181999,0.17862474918365479,0.12893550097942352,-72.93753814697266,-16.888700485229492,0.004508515354245901
>Sequence,A,61,0.13957488536834717,18.005160212516785,C,0.25522321462631226,0.05571501702070236,0.6890618205070496,T,0.11492343246936798,0.16800269484519958,0.0009482287568971515,0.015743330121040344,0.035447269678115845,0.11701878160238266,0.2938494384288788,0.2540668547153473,-79.25613403320312,2.231116771697998,0.003258761251345277
>Sequence,Y,62,0.3153606057167053,82.9398393034935,C,0.04664319381117821,0.1679246425628662,0.7854321599006653,C,0.02644992247223854,0.026369217783212662,0.0010870782425627112,0.0564352385699749,0.11162276566028595,0.2629512548446655,0.1762089729309082,0.33887556195259094,-103.92047882080078,108.9548110961914,0.005225935950875282
>Sequence,K,63,0.46749579906463623,110.32900857925415,C,0.016879834234714508,0.10550400614738464,0.8776161670684814,S,0.006653124932199717,0.0065123289823532104,0.0003477850987110287,0.01442142017185688,0.08237224817276001,0.47765371203422546,0.03651793673634529,0.3755214214324951,-101.35628509521484,136.3220977783203,0.006381665822118521
>Sequence,P,64,0.3590436279773712,57.08793684840202,C,0.06601805239915848,0.14175134897232056,0.7922306656837463,C,0.03728727996349335,0.027149204164743423,0.000772598257753998,0.02660992555320263,0.11466670781373978,0.11697206646203995,0.08634013682603836,0.5902020335197449,-66.89944458007812,138.96478271484375,0.013056963682174683
>Sequence,V,65,0.32707056403160095,56.910278141498566,C,0.0838158130645752,0.18632496893405914,0.7298591732978821,C,0.03760797530412674,0.03957992419600487,0.0015429152408614755,0.046383846551179886,0.1403273046016693,0.17699824273586273,0.08326805382966995,0.47429171204566956,-92.04695892333984,115.25308227539062,0.01533416472375393
>Sequence,V,66,0.25750455260276794,44.80579215288162,C,0.10486755520105362,0.22189940512180328,0.6732330918312073,C,0.02711256593465805,0.06894159317016602,0.002143533667549491,0.04209361597895622,0.1671697497367859,0.1928800344467163,0.05325990170240402,0.4463990032672882,-102.12753295898438,136.5779266357422,0.016236158087849617
>Sequence,S,67,0.2954176664352417,45.78973829746246,C,0.13602085411548615,0.17801479995250702,0.6859643459320068,C,0.023929569870233536,0.09438978880643845,0.002044000430032611,0.0262824185192585,0.1428251564502716,0.14568664133548737,0.04701492190361023,0.5178275108337402,-97.8091049194336,154.07652282714844,0.012592523358762264
>Sequence,T,68,0.324502557516098,55.81443989276886,H,0.51578289270401,0.06758396327495575,0.41663315892219543,H,0.06681618839502335,0.4150530695915222,0.006767622195184231,0.008698157966136932,0.06281279772520065,0.12319193035364151,0.07360062748193741,0.2430596500635147,-80.25630187988281,-34.97687911987305,0.012344637885689735
>Sequence,Q,69,0.4641132652759552,104.42548468708992,H,0.7007018327713013,0.06204482167959213,0.2372533529996872,H,0.1103023812174797,0.5387899279594421,0.008452641777694225,0.00677470350638032,0.06502920389175415,0.062361788004636765,0.07007250189781189,0.13821682333946228,-73.05267333984375,-34.6878776550293,0.012143193744122982
>Sequence,L,70,0.22369736433029175,44.96317023038864,H,0.7899454236030579,0.06439442187547684,0.1456601470708847,H,0.16917669773101807,0.5634713172912598,0.006757623516023159,0.006411239504814148,0.07555544376373291,0.026342619210481644,0.044075336307287216,0.10820979624986649,-71.24702453613281,-33.06471252441406,0.0076469844207167625
>Sequence,L,71,0.06626704335212708,13.319675713777542,H,0.7976588606834412,0.060456421226263046,0.14188475906848907,H,0.20455476641654968,0.581569254398346,0.0043798829428851604,0.008090931922197342,0.0527731217443943,0.016331344842910767,0.05214756727218628,0.08015311509370804,-73.05035400390625,-26.228172302246094,0.004137846641242504
>Sequence,A,72,0.052515171468257904,6.77445711940527,H,0.6392836570739746,0.03155531361699104,0.32916104793548584,H,0.273246705532074,0.40468379855155945,0.001323962351307273,0.006818694528192282,0.019725270569324493,0.027988459914922714,0.14861129224300385,0.11760178953409195,-74.86685943603516,-11.04642105102539,0.0013960705837234855
>Sequence,A,73,0.10321599990129471,13.314863987267017,C,0.17954476177692413,0.048759594559669495,0.7716956734657288,T,0.11443755030632019,0.11632779240608215,0.000616429140791297,0.011185326613485813,0.035405877977609634,0.10523323714733124,0.3693031072616577,0.24749062955379486,-77.83006286621094,3.219193696975708,0.0009455757681280375
>Sequence,Y,74,0.26604968309402466,69.97106665372849,C,0.03199359402060509,0.12786580622196198,0.8401405811309814,C,0.02230794169008732,0.01712057925760746,0.0008013268234208226,0.047120530158281326,0.08971226215362549,0.3009062111377716,0.18968378007411957,0.3323473632335663,-102.75166320800781,91.93091583251953,0.0025819058064371347
>Sequence,K,75,0.47615915536880493,112.37356066703796,C,0.013679378665983677,0.0883430540561676,0.8979775309562683,S,0.006594181060791016,0.0046326774172484875,0.00028919914620928466,0.01335161179304123,0.06783205270767212,0.5060246586799622,0.03760413080453873,0.36367151141166687,-102.00706481933594,138.04222106933594,0.004427026491612196
>Sequence,P,76,0.37309953570365906,59.32282617688179,C,0.06578771024942398,0.13069744408130646,0.803514838218689,C,0.04790675267577171,0.023251736536622047,0.0007522233645431697,0.03161206841468811,0.09914878755807877,0.1265578716993332,0.10565371066331863,0.5651168823242188,-67.39309692382812,138.25038146972656,0.00990538951009512
>Sequence,C,77,0.23342907428741455,38.98265540599823,C,0.07729291915893555,0.21235638856887817,0.710350751876831,C,0.04714763164520264,0.029287410899996758,0.0011407429119572043,0.05146509036421776,0.15739662945270538,0.13884490728378296,0.08345641940832138,0.4912611246109009,-97.4142074584961,122.07891845703125,0.00929508451372385
>Sequence,V,78,0.28427255153656006,49.46342396736145,C,0.07620526850223541,0.2093074917793274,0.7144872546195984,C,0.03918880596756935,0.035352736711502075,0.0012459162389859557,0.03733545541763306,0.16864025592803955,0.19528213143348694,0.06342802196741104,0.45952656865119934,-100.01519012451172,129.2871856689453,0.011640775948762894
>Sequence,K,79,0.5069919228553772,119.65009379386902,C,0.06717700511217117,0.17566639184951782,0.7571566104888916,C,0.034134265035390854,0.028187666088342667,0.0009067404898814857,0.028781726956367493,0.15169773995876312,0.22620785236358643,0.07705867290496826,0.45302537083625793,-97.11902618408203,124.7585220336914,0.0062588718719780445
>Sequence,L,80,0.22172942757606506,44.56761494278908,C,0.06125703454017639,0.12876741588115692,0.8099755048751831,C,0.021015848964452744,0.030849456787109375,0.0009991561528295279,0.03377499803900719,0.09393918514251709,0.1781087964773178,0.04210517182946205,0.5992074012756348,-90.95904541015625,128.90289306640625,0.006570178549736738
>Sequence,T,81,0.2601875066757202,44.75225114822388,C,0.24987366795539856,0.04885866865515709,0.7012676000595093,C,0.04543093219399452,0.17032921314239502,0.002124296734109521,0.01234012097120285,0.036658164113759995,0.21706299483776093,0.04315018653869629,0.4729040265083313,-85.57991027832031,177.67495727539062,0.005906198173761368
>Sequence,P,82,0.2275577038526535,36.18167491257191,H,0.5821056962013245,0.038597382605075836,0.3792968988418579,H,0.13946475088596344,0.397411048412323,0.0025363718159496784,0.007155599072575569,0.035532332956790924,0.04844314977526665,0.09235602617263794,0.2771006226539612,-60.996028900146484,-27.727970123291016,0.004395408555865288
>Sequence,L,83,0.05891679972410202,11.842276744544506,H,0.7550941705703735,0.04895901679992676,0.1959468126296997,H,0.23711715638637543,0.47813495993614197,0.00316449673846364,0.012812403962016106,0.04291974753141403,0.022317001596093178,0.06943751126527786,0.13409674167633057,-70.94830322265625,-30.672019958496094,0.0032969380263239145
>Sequence,A,84,0.05252079665660858,6.775182768702507,H,0.8174592852592468,0.016253553330898285,0.1662871092557907,H,0.34105002880096436,0.48500093817710876,0.0009719018125906587,0.0036821065004915,0.010699677281081676,0.014182436279952526,0.07453421503305435,0.06987869739532471,-71.05884552001953,-23.44087791442871,0.0014293200802057981
>Sequence,A,85,0.10581954568624496,13.6507213935256,H,0.6175845861434937,0.0330318808555603,0.34938350319862366,H,0.26169198751449585,0.4050840139389038,0.0010635699145495892,0.005190049763768911,0.021564051508903503,0.03280703350901604,0.17236541211605072,0.10023389011621475,-76.73645782470703,-10.253833770751953,0.0010010970290750265
>Sequence,Y,86,0.20673662424087524,54.37173217535019,C,0.23665820062160492,0.162245973944664,0.6010958552360535,C,0.10479342937469482,0.17039327323436737,0.0036728603299707174,0.03933775797486305,0.1177712008357048,0.1188967153429985,0.19646866619586945,0.24866610765457153,-96.25306701660156,54.84442138671875,0.002550259931012988
>Sequence,S,87,0.23629295825958252,36.62540853023529,C,0.15710899233818054,0.15992088615894318,0.6829701066017151,C,0.0516769178211689,0.08927341550588608,0.0026279015000909567,0.03303154185414314,0.12619128823280334,0.19507931172847748,0.07469403743743896,0.42742565274238586,-96.27864074707031,140.87538146972656,0.004700118210166693
>Sequence,L,88,0.33112677931785583,66.55648264288902,C,0.24646852910518646,0.14939212799072266,0.6041393280029297,C,0.10701756924390793,0.13659343123435974,0.0030148010700941086,0.03027394786477089,0.11723212897777557,0.14179189503192902,0.16045041382312775,0.30362582206726074,-79.61310577392578,12.402048110961914,0.008271714672446251
>Sequence,W,89,0.34937742352485657,99.57256570458412,C,0.25531941652297974,0.122237928211689,0.6224427223205566,C,0.11840877681970596,0.1333661824464798,0.0037065704818814993,0.025086667388677597,0.09028065949678421,0.1614796221256256,0.19287529587745667,0.2747962772846222,-91.32849884033203,34.49787521362305,0.013003808446228504
>Sequence,D,90,0.3903033137321472,75.32853955030441,C,0.23572173714637756,0.06847446411848068,0.6958038210868835,C,0.10502038896083832,0.12021629512310028,0.0024813301861286163,0.013416542671620846,0.055717598646879196,0.17898604273796082,0.15036378800868988,0.3737980127334595,-86.72254180908203,49.4752082824707,0.0160712581127882
>Sequence,Q,91,0.5154888033866882,115.98498076200485,C,0.2710283100605011,0.06742913275957108,0.661542534828186,C,0.1213170513510704,0.13618239760398865,0.0031422427855432034,0.01305900327861309,0.054485540837049484,0.18809323012828827,0.18194280564785004,0.30177775025367737,-84.15574645996094,-5.1068644523620605,0.022198786959052086
>Sequence,S,92,0.38490474224090576,59.66023504734039,C,0.2054923176765442,0.10374119132757187,0.690766453742981,C,0.09865590929985046,0.09995266050100327,0.0025804140605032444,0.02437012270092964,0.07641448080539703,0.18041972815990448,0.15629450976848602,0.3613121807575226,-90.7204818725586,54.748661041259766,0.021040797233581543
>Sequence,L,93,0.23650819063186646,47.53814631700516,C,0.1688566505908966,0.07314053922891617,0.7580028176307678,C,0.062090061604976654,0.09118840098381042,0.0020792547147721052,0.020438745617866516,0.049474235624074936,0.25128066539764404,0.10448899120092392,0.41895970702171326,-88.98299407958984,76.88408660888672,0.01132437214255333
>Sequence,K,94,0.4046781063079834,95.50403308868408,C,0.29915645718574524,0.03177771344780922,0.6690658330917358,C,0.08542606979608536,0.20216219127178192,0.0026687621138989925,0.009996742941439152,0.024629637598991394,0.1984834522008896,0.11670657247304916,0.35992661118507385,-74.78758239746094,163.53305053710938,0.006896243896335363
>Sequence,P,95,0.17574553191661835,27.943539574742317,C,0.3914090096950531,0.03908544406294823,0.569505512714386,C,0.1310303509235382,0.255200058221817,0.0022072948049753904,0.008712203241884708,0.034262124449014664,0.06930913031101227,0.13105954229831696,0.3682192862033844,-62.76475143432617,-9.662436485290527,0.005613607354462147
>Sequence,A,96,0.04370434954762459,5.637861091643572,C,0.43776512145996094,0.07547444850206375,0.4867604672908783,C,0.18088647723197937,0.25265151262283325,0.0012190045090392232,0.020373448729515076,0.057071752846241,0.05831467732787132,0.10911448299884796,0.3203686475753784,-74.53842163085938,-16.100244522094727,0.0026317769661545753
>Sequence,A,97,0.0901922956109047,11.634806133806705,H,0.43356746435165405,0.1490277647972107,0.41740483045578003,H,0.1634976863861084,0.30417439341545105,0.0014174578245729208,0.020881688222289085,0.11721492558717728,0.06399078667163849,0.11340437084436417,0.21541863679885864,-81.46348571777344,-0.907075822353363,0.0018046388868242502
>Sequence,Y,98,0.17816892266273499,46.8584266602993,E,0.23304419219493866,0.42914456129074097,0.3378112316131592,E,0.0870053768157959,0.16903699934482574,0.0036684423685073853,0.04675862938165665,0.35237494111061096,0.07156441360712051,0.0911252573132515,0.17846591770648956,-101.51139068603516,118.8047103881836,0.0030640901532024145
>Sequence,M,99,0.1675940304994583,37.54106283187866,E,0.19691519439220428,0.42139768600463867,0.38168713450431824,E,0.048750005662441254,0.13983865082263947,0.003512407885864377,0.027882667258381844,0.38255563378334045,0.09182188659906387,0.05277247354388237,0.25286635756492615,-98.45616149902344,126.37508392333984,0.0038600359112024307
>Sequence,I,100,0.2570977509021759,50.64825692772865,E,0.19506482779979706,0.43996497988700867,0.36497020721435547,E,0.04223460331559181,0.15672491490840912,0.0036477730609476566,0.0324389673769474,0.39327535033226013,0.0723119005560875,0.07203374803066254,0.22733275592327118,-87.8471908569336,112.65194702148438,0.00465206615626812
>Sequence,V,101,0.24635104835033417,42.865082412958145,C,0.2419336885213852,0.2937685251235962,0.4642977714538574,E,0.04864247888326645,0.19704142212867737,0.006313074845820665,0.024753257632255554,0.24420449137687683,0.10986904799938202,0.1397324949502945,0.22944369912147522,-91.09573364257812,104.82023620605469,0.006451640743762255
>Sequence,G,102,0.24743612110614777,25.733356595039368,C,0.2675164043903351,0.15049713850021362,0.5819864273071289,C,0.06370146572589874,0.17281311750411987,0.009771697223186493,0.013829260133206844,0.13034676015377045,0.1850866824388504,0.20018954575061798,0.22426152229309082,-50.26980209350586,-45.69661331176758,0.009743214584887028
>Sequence,G,103,0.20074963569641113,20.877962112426758,C,0.28080910444259644,0.11799215525388718,0.6011987328529358,C,0.059852708131074905,0.19096623361110687,0.007674864958971739,0.014355919323861599,0.1024305522441864,0.20639273524284363,0.1617211103439331,0.256605863571167,-53.784236907958984,-76.783935546875,0.0071543301455676556
>Sequence,L,104,0.1823018193244934,36.642665684223175,C,0.419739693403244,0.1353134959936142,0.4449467658996582,H,0.05202494561672211,0.3423852324485779,0.005095395725220442,0.02243320643901825,0.10887963324785233,0.13169626891613007,0.06384873390197754,0.2736365795135498,-77.49176788330078,-15.944068908691406,0.005445035640150309
>Sequence,I,105,0.19044965505599976,37.51858204603195,H,0.6485053300857544,0.1263970285654068,0.22509756684303284,H,0.05728502944111824,0.5835860967636108,0.008708162233233452,0.016772260889410973,0.09768027812242508,0.05597764998674393,0.049369387328624725,0.130621075630188,-74.26103973388672,-35.442466735839844,0.005049769766628742
>Sequence,G,106,0.07561174780130386,7.863621771335602,H,0.7293483018875122,0.0841546505689621,0.1864970475435257,H,0.09103293716907501,0.6086675524711609,0.008431212045252323,0.009846623986959457,0.07628528028726578,0.03712932765483856,0.04581763595342636,0.12278944253921509,-70.9681167602539,-58.4063606262207,0.0034109565895050764
>Sequence,L,107,0.06165757030248642,12.39317163079977,H,0.830878496170044,0.04970114305615425,0.11942039430141449,H,0.12492064386606216,0.6956055760383606,0.004849123302847147,0.005046292673796415,0.04435623064637184,0.019011493772268295,0.044540539383888245,0.061670079827308655,-71.99132537841797,-28.383642196655273,0.0029752871487289667
>Sequence,A,108,0.06298089772462845,8.12453580647707,H,0.7983347177505493,0.03608125448226929,0.16558398306369781,H,0.18180933594703674,0.6324156522750854,0.0022106431424617767,0.003519792342558503,0.026302384212613106,0.018646465614438057,0.07881354540586472,0.05628218129277229,-75.68184661865234,-17.74850082397461,0.0014514523791149259
>Sequence,A,109,0.0913725197315216,11.787055045366287,C,0.43279919028282166,0.09437240660190582,0.4728284180164337,H,0.1462622731924057,0.3430264890193939,0.0016439364990219474,0.012821721844375134,0.0715949684381485,0.05777021870017052,0.192671537399292,0.17420880496501923,-81.1017837524414,3.275702953338623,0.0010876546148210764
>Sequence,Y,110,0.19336454570293427,50.85487551987171,C,0.07001633197069168,0.2656957805156708,0.6642879247665405,C,0.029802273958921432,0.04663167521357536,0.0021529996301978827,0.07781974971294403,0.1931808441877365,0.14716161787509918,0.16406919062137604,0.33918166160583496,-103.50853729248047,105.28223419189453,0.0031892298720777035
>Sequence,S,111,0.30886390805244446,47.87390574812889,C,0.06227681785821915,0.16940653324127197,0.7683167457580566,C,0.02332090213894844,0.029920876026153564,0.0013861550251021981,0.029734859243035316,0.13174454867839813,0.2502143979072571,0.09323339909315109,0.44044482707977295,-100.6291732788086,145.28672790527344,0.007132448721677065
>Sequence,E,112,0.5865827798843384,130.80795991420746,C,0.08811239153146744,0.12868545949459076,0.7832022309303284,T,0.051543764770030975,0.037648219615221024,0.0019662289414554834,0.02401360683143139,0.09508194029331207,0.22967159748077393,0.3047342300415039,0.25534042716026306,-80.30375671386719,97.20569610595703,0.01884637214243412
>Sequence,G,113,0.4206281006336212,43.745322465896606,C,0.09304395318031311,0.11520210653543472,0.791753888130188,C,0.048846326768398285,0.03674846142530441,0.0035570610780268908,0.021328983828425407,0.084265798330307,0.2508096992969513,0.2602640986442566,0.2941795289516449,-157.82737731933594,23.200124740600586,0.02303127758204937
>Sequence,A,114,0.2673307955265045,34.48567262291908,C,0.05651603639125824,0.08223163336515427,0.8612523078918457,C,0.01934136264026165,0.02972661703824997,0.0008849076111800969,0.024136856198310852,0.055359918624162674,0.25410592555999756,0.06166502833366394,0.5547794103622437,-93.14781951904297,134.98033142089844,0.01721787638962269
>Sequence,T,115,0.3219233453273773,55.3708153963089,C,0.04753585904836655,0.036036644130945206,0.916427493095398,C,0.006800919771194458,0.03696916252374649,0.0004686817992478609,0.01147068478167057,0.02326570823788643,0.27915671467781067,0.018829526379704475,0.6230385303497314,-97.93685150146484,152.12452697753906,0.00840823445469141
>Sequence,P,116,0.26197171211242676,41.653502225875854,H,0.5255136489868164,0.025338923558592796,0.44914746284484863,H,0.08901745080947876,0.41631945967674255,0.00273980968631804,0.005483367945998907,0.02124502882361412,0.06646454334259033,0.09955961257219315,0.29917073249816895,-60.3278694152832,-33.08083724975586,0.009851316921412945
>Sequence,Q,117,0.40743038058280945,91.67183563113213,H,0.754310131072998,0.020754164084792137,0.22493572533130646,H,0.15779124200344086,0.5578837990760803,0.006183831952512264,0.005439572501927614,0.01851755753159523,0.04426271468400955,0.09266608208417892,0.11725524812936783,-67.18242645263672,-34.79267120361328,0.010260967537760735
>Sequence,D,118,0.28155529499053955,54.34017193317413,H,0.8209132552146912,0.0183230172842741,0.1607636958360672,H,0.24313929677009583,0.5344240665435791,0.006410984788089991,0.005079965572804213,0.017856864258646965,0.02606986276805401,0.08002803474664688,0.08699088543653488,-70.81117248535156,-24.396909713745117,0.007826307788491249
>Sequence,L,119,0.06021910533308983,12.104040171951056,H,0.842740535736084,0.020553255453705788,0.13670627772808075,H,0.23836015164852142,0.5919119119644165,0.004211879801005125,0.004589722957462072,0.0169584471732378,0.017867127433419228,0.05683773010969162,0.06926295161247253,-71.67110443115234,-27.90274429321289,0.0029170948546379805
>Sequence,A,120,0.048651713877916336,6.276071090251207,H,0.6724403500556946,0.02200946770608425,0.3055502474308014,H,0.22584901750087738,0.4880598187446594,0.001591519801877439,0.00728090014308691,0.012125613167881966,0.026507237926125526,0.126084104180336,0.11250177025794983,-72.58899688720703,-14.969589233398438,0.001181212835945189
>Sequence,A,121,0.05233870819211006,6.751693356782198,C,0.20239466428756714,0.06282414495944977,0.7347812056541443,T,0.1189425066113472,0.14334683120250702,0.0007361191092059016,0.022252241149544716,0.037971969693899155,0.09605330228805542,0.32225272059440613,0.25844427943229675,-81.49738311767578,5.552975177764893,0.000880466599483043
>Sequence,Y,122,0.17918261885643005,47.125028759241104,C,0.03243190422654152,0.24502089619636536,0.722547173500061,C,0.01956785097718239,0.019169440492987633,0.0008965286542661488,0.1340770423412323,0.1440940797328949,0.16788944602012634,0.15478846430778503,0.3595172166824341,-110.80986785888672,105.96124267578125,0.0026506546419113874
>Sequence,G,123,0.13543307781219482,14.085040092468262,C,0.008100579492747784,0.12015454471111298,0.8717448711395264,C,0.0035185532178729773,0.0035743836779147387,0.00024878393742255867,0.03010590746998787,0.08638668805360794,0.2771567404270172,0.024167297407984734,0.5748415589332581,-114.53953552246094,157.1916046142578,0.0027786409482359886
>Sequence,P,124,0.3354039788246155,53.32923263311386,C,0.054561857134103775,0.0914769247174263,0.8539611101150513,C,0.04534757509827614,0.020995289087295532,0.0005639171577058733,0.014721081592142582,0.07840117812156677,0.1502915471792221,0.20277729630470276,0.4869020879268646,-66.61854553222656,133.8494110107422,0.0071103512309491634
>Sequence,K,125,0.5760509967803955,135.94803524017334,C,0.07977107167243958,0.0570598840713501,0.8631690144538879,S,0.05527010187506676,0.025355560705065727,0.0008244821219705045,0.011572024784982204,0.041705500334501266,0.34398171305656433,0.22542476654052734,0.2958658039569855,-86.74562072753906,7.634843826293945,0.008013115264475346
>Sequence,E,126,0.416176974773407,92.80746537446976,C,0.0659295842051506,0.0408422127366066,0.8932282328605652,S,0.024999214336276054,0.02670477330684662,0.00040133384754881263,0.007693853694945574,0.026780052110552788,0.5289262533187866,0.04787031188607216,0.3366241753101349,-95.66889953613281,135.38485717773438,0.01067795418202877
>Sequence,P,127,0.3702327609062195,58.8670089840889,C,0.12685485184192657,0.03759375214576721,0.8355513215065002,C,0.044019151479005814,0.0686599612236023,0.0006820466951467097,0.010497468523681164,0.028470968827605247,0.11975773423910141,0.11109604686498642,0.6168166399002075,-65.68573760986328,137.85565185546875,0.009580597281455994
>Sequence,F,128,0.2265152484178543,54.363659620285034,C,0.3148207664489746,0.054165471345186234,0.631013810634613,C,0.09735124558210373,0.17597265541553497,0.0032363145146518946,0.021996021270751953,0.03740433603525162,0.13060322403907776,0.12059688568115234,0.41283929347991943,-81.0335464477539,-6.708024501800537,0.008243435062468052
>Sequence,R,129,0.3929879069328308,107.67868649959564,H,0.6206490397453308,0.027839889749884605,0.3515110909938812,H,0.11848518997430801,0.4515311121940613,0.007061002776026726,0.009644648991525173,0.0225638709962368,0.08315674960613251,0.10014995187520981,0.20740745961666107,-70.8542709350586,-36.37110137939453,0.009439405985176563
>Sequence,D,130,0.2616262435913086,50.49386501312256,H,0.6891299486160278,0.022215133532881737,0.28865495324134827,H,0.16005370020866394,0.4751744568347931,0.004934561904519796,0.0077920714393258095,0.01911109872162342,0.060137804597616196,0.08378636091947556,0.1890099048614502,-73.50226593017578,-33.915321350097656,0.0051857237704098225
>Sequence,Y,131,0.15102434158325195,39.719401836395264,H,0.8500769138336182,0.01621607132256031,0.13370704650878906,H,0.18449242413043976,0.640786349773407,0.0060105957090854645,0.004439373966306448,0.013228951953351498,0.020316818729043007,0.06580700725317001,0.0649183988571167,-72.60546875,-32.202674865722656,0.004466674756258726
>Sequence,A,132,0.027528956532478333,3.551235392689705,H,0.8757014870643616,0.00941716879606247,0.11488135904073715,H,0.2935231924057007,0.5776093006134033,0.0015836820239201188,0.0025179742369800806,0.006110720802098513,0.011608762666583061,0.06097473204135895,0.046071648597717285,-70.96788787841797,-25.927467346191406,0.001663890085183084
>Sequence,A,133,0.06295449286699295,8.12112957984209,H,0.6715779900550842,0.030045581981539726,0.29837650060653687,H,0.24737566709518433,0.4532203674316406,0.0015694963512942195,0.006613412406295538,0.01597469300031662,0.02727026306092739,0.17557041347026825,0.07240565121173859,-76.01081085205078,-13.883980751037598,0.0013122314121574163
>Sequence,Y,134,0.18916191160678864,49.74958275258541,C,0.24091389775276184,0.15216730535030365,0.6069187521934509,T,0.1006181389093399,0.17436449229717255,0.004510712809860706,0.055307332426309586,0.09027272462844849,0.11232496052980423,0.25152966380119324,0.21107201278209686,-97.09089660644531,40.286075592041016,0.004698972217738628
>Sequence,N,135,0.2526260316371918,49.262076169252396,C,0.0850248709321022,0.09787054359912872,0.8171046376228333,C,0.02505795657634735,0.057418644428253174,0.001939201494678855,0.025954559445381165,0.07143335044384003,0.2527841329574585,0.07674623280763626,0.488665908575058,-97.1246337890625,116.1820068359375,0.005714950151741505
>Sequence,K,136,0.48941487073898315,115.50190949440002,C,0.26073935627937317,0.06358546763658524,0.6756751537322998,C,0.10039282590150833,0.14547069370746613,0.0029871922452002764,0.012582727707922459,0.04924141988158226,0.1981591284275055,0.24217893183231354,0.2489870935678482,-75.46855163574219,-10.851692199707031,0.00901030283421278
>Sequence,R,137,0.4494558870792389,123.15091305971146,C,0.28298527002334595,0.05545150116086006,0.6615632176399231,T,0.12150725722312927,0.1580788642168045,0.003874372923746705,0.01133651565760374,0.04219713807106018,0.19470945000648499,0.26539647579193115,0.20289991796016693,-81.98764038085938,-9.473974227905273,0.009878577664494514
>Sequence,K,138,0.41573938727378845,98.11449539661407,C,0.2680416405200958,0.06231727451086044,0.6696410179138184,C,0.1149510070681572,0.137210413813591,0.003567296080291271,0.0113916527479887,0.052322614938020706,0.21347357332706451,0.20798729360103607,0.2590961456298828,-85.35867309570312,12.842596054077148,0.00898142158985138
>Sequence,R,139,0.43800726532936096,120.0139907002449,C,0.1635415256023407,0.1342441737651825,0.702214241027832,C,0.05601244047284126,0.09663981199264526,0.0027285381220281124,0.025393491610884666,0.10892956703901291,0.20332744717597961,0.144282728433609,0.36268600821495056,-89.98917388916016,97.90525817871094,0.009486250579357147
>Sequence,V,140,0.19623608887195587,34.14507946372032,C,0.11777011305093765,0.23232458531856537,0.649905264377594,C,0.024988383054733276,0.08136405795812607,0.001888416358269751,0.0456506609916687,0.1751929372549057,0.17989003658294678,0.04428648576140404,0.4467390179634094,-94.62366485595703,135.6625518798828,0.006945752073079348
>Sequence,I,141,0.2036605030298233,40.12111909687519,C,0.2419353872537613,0.27055907249450684,0.4875055253505707,C,0.033622924238443375,0.193424254655838,0.004068773705512285,0.058444879949092865,0.19498443603515625,0.10441118478775024,0.0493013821542263,0.3617420792579651,-85.94590759277344,134.6642303466797,0.006026888731867075
>Sequence,G,142,0.07588188350200653,7.891715884208679,C,0.3793836832046509,0.1381152719259262,0.4825010597705841,C,0.06373396515846252,0.2734210193157196,0.004281383473426104,0.03448016196489334,0.10183201730251312,0.08468528836965561,0.06004920229315758,0.37751689553260803,-80.05050659179688,-160.1837158203125,0.003365021198987961
>Sequence,L,143,0.07308274507522583,14.689631760120392,H,0.8389763832092285,0.0180649571120739,0.14295858144760132,H,0.18228845298290253,0.6350246071815491,0.003535991534590721,0.0033117453567683697,0.014775941148400307,0.027355702593922615,0.07244022190570831,0.06126735359430313,-66.3658676147461,-31.061277389526367,0.003789624199271202
>Sequence,A,144,0.06889044493436813,8.88686739653349,H,0.8938841223716736,0.0042430320754647255,0.10187277942895889,H,0.33471372723579407,0.5538318753242493,0.0008927888702601194,0.0008513844222761691,0.002807317767292261,0.009792587719857693,0.07045608758926392,0.026654260233044624,-67.42961120605469,-26.666227340698242,0.001347232493571937
>Sequence,A,145,0.0806044489145279,10.397973909974098,H,0.8094080686569214,0.007646322716027498,0.18294553458690643,H,0.33425846695899963,0.4829348921775818,0.0010896018939092755,0.0014012871542945504,0.004426801577210426,0.01587425172328949,0.11991794407367706,0.04009667783975601,-73.51840209960938,-15.856297492980957,0.0007905237725935876
>Sequence,Y,146,0.16006965935230255,42.09832040965557,C,0.3046359717845917,0.08546613901853561,0.6098978519439697,C,0.10447884351015091,0.23831883072853088,0.005743255838751793,0.03379977121949196,0.05228601023554802,0.122917041182518,0.2025478482246399,0.2399083375930786,-92.04654693603516,39.024295806884766,0.0021522012539207935
>Sequence,R,147,0.3587339222431183,98.29309469461441,C,0.17987431585788727,0.11439824104309082,0.7057275176048279,C,0.0328756719827652,0.15187552571296692,0.003988583572208881,0.030443716794252396,0.08802343159914017,0.1835830807685852,0.09502038359642029,0.41418957710266113,-87.37242889404297,115.0591812133789,0.004369174130260944
>Sequence,R,148,0.40203937888145447,110.15878981351852,C,0.28343215584754944,0.12258220463991165,0.5939856171607971,C,0.05797382816672325,0.22036655247211456,0.0044870623387396336,0.027349552139639854,0.09610386937856674,0.13212917745113373,0.11380435526371002,0.347785621881485,-78.431884765625,24.447887420654297,0.006687692366540432
>Sequence,T,149,0.3281656801700592,56.44449698925018,C,0.28001999855041504,0.10818123072385788,0.6117988228797913,C,0.059272341430187225,0.21353158354759216,0.00504259392619133,0.022235961630940437,0.08506317436695099,0.1538955569267273,0.11487854272127151,0.3460802733898163,-89.90991973876953,6.341431617736816,0.008789807558059692
>Sequence,R,150,0.41966864466667175,114.98920863866806,C,0.37596699595451355,0.07236560434103012,0.551667332649231,H,0.07819916307926178,0.28756940364837646,0.007378528825938702,0.01297379657626152,0.05890721455216408,0.16044534742832184,0.13157780468463898,0.26294878125190735,-80.35284423828125,-24.3880558013916,0.008675936609506607
>Sequence,H,151,0.3999209702014923,89.58229732513428,C,0.3256784975528717,0.08544392138719559,0.5888776183128357,C,0.07170169055461884,0.2276833951473236,0.006520788185298443,0.015088150277733803,0.07291833311319351,0.15922097861766815,0.13018345832824707,0.31668326258659363,-84.7072525024414,-1.8497865200042725,0.01034556608647108
>Sequence,F,152,0.22049905359745026,52.91977286338806,H,0.4640171527862549,0.08796405792236328,0.44801872968673706,H,0.0785684585571289,0.3564358055591583,0.008977627381682396,0.014945734292268753,0.07448150962591171,0.10071784257888794,0.08883945643901825,0.27703359723091125,-79.57135009765625,-24.58881378173828,0.007930540479719639
>Sequence,L,153,0.22512568533420563,45.25026275217533,H,0.6527752876281738,0.05484376847743988,0.2923808693885803,H,0.1056404709815979,0.5026806592941284,0.009031879715621471,0.009681477211415768,0.049684979021549225,0.06539551168680191,0.06845751404762268,0.1894274652004242,-72.54734802246094,-32.940452575683594,0.007800830993801355
>Sequence,S,154,0.21301181614398956,33.01683150231838,H,0.6965973377227783,0.04976405203342438,0.2536386251449585,H,0.1508740484714508,0.4993402063846588,0.007672407198697329,0.0076645780354738235,0.04764938727021217,0.05330755189061165,0.07355284690856934,0.15993890166282654,-76.19184875488281,-40.1555061340332,0.0050792754627764225
>Sequence,Y,155,0.1722116619348526,45.291667088866234,H,0.8179698586463928,0.02861228957772255,0.15341788530349731,H,0.15302124619483948,0.6419286131858826,0.007953702472150326,0.004737981595098972,0.025131212547421455,0.02645355835556984,0.07263301312923431,0.06814071536064148,-76.78226470947266,-30.467601776123047,0.003714293707162142
>Sequence,A,156,0.04733975604176521,6.1068285293877125,H,0.7765815854072571,0.02930859476327896,0.19410984218120575,H,0.1769733428955078,0.6023772954940796,0.0030417770612984896,0.0044200546108186245,0.022744935005903244,0.025159066542983055,0.07669748365879059,0.08858606964349747,-75.98018646240234,-23.558502197265625,0.0019493373110890388
>Sequence,A,157,0.07607561349868774,9.813754141330719,H,0.4994516372680664,0.08685342222452164,0.41369494795799255,H,0.14205926656723022,0.41159534454345703,0.0022620856761932373,0.0110534792765975,0.060303255915641785,0.050207722932100296,0.17676371335983276,0.1457551121711731,-79.98861694335938,-8.05272388458252,0.0012753717601299286
>Sequence,Y,158,0.18182571232318878,47.82016234099865,C,0.17680242657661438,0.2750124931335449,0.5481851100921631,C,0.07186376303434372,0.1267573982477188,0.0040517463348805904,0.05814217031002045,0.19201521575450897,0.11307740956544876,0.19349373877048492,0.24059846997261047,-105.1843032836914,88.5399169921875,0.0038280498702079058
>Sequence,G,159,0.13833937048912048,14.38729453086853,C,0.10063554346561432,0.259703665971756,0.6396607756614685,C,0.03879325091838837,0.056456346064805984,0.003742251079529524,0.04518174007534981,0.19802023470401764,0.17840079963207245,0.09081315249204636,0.38859227299690247,-113.00157165527344,150.49697875976562,0.005322010722011328
>Sequence,I,160,0.29822689294815063,58.750697910785675,C,0.15202561020851135,0.23079916834831238,0.6171752214431763,C,0.07047265022993088,0.08675578236579895,0.002905077999457717,0.04339831322431564,0.1774635761976242,0.16063830256462097,0.11001180857419968,0.3483544588088989,-88.20650482177734,84.9755630493164,0.008851227350533009
>Sequence,D,161,0.39917415380477905,77.04061168432236,C,0.16692940890789032,0.12882836163043976,0.7042422294616699,C,0.07701851427555084,0.08023513108491898,0.0019847971852868795,0.030293811112642288,0.09727875888347626,0.13539503514766693,0.13866713643074036,0.4391268193721771,-89.32928466796875,78.28716278076172,0.010442598722875118
>Sequence,L,162,0.2878085672855377,57.84952202439308,C,0.25196319818496704,0.0492560975253582,0.6987806558609009,C,0.1427612155675888,0.11222118139266968,0.00234437407925725,0.012543661519885063,0.036977678537368774,0.15953239798545837,0.2001725733280182,0.3334469199180603,-82.49334716796875,-1.9895440340042114,0.012970265001058578
>Sequence,D,163,0.5800265073776245,111.94511592388153,C,0.22183571755886078,0.02364847995340824,0.7545157670974731,T,0.12194762378931046,0.08996803313493729,0.0018472502706572413,0.0057506263256073,0.016718687489628792,0.23084498941898346,0.3248648941516876,0.2080579251050949,-81.57953643798828,-10.383563041687012,0.01335222739726305
>Sequence,D,164,0.5110299587249756,98.62878203392029,C,0.17092320322990417,0.02306170016527176,0.806015133857727,T,0.0881488025188446,0.0741223618388176,0.0018180476035922766,0.007577649783343077,0.0152444364503026,0.2537854313850403,0.28535929322242737,0.2739439904689789,-93.49313354492188,22.706748962402344,0.011725975200533867
>Sequence,V,165,0.18808376789093018,32.72657561302185,C,0.15707050263881683,0.022481657564640045,0.8204478025436401,C,0.019152643159031868,0.10989155620336533,0.00120602548122406,0.00782168097794056,0.012512564659118652,0.34205448627471924,0.03768433257937431,0.4696767330169678,-84.21148681640625,136.54718017578125,0.009823041036725044
>Sequence,P,166,0.2278776466846466,36.23254582285881,C,0.33382803201675415,0.022446155548095703,0.6437258124351501,C,0.03993488475680351,0.27516525983810425,0.0012765744468197227,0.007047319319099188,0.015988782048225403,0.06820134818553925,0.06915771961212158,0.5232280492782593,-62.1170539855957,-171.03016662597656,0.007713268510997295
>Sequence,S,167,0.20230689644813538,31.357568949460983,H,0.5444512963294983,0.054299935698509216,0.4012487530708313,H,0.0788402259349823,0.39280426502227783,0.0036997341085225344,0.02015356346964836,0.042165666818618774,0.06659954786300659,0.06897450238466263,0.3267623782157898,-74.94497680664062,-50.774497985839844,0.005915082525461912
>Sequence,V,168,0.05363180860877037,9.331934697926044,H,0.8882641196250916,0.013819512911140919,0.09791643172502518,H,0.09763246774673462,0.7746171355247498,0.004297821782529354,0.0028885514475405216,0.01086205244064331,0.015822364017367363,0.03657248616218567,0.05730706453323364,-70.36981201171875,-35.94390869140625,0.004254861734807491
>Sequence,A,169,0.04093489795923233,5.280601836740971,H,0.9502350091934204,0.0031115978490561247,0.04665340110659599,H,0.18954876065254211,0.7511700391769409,0.0010893781436607242,0.0007727316115051508,0.0022573010064661503,0.004785615485161543,0.02861064299941063,0.021765517070889473,-66.16140747070312,-31.628976821899414,0.0020183126907795668
>Sequence,A,170,0.0761205404996872,9.819549724459648,H,0.9018571376800537,0.0051223584450781345,0.09302040934562683,H,0.19050106406211853,0.7104164958000183,0.0012134347343817353,0.0008602211019024253,0.0029087583534419537,0.005861805286258459,0.06733128428459167,0.020906956866383553,-70.055908203125,-23.5124568939209,0.001106258830986917
>Sequence,Y,171,0.15533389151096344,40.852813467383385,H,0.5696207284927368,0.05094263330101967,0.3794366121292114,H,0.1384131908416748,0.458773136138916,0.008466441184282303,0.014521331526339054,0.02844696305692196,0.048717837780714035,0.1980808526277542,0.10458030551671982,-88.22101593017578,-2.479062557220459,0.002276703482493758
>Sequence,M,172,0.14781701564788818,33.11101150512695,C,0.2850525379180908,0.09290319681167603,0.6220442652702332,C,0.0610448494553566,0.20890659093856812,0.00665294611826539,0.028186943382024765,0.06611739844083786,0.17197050154209137,0.10129795968532562,0.35582277178764343,-86.15402221679688,68.65180206298828,0.0029373595025390387
>Sequence,R,173,0.41471508145332336,113.6319323182106,C,0.290046751499176,0.12937235832214355,0.5805808901786804,C,0.10154853761196136,0.18847700953483582,0.005442775320261717,0.030614767223596573,0.09882280230522156,0.125577911734581,0.19294080138206482,0.256575345993042,-77.0228271484375,-8.820815086364746,0.00603337911888957
>Sequence,Y,174,0.3698241114616394,97.26374131441116,C,0.23995985090732574,0.11870857328176498,0.6413316130638123,T,0.08821310847997665,0.14412951469421387,0.0043365806341171265,0.027471715584397316,0.07917271554470062,0.17677481472492218,0.2648407220840454,0.21506080031394958,-94.22005462646484,30.614444732666016,0.00758202513679862
>Sequence,G,175,0.2543070912361145,26.447937488555908,C,0.11950691789388657,0.11507456004619598,0.765418529510498,C,0.04894468933343887,0.0546184666454792,0.003722513560205698,0.025523517280817032,0.08447350561618805,0.2600060999393463,0.17877690494060516,0.3439342677593231,-101.37342071533203,174.95726013183594,0.01176039595156908
>Sequence,R,176,0.5041664838790894,138.14161658287048,C,0.06313742697238922,0.0924326479434967,0.8444299697875977,C,0.028733137995004654,0.029410282149910927,0.0013122548116371036,0.024781065061688423,0.06583928316831589,0.31592047214508057,0.13720041513442993,0.3968031108379364,-92.27442932128906,59.21129608154297,0.010305250063538551
>Sequence,H,177,0.32430365681648254,72.64401912689209,C,0.02037806436419487,0.05165506899356842,0.9279668927192688,S,0.005772954784333706,0.009298007935285568,0.00027431498165242374,0.011254568584263325,0.0324547179043293,0.47881484031677246,0.022912882268428802,0.4392177164554596,-103.18402099609375,131.974853515625,0.0072959535755217075
>Sequence,P,178,0.2687603831291199,42.73290091753006,C,0.12413796782493591,0.0481080561876297,0.827754020690918,C,0.036462023854255676,0.07093273848295212,0.0007590772002004087,0.013862201943993568,0.03470202162861824,0.10882207751274109,0.0854036957025528,0.6490562558174133,-65.29036712646484,148.96986389160156,0.007591209374368191
>Sequence,S,179,0.20620496571063995,31.961769685149193,C,0.2397327572107315,0.06829603761434555,0.6919712424278259,C,0.08723344653844833,0.12452826648950577,0.0016347115160897374,0.0330665148794651,0.044770050793886185,0.1156419962644577,0.09552167356014252,0.4976033866405487,-80.45226287841797,-175.8839874267578,0.005992175545543432
>Sequence,F,180,0.1462019830942154,35.088475942611694,H,0.638961136341095,0.026111798360943794,0.33492714166641235,H,0.2697908580303192,0.35714423656463623,0.0037306302692741156,0.0070373015478253365,0.01753908209502697,0.06874701380729675,0.15349751710891724,0.1225133165717125,-70.80306243896484,-26.359188079833984,0.005831186193972826
>Sequence,A,181,0.06553318351507187,8.453780673444271,H,0.7697396874427795,0.012582492083311081,0.21767772734165192,G,0.39025813341140747,0.3869491517543793,0.0009833592921495438,0.003317948430776596,0.007227987516671419,0.028045691549777985,0.11742642521858215,0.06579123437404633,-70.68861389160156,-21.889184951782227,0.002215859480202198
>Sequence,A,182,0.0646531954407692,8.340262211859226,H,0.6794089078903198,0.03021772764623165,0.29037338495254517,H,0.34702068567276,0.3628087639808655,0.0013116279151290655,0.0065123410895466805,0.01659250259399414,0.033826734870672226,0.15064780414104462,0.08127953112125397,-75.5196304321289,-10.88587474822998,0.0012354713398963213
>Sequence,Y,183,0.16358868777751923,43.02382488548756,C,0.2862284779548645,0.1756972372531891,0.538074254989624,C,0.1262756586074829,0.1862417757511139,0.005052632186561823,0.052485495805740356,0.11412868648767471,0.10341492295265198,0.1721472442150116,0.24025359749794006,-96.30443572998047,57.024749755859375,0.0042222184129059315
>Sequence,K,184,0.3807309567928314,89.85250580310822,C,0.20236435532569885,0.16492335498332977,0.6327122449874878,C,0.05133073404431343,0.1422991007566452,0.004528413992375135,0.02651006542146206,0.13991844654083252,0.1866266280412674,0.0967729389667511,0.35201361775398254,-89.41511535644531,118.4579086303711,0.005169624462723732
>Sequence,E,185,0.43314507603645325,96.59135195612907,C,0.228545680642128,0.2582464814186096,0.5132078528404236,C,0.0720667690038681,0.15377464890480042,0.004236143082380295,0.04153825342655182,0.2204754799604416,0.09570952504873276,0.11344322562217712,0.298755943775177,-81.13397216796875,108.19200897216797,0.008996224962174892
>Sequence,F,186,0.23687805235385895,56.85073256492615,C,0.3043138086795807,0.1943574994802475,0.5013287663459778,C,0.09569112211465836,0.19882774353027344,0.006195357069373131,0.023496445268392563,0.16562867164611816,0.11000293493270874,0.12955139577388763,0.2706063389778137,-88.05656433105469,9.748266220092773,0.010129417292773724
>Sequence,K,187,0.40512800216674805,95.61020851135254,C,0.2923620641231537,0.13757096230983734,0.5700669884681702,C,0.08296503871679306,0.1836281567811966,0.005113653838634491,0.015937285497784615,0.12412633001804352,0.17474302649497986,0.13020990788936615,0.28327658772468567,-87.9808578491211,-0.06610021740198135,0.007589930668473244
>Sequence,T,188,0.33002951741218567,56.765076994895935,C,0.2165057212114334,0.1820804923772812,0.6014137268066406,C,0.05374076962471008,0.14912615716457367,0.003715410828590393,0.02758881077170372,0.15692771971225739,0.16785229742527008,0.09111710637807846,0.3499317765235901,-96.19121551513672,136.62112426757812,0.0053770774975419044
>Sequence,L,189,0.18193702399730682,36.56934182345867,C,0.2710207998752594,0.16422753036022186,0.5647516250610352,C,0.07312930375337601,0.16418473422527313,0.0036682419013231993,0.030141601338982582,0.1391381174325943,0.12959320843219757,0.07763528823852539,0.3825094699859619,-82.76170349121094,57.38337326049805,0.005177393555641174
>Sequence,Y,190,0.333185076713562,87.62767517566681,C,0.36282607913017273,0.13323909044265747,0.5039348602294922,H,0.12424037605524063,0.22703856229782104,0.005799515172839165,0.03345099836587906,0.10246932506561279,0.11898302286863327,0.16152115166187286,0.22649702429771423,-80.9486083984375,-10.809964179992676,0.003970741759985685
>Sequence,N,191,0.338301420211792,65.96877694129944,C,0.4236837923526764,0.12502244114875793,0.4512937664985657,T,0.18596777319908142,0.18152256309986115,0.007722359150648117,0.022598912939429283,0.10800055414438248,0.13966159522533417,0.18735988438129425,0.16716629266738892,-56.27216339111328,21.11851692199707,0.005160685162991285
>Sequence,L,192,0.0808933898806572,16.259571366012096,H,0.4568307101726532,0.09704253077507019,0.4461268186569214,H,0.21342675387859344,0.24599166214466095,0.0032622090075165033,0.0189361535012722,0.08478058874607086,0.07104869931936264,0.1201559528708458,0.2423979789018631,-80.31643676757812,-12.841814994812012,0.002864583395421505
>Sequence,A,193,0.07491502165794373,9.66403779387474,C,0.2816794812679291,0.05103849992156029,0.667281985282898,C,0.20553705096244812,0.13678742945194244,0.0006705829873681068,0.019185995683073997,0.03342684730887413,0.08908019959926605,0.19726184010505676,0.3180500566959381,-78.49121856689453,4.295788288116455,0.0012675111647695303
>Sequence,A,194,0.0801931843161583,10.34492077678442,C,0.06510426104068756,0.07748496532440186,0.8574107885360718,C,0.061448659747838974,0.029981175437569618,0.00021943375759292394,0.03164989873766899,0.05416122451424599,0.15461310744285583,0.22223255038261414,0.4456939399242401,-84.06942749023438,32.388511657714844,0.0009997844463214278
>Sequence,Y,195,0.17240308225154877,45.342010632157326,C,0.00887481588870287,0.2446441501379013,0.7464810609817505,C,0.006515217013657093,0.003989174496382475,0.0002892415504902601,0.12793904542922974,0.14476551115512848,0.1885494589805603,0.06686893105506897,0.46108344197273254,-116.43862915039062,131.99241638183594,0.0022349089849740267
>Sequence,S,196,0.21796119213104248,33.783984780311584,C,0.0069588553160429,0.09343186020851135,0.8996093273162842,C,0.0025412754621356726,0.0034002973698079586,0.00011588502093218267,0.015527540817856789,0.06901487708091736,0.23861676454544067,0.012571446597576141,0.6582119464874268,-108.74969482421875,142.27711486816406,0.00343831954523921
>Sequence,P,197,0.2918507754802704,46.40427330136299,C,0.16466203331947327,0.08222711086273193,0.7531108260154724,C,0.08888737857341766,0.0711139440536499,0.0009907098719850183,0.013402546755969524,0.0652078166604042,0.1117032840847969,0.1429721862077713,0.505722165107727,-65.03861236572266,135.35427856445312,0.008876320905983448
>Sequence,R,198,0.4772585928440094,130.76885443925858,C,0.28175318241119385,0.061756473034620285,0.6564903259277344,C,0.15315064787864685,0.12528182566165924,0.0018712657038122416,0.01442053634673357,0.04832916334271431,0.15788769721984863,0.21169568598270416,0.2873632609844208,-78.47161865234375,-15.68638801574707,0.010395518504083157
>Sequence,T,199,0.39005619287490845,67.08966517448425,C,0.29921215772628784,0.0851629376411438,0.6156249046325684,C,0.13977889716625214,0.14217489957809448,0.0029917373321950436,0.018320053815841675,0.06618032604455948,0.1592055708169937,0.17799943685531616,0.293349027633667,-93.85245513916016,17.042573928833008,0.015544451773166656
>Sequence,L,200,0.3181726336479187,63.95269936323166,C,0.26245248317718506,0.08033787459135056,0.6572096347808838,C,0.13166683912277222,0.1267874389886856,0.0024860575795173645,0.015897618606686592,0.0632806345820427,0.18538066744804382,0.16089072823524475,0.3136099874973297,-86.22831726074219,12.334328651428223,0.015752222388982773
>Sequence,N,201,0.5176172852516174,100.9353706240654,C,0.209537073969841,0.10313566774129868,0.6873272657394409,C,0.10718654096126556,0.09165976196527481,0.0024435471277683973,0.017900360748171806,0.08427370339632034,0.16509194672107697,0.18152329325675964,0.3499208688735962,-89.44221496582031,48.15715789794922,0.02738933078944683
>Sequence,A,202,0.22237779200077057,28.686735168099403,C,0.1805674135684967,0.18770338594913483,0.6317291259765625,C,0.08859165757894516,0.08257082849740982,0.0015454934909939766,0.02527599409222603,0.15877096354961395,0.1250900775194168,0.08906848728656769,0.42908644676208496,-87.7879867553711,114.6133041381836,0.021631430834531784
>Sequence,W,203,0.3465562164783478,98.76852169632912,C,0.1123313382267952,0.4192017912864685,0.4684668481349945,E,0.05546977370977402,0.05815130099654198,0.0014424363616853952,0.0519389882683754,0.3572764992713928,0.09105818718671799,0.07035467028617859,0.31430816650390625,-97.65538787841797,112.41588592529297,0.013026895001530647
>Sequence,V,204,0.22261252999305725,38.73458021879196,C,0.035062674432992935,0.4222337603569031,0.5427035689353943,C,0.01353632751852274,0.024981295689940453,0.0007029005791991949,0.0897839218378067,0.3198780119419098,0.12385878711938858,0.049094971269369125,0.37816372513771057,-108.68246459960938,127.8362808227539,0.00954537745565176
>Sequence,G,205,0.1365102082490921,14.197061657905579,C,0.0012442636070773005,0.10877905040979385,0.8899766802787781,C,0.0005459318635985255,0.00046813985682092607,7.285845640581101e-05,0.020216401666402817,0.07790625095367432,0.14550091326236725,0.011368555016815662,0.7439209818840027,171.50244140625,176.08216857910156,0.006536588538438082
>Sequence,P,206,0.17941173911094666,28.526466518640518,C,0.003557319985702634,0.0813819095492363,0.9150607585906982,C,0.0017499396344646811,0.0013229520991444588,8.461989636998624e-05,0.03193984553217888,0.04760518670082092,0.14713071286678314,0.03112821839749813,0.7390385270118713,-69.13790893554688,150.60939025878906,0.006204213481396437
>Sequence,G,207,0.1741935759782791,18.116131901741028,C,0.01770641654729843,0.04598631337285042,0.9363072514533997,C,0.008497130125761032,0.007454732432961464,0.00028086721431463957,0.03582660108804703,0.024898555129766464,0.19382327795028687,0.05157018452882767,0.677648663520813,-120.55157470703125,176.28085327148438,0.007861584424972534
>Sequence,P,208,0.2960954010486603,47.079168766736984,C,0.20517803728580475,0.02913559600710869,0.7656863927841187,T,0.16743984818458557,0.06075592711567879,0.0006119520985521376,0.012228005565702915,0.015829935669898987,0.11038868129253387,0.35389626026153564,0.27884936332702637,-61.82658767700195,144.7686767578125,0.007904695346951485
>Sequence,G,209,0.40583840012550354,42.20719361305237,C,0.29191145300865173,0.03995560482144356,0.6681329011917114,T,0.24789859354496002,0.06523838639259338,0.0017779491608962417,0.010770505294203758,0.023537788540124893,0.11474449187517166,0.39514297246932983,0.14088931679725647,23.17632484436035,-10.057835578918457,0.009338161908090115
>Sequence,L,210,0.2875153720378876,57.7905897796154,C,0.31274524331092834,0.0763731300830841,0.6108816266059875,C,0.21924568712711334,0.10789641737937927,0.0016184477135539055,0.02755194529891014,0.05091116577386856,0.13226814568042755,0.13816994428634644,0.3223382830619812,-84.54695892333984,22.390193939208984,0.011017613112926483
>Sequence,L,211,0.23909211158752441,48.05751442909241,C,0.2816426455974579,0.09365742653608322,0.6246998906135559,C,0.12267250567674637,0.13883507251739502,0.001557398703880608,0.02804977260529995,0.06639988720417023,0.1584700047969818,0.09768206626176834,0.3863332271575928,-85.98246002197266,85.34283447265625,0.01110890507698059
>Sequence,S,212,0.4502059817314148,69.7819271683693,C,0.2703528106212616,0.11968957632780075,0.6099576354026794,C,0.09313056617975235,0.16195061802864075,0.0028410847298800945,0.02552071586251259,0.09231946617364883,0.13919153809547424,0.13736440241336823,0.34768161177635193,-86.48684692382812,74.91756439208984,0.02326473407447338
>Sequence,G,213,0.30545270442962646,31.767081260681152,C,0.3126761019229889,0.14846907556056976,0.5388548374176025,C,0.09615934640169144,0.18568798899650574,0.008390427567064762,0.021897582337260246,0.12102653086185455,0.16670939326286316,0.13742341101169586,0.26270535588264465,-83.84343719482422,-88.90271759033203,0.030306674540042877
>Sequence,I,214,0.29154470562934875,57.434307008981705,C,0.33376672863960266,0.23253986239433289,0.4336933493614197,C,0.06397183239459991,0.25847068428993225,0.004410446621477604,0.032055288553237915,0.1966095268726349,0.08472565561532974,0.061944007873535156,0.2978125214576721,-84.49826049804688,43.979087829589844,0.031687039881944656
>Sequence,V,215,0.2786060571670532,48.47745394706726,C,0.36079153418540955,0.21356329321861267,0.42564523220062256,C,0.05601559579372406,0.28999873995780945,0.004680957179516554,0.021588290110230446,0.18721704185009003,0.06650975346565247,0.05772187560796738,0.31626778841018677,-83.71761322021484,25.66012954711914,0.037230852991342545
>Sequence,Q,216,0.4374757409095764,98.4320417046547,H,0.41705891489982605,0.18972040712833405,0.3932206332683563,H,0.06543604284524918,0.32553404569625854,0.00554649718105793,0.016099972650408745,0.17267867922782898,0.0631013885140419,0.0718911811709404,0.2797122299671173,-81.67524719238281,-15.050293922424316,0.04386276379227638
>Sequence,Q,217,0.46866893768310547,105.45051097869873,H,0.46190792322158813,0.1482938677072525,0.38979825377464294,H,0.07372305542230606,0.3616841435432434,0.006344498135149479,0.011985977180302143,0.13921098411083221,0.06442435830831528,0.09056830406188965,0.25205865502357483,-80.09832763671875,-18.28609275817871,0.038487184792757034
>Sequence,Q,218,0.4253232479095459,95.69773077964783,H,0.4799232482910156,0.10941386967897415,0.4106628894805908,H,0.07803618907928467,0.3749515414237976,0.007447928190231323,0.011371190659701824,0.09945561736822128,0.0684203952550888,0.10693125426769257,0.25338590145111084,-79.71785736083984,-19.505970001220703,0.03979549929499626
>Sequence,S,219,0.34539198875427246,53.53575825691223,H,0.4650421142578125,0.07303217053413391,0.461925745010376,H,0.08246513456106186,0.3634311854839325,0.006789340637624264,0.008743559941649437,0.06501375138759613,0.09486182034015656,0.10948407649993896,0.26921117305755615,-78.32066345214844,-23.335372924804688,0.034402716904878616
>Sequence,N,220,0.4767957031726837,92.97516211867332,H,0.46939265727996826,0.06584173440933228,0.4647655785083771,H,0.10080179572105408,0.3387887477874756,0.009491009637713432,0.009233412332832813,0.05798196420073509,0.09674049913883209,0.14493520557880402,0.2420273721218109,-78.2952880859375,-6.568918704986572,0.03272469714283943
>Sequence,L,221,0.2809833884239197,56.477661073207855,H,0.4959433972835541,0.09388364106416702,0.4101729691028595,H,0.10518737882375717,0.36703968048095703,0.006608194671571255,0.011691149324178696,0.08454867452383041,0.08312135189771652,0.10533855110406876,0.2364649772644043,-78.0357437133789,-19.752729415893555,0.022769887000322342
>Sequence,L,222,0.2685123383998871,53.970980018377304,C,0.40680962800979614,0.17623481154441833,0.41695553064346313,H,0.10496363788843155,0.2892681956291199,0.004259580746293068,0.021529242396354675,0.14835895597934723,0.08720581233501434,0.10206541419029236,0.24234911799430847,-82.76296997070312,5.284679412841797,0.01621285453438759
>Sequence,R,223,0.4335600435733795,118.79545193910599,C,0.27297651767730713,0.28523048758506775,0.4417930245399475,C,0.07105961441993713,0.19765698909759521,0.00321466033346951,0.03686503693461418,0.23811563849449158,0.08223037421703339,0.11253903061151505,0.25831863284111023,-90.45465850830078,73.76361846923828,0.011587260290980339
>Sequence,A,224,0.2143639326095581,27.652947306632996,C,0.09816968441009521,0.2822725772857666,0.6195577383041382,C,0.02817414328455925,0.06959933042526245,0.000949934299569577,0.06631532311439514,0.1956428438425064,0.13710209727287292,0.09639403223991394,0.4058222472667694,-98.52278900146484,122.5597915649414,0.011554112657904625
>Sequence,G,225,0.16911084949970245,17.587528347969055,C,0.001641121692955494,0.10136160254478455,0.8969972729682922,C,0.0006918524741195142,0.0005713082500733435,7.965858821989968e-05,0.02669215388596058,0.0654863566160202,0.17287380993366241,0.01492682471871376,0.7186780571937561,179.97140502929688,176.78585815429688,0.0062170312739908695
>Sequence,P,226,0.2955966591835022,46.99986881017685,C,0.0018427454633638263,0.07967516779899597,0.9184820652008057,C,0.0010419079335406423,0.0004804512718692422,5.142462396179326e-05,0.035794418305158615,0.04404619708657265,0.15803982317447662,0.031080584973096848,0.7294652462005615,-67.71343994140625,150.78781127929688,0.006139375269412994
>Sequence,G,227,0.2263670265674591,23.542170763015747,C,0.001601535826921463,0.053799957036972046,0.9445984959602356,C,0.0009817668469622731,0.000413502479204908,4.8803067329572514e-05,0.03482792526483536,0.02924523688852787,0.23011451959609985,0.02446858584880829,0.6798996329307556,-115.80626678466797,174.5054473876953,0.006748734973371029
>Sequence,P,228,0.40445980429649353,64.30910888314247,C,0.0045163389295339584,0.024630161002278328,0.9708534479141235,C,0.0036226853262633085,0.0011768200201913714,6.275571649894118e-05,0.010999073274433613,0.016106192022562027,0.32577037811279297,0.10535605996847153,0.5369061231613159,-65.44966888427734,147.44686889648438,0.004923580680042505
>Sequence,G,229,0.30011579394340515,31.212042570114136,C,0.011175282299518585,0.08016981929540634,0.9086549282073975,S,0.009676627814769745,0.002638093661516905,0.00034957280149683356,0.0360998697578907,0.049477722495794296,0.44383054971694946,0.08766504377126694,0.37026247382164,139.1687774658203,176.6800537109375,0.005910835694521666
>Sequence,P,230,0.3787194788455963,60.216397136449814,C,0.016941653564572334,0.10609757900238037,0.876960813999176,C,0.011889711022377014,0.004882334265857935,0.00021196830493863672,0.03425845503807068,0.0750303864479065,0.19707350432872772,0.05139204114675522,0.6252616047859192,-70.55948638916016,138.68209838867188,0.005905697122216225
>Sequence,I,231,0.19690513610839844,38.79031181335449,C,0.024304339662194252,0.2387489378452301,0.7369467616081238,C,0.017410440370440483,0.008332650177180767,0.0002664879139047116,0.0527040995657444,0.1799335777759552,0.2212558388710022,0.016911344602704048,0.5031855702400208,-104.32826232910156,132.19053649902344,0.006533103529363871
>Sequence,P,232,0.34173575043678284,54.33598431944847,C,0.05599193274974823,0.2331853061914444,0.7108227014541626,C,0.03461400046944618,0.018740292638540268,0.0004468741826713085,0.03043466992676258,0.18884779512882233,0.07212115824222565,0.04241601750254631,0.6123791933059692,-69.89816284179688,137.6863555908203,0.009659884497523308
>Sequence,I,233,0.2222297042608261,43.779251739382744,C,0.1513625532388687,0.29623308777809143,0.5524043440818787,C,0.1045924723148346,0.056025631725788116,0.0013884400250390172,0.042087621986866,0.2472541630268097,0.08878343552350998,0.06276563555002213,0.39710262417793274,-94.42621612548828,113.71218872070312,0.013989820145070553
>Sequence,H,234,0.39232394099235535,87.8805627822876,C,0.14673462510108948,0.3134163022041321,0.5398491024971008,C,0.09230747818946838,0.05950436368584633,0.0020511471666395664,0.030352981761097908,0.27515289187431335,0.11113177984952927,0.08430013060569763,0.34519919753074646,-101.61017608642578,107.13156127929688,0.01813148520886898
>Sequence,Y,235,0.29604360461235046,77.85946801304817,C,0.10156339406967163,0.3355245590209961,0.5629120469093323,C,0.06299647688865662,0.04876440018415451,0.0014121573185548186,0.0385323241353035,0.2896796464920044,0.11378981918096542,0.09858237206935883,0.34624284505844116,-104.34859466552734,116.12552642822266,0.012514243833720684
>Sequence,C,236,0.22355270385742188,37.33330154418945,C,0.04189891368150711,0.2807622253894806,0.6773388385772705,C,0.019460201263427734,0.02237536944448948,0.001065027667209506,0.04330367594957352,0.2156606912612915,0.16270115971565247,0.05698452517390251,0.47844937443733215,-107.21808624267578,126.67163848876953,0.015452980063855648
>Sequence,T,237,0.32311519980430603,55.57581436634064,C,0.0227680467069149,0.1071595698595047,0.8700723648071289,C,0.008261770941317081,0.012249288149178028,0.000322500680340454,0.015405824407935143,0.08356081694364548,0.25573429465293884,0.02447751723229885,0.5999879837036133,-105.03970336914062,145.55194091796875,0.013743601739406586
>Sequence,P,238,0.44495534896850586,70.74790048599243,C,0.20167472958564758,0.06510821729898453,0.7332170605659485,C,0.10797665268182755,0.08137347549200058,0.001336662913672626,0.00789843313395977,0.05086374282836914,0.14408987760543823,0.30280402302742004,0.3036571443080902,-63.777339935302734,74.34722900390625,0.018270336091518402
>Sequence,A,239,0.4453689157962799,57.45259013772011,C,0.2688135802745819,0.05525015667080879,0.6759362816810608,T,0.15490657091140747,0.11136078834533691,0.0014743071515113115,0.008717862889170647,0.04225393384695053,0.12832142412662506,0.3518611490726471,0.20110398530960083,-75.14297485351562,6.911249160766602,0.019499577581882477
>Sequence,G,240,0.29467537999153137,30.646239519119263,C,0.2684449851512909,0.11953100562095642,0.6120240092277527,T,0.13212724030017853,0.10511618107557297,0.005021802615374327,0.010682407766580582,0.10845046490430832,0.17057958245277405,0.2481195330619812,0.21990284323692322,98.13089752197266,-12.262091636657715,0.014781907200813293
>Sequence,Y,241,0.2864736318588257,75.34256517887115,C,0.20086286962032318,0.3030259311199188,0.496111124753952,C,0.0736938863992691,0.11738844960927963,0.002607205184176564,0.030909139662981033,0.26224029064178467,0.10660852491855621,0.07837813347578049,0.328174352645874,-93.70647430419922,124.52252197265625,0.013394607231020927
>Sequence,A,242,0.18522875010967255,23.89450876414776,E,0.16374361515045166,0.47753435373306274,0.358722060918808,E,0.055512577295303345,0.1053716167807579,0.0021297666244208813,0.033584363758563995,0.42097795009613037,0.06548555940389633,0.044384609907865524,0.27255353331565857,-95.04328155517578,128.4920654296875,0.014614826068282127
>Sequence,I,243,0.22676725685596466,44.67314960062504,E,0.09478171169757843,0.6490323543548584,0.25618594884872437,E,0.0309185441583395,0.07299166917800903,0.001504316576756537,0.04704253748059273,0.581692636013031,0.04299549385905266,0.032166898250579834,0.1906878650188446,-100.82525634765625,121.55870056152344,0.008902140893042088
>Sequence,L,244,0.22128668427467346,44.478623539209366,C,0.03686506301164627,0.41210848093032837,0.551026463508606,C,0.012122116982936859,0.026826748624444008,0.0005940372939221561,0.05625147372484207,0.3248777985572815,0.11291433870792389,0.05361621826887131,0.4127972722053528,-104.8319320678711,120.1883544921875,0.004834771156311035
>Sequence,G,245,0.14759989082813263,15.350388646125793,C,0.0008558524423278868,0.08080877363681793,0.9183353781700134,C,0.00036756915505975485,0.0002723277430050075,3.5281478631077334e-05,0.015120002441108227,0.055732257664203644,0.17543521523475647,0.010998976416885853,0.7420384287834167,-136.9047393798828,175.97972106933594,0.00319254701025784
>Sequence,P,246,0.3017997443675995,47.98615935444832,C,0.0019924791995435953,0.05142004042863846,0.9465874433517456,C,0.0010972967138513923,0.0006022870657034218,5.315029920893721e-05,0.02327651157975197,0.02983873523771763,0.21804533898830414,0.0407913476228714,0.6862952709197998,-68.2043228149414,151.0756072998047,0.0043076202273368835
>Sequence,G,247,0.21691584587097168,22.559247970581055,C,0.0015998425660654902,0.04061601683497429,0.9577841758728027,C,0.0008541934075765312,0.00047828705282881856,5.256972508504987e-05,0.03000665083527565,0.02117445133626461,0.26275530457496643,0.023211635649204254,0.6614669561386108,-149.35218811035156,174.16844177246094,0.005321770440787077
>Sequence,P,248,0.346947580575943,55.164665311574936,C,0.008421210572123528,0.0235467366874218,0.9680321216583252,C,0.005956480745226145,0.003007143037393689,0.00011726802040357143,0.016523269936442375,0.014058755710721016,0.26340311765670776,0.12037660926580429,0.5765573978424072,-66.11334228515625,146.71047973632812,0.005208333022892475
>Sequence,G,249,0.2714594304561615,28.231780767440796,C,0.0421546995639801,0.04918781667947769,0.908657431602478,C,0.030023911967873573,0.013688898645341396,0.000832339923363179,0.03293794021010399,0.02826959826052189,0.3609820604324341,0.12475995719432831,0.40850526094436646,110.6898193359375,-179.3761749267578,0.008914955891668797
>Sequence,P,250,0.37282702326774597,59.27949669957161,C,0.12868648767471313,0.050472650676965714,0.8208407759666443,C,0.09937874972820282,0.042836520820856094,0.0006251857848837972,0.013585550710558891,0.039794426411390305,0.16155606508255005,0.15117968618869781,0.4910437762737274,-67.97359466552734,124.31684112548828,0.008760870434343815
>Sequence,E,251,0.5495603084564209,122.55194878578186,C,0.18069474399089813,0.1650082767009735,0.6542969942092896,C,0.14778943359851837,0.051793113350868225,0.0011873118346557021,0.027541428804397583,0.1325223445892334,0.19036073982715607,0.13857971131801605,0.3102259039878845,-90.86978149414062,84.60974884033203,0.011775112710893154
>Sequence,V,252,0.2808331549167633,48.864968955516815,C,0.11428409069776535,0.29688772559165955,0.5888281464576721,C,0.0671456828713417,0.050567757338285446,0.001640003640204668,0.047095347195863724,0.2471035271883011,0.12336529046297073,0.05086173862218857,0.41222062706947327,-98.11640167236328,118.73332214355469,0.012792348861694336
>Sequence,I,253,0.14741474390029907,29.040704548358917,C,0.08887821435928345,0.28271573781967163,0.6284061074256897,C,0.03374141454696655,0.05323202908039093,0.00100715272128582,0.031058819964528084,0.24719123542308807,0.14413540065288544,0.018711186945438385,0.4709227979183197,-99.48699951171875,125.18887329101562,0.008468670770525932
>Sequence,P,254,0.2695101797580719,42.85211858153343,C,0.12977094948291779,0.22253264486789703,0.6476964354515076,C,0.05144312605261803,0.06120188906788826,0.0010814691195264459,0.021963393315672874,0.19332623481750488,0.06055280566215515,0.05349203944206238,0.5569390654563904,-67.27079772949219,141.5357666015625,0.010974819771945477
>Sequence,M,255,0.1902867555618286,42.62423324584961,C,0.2445494383573532,0.2057708203792572,0.5496797561645508,C,0.1093829870223999,0.11763080209493637,0.002896752441301942,0.03508937731385231,0.16942517459392548,0.09136345237493515,0.09997163712978363,0.37423986196517944,-85.59109497070312,23.52294921875,0.013479925692081451
>Sequence,F,256,0.24705655872821808,59.29357409477234,C,0.3180190622806549,0.18534046411514282,0.49664047360420227,C,0.12717747688293457,0.17100489139556885,0.004158773925155401,0.02640005759894848,0.15294547379016876,0.11500509828329086,0.10966970026493073,0.2936384975910187,-90.81520080566406,28.094282150268555,0.018415281549096107
>Sequence,S,257,0.3260310888290405,50.53481876850128,C,0.31211110949516296,0.1656680703163147,0.5222208499908447,C,0.10882531851530075,0.17823849618434906,0.003924703691154718,0.023028384894132614,0.13908632099628448,0.11370623111724854,0.10040688514709473,0.33278363943099976,-88.25080871582031,24.10355567932129,0.02242383174598217
>Sequence,A,258,0.2940720021724701,37.93528828024864,C,0.3791910409927368,0.12159664183855057,0.4992123246192932,C,0.12090782076120377,0.2357400804758072,0.003837895579636097,0.017349939793348312,0.1051788330078125,0.10206440091133118,0.13619466125965118,0.27872639894485474,-79.74857330322266,-8.945082664489746,0.029804764315485954
>Sequence,L,259,0.2848033607006073,57.24547550082207,C,0.37157630920410156,0.10966097563505173,0.5187626481056213,C,0.115948885679245,0.23749445378780365,0.003485161578282714,0.018944919109344482,0.08997379243373871,0.11486924439668655,0.1366376280784607,0.28264591097831726,-83.4054183959961,0.7237920165061951,0.028725093230605125
>Sequence,S,260,0.40673860907554626,63.04448440670967,C,0.3027474284172058,0.09414223581552505,0.6031103134155273,C,0.09809881448745728,0.18508461117744446,0.0035090630408376455,0.015337572433054447,0.07644397765398026,0.1421050876379013,0.1544671654701233,0.32495367527008057,-85.7126693725586,6.149596691131592,0.03938363119959831
>Sequence,E,261,0.6167766451835632,137.5411918759346,C,0.3024209439754486,0.08202335238456726,0.6155557632446289,T,0.10341321676969528,0.1834738701581955,0.0035489872097969055,0.012271273881196976,0.0703241303563118,0.14500635862350464,0.25122925639152527,0.23073290288448334,-80.86112976074219,1.4261988401412964,0.03635922074317932
>Sequence,G,262,0.36539676785469055,38.00126385688782,C,0.2619876265525818,0.12225598841905594,0.6157563924789429,C,0.09783852845430374,0.13423705101013184,0.005740206688642502,0.015816818922758102,0.10360626876354218,0.1606195569038391,0.22768796980381012,0.2544536292552948,-83.15135192871094,-10.970890045166016,0.035947032272815704
>Sequence,A,263,0.22578874230384827,29.126747757196426,C,0.15514269471168518,0.22269026935100555,0.6221669912338257,C,0.05106528475880623,0.09589063376188278,0.0013532338198274374,0.04322395101189613,0.17159926891326904,0.10126614570617676,0.10369858145713806,0.4319028854370117,-86.90364074707031,113.76838684082031,0.022714296355843544
>Sequence,T,264,0.32159852981567383,55.3149471282959,C,0.052588190883398056,0.2459300011396408,0.701481819152832,C,0.01780364103615284,0.037076447159051895,0.0009899213910102844,0.08326347172260284,0.15879246592521667,0.17926940321922302,0.10264435410499573,0.4201602637767792,-109.53541564941406,84.21332550048828,0.009925443679094315
>Sequence,G,265,0.16114620864391327,16.75920569896698,C,0.0015924385515972972,0.10107512772083282,0.8973324298858643,C,0.0005932534113526344,0.0005321285570971668,8.693199924891815e-05,0.022504014894366264,0.06538775563240051,0.2752065658569336,0.011379793286323547,0.6243094801902771,174.53701782226562,179.84860229492188,0.004604374058544636
>Sequence,P,266,0.2755261957645416,43.80866512656212,C,0.003747253678739071,0.09627218544483185,0.8999805450439453,C,0.002149478765204549,0.0012788743479177356,0.00011244486813666299,0.046967633068561554,0.05593332275748253,0.20545323193073273,0.048047974705696106,0.6400570869445801,-69.95603942871094,150.32431030273438,0.005817689001560211
>Sequence,G,267,0.17123503983020782,17.808444142341614,C,0.01642857864499092,0.06983701139688492,0.9137343764305115,C,0.010414600372314453,0.0050729201175272465,0.0004731957451440394,0.05474561080336571,0.036266982555389404,0.27463749051094055,0.06686276197433472,0.5515264272689819,170.8765411376953,-179.4415740966797,0.008973708376288414
>Sequence,P,268,0.31811246275901794,50.57988157868385,C,0.10009905695915222,0.041852787137031555,0.858048141002655,T,0.08651532232761383,0.024224424734711647,0.0006397696561180055,0.017580699175596237,0.0199948251247406,0.14514251053333282,0.49024856090545654,0.2156539261341095,-62.38395690917969,130.85049438476562,0.010149747133255005
>Sequence,G,269,0.25698018074035645,26.72593879699707,C,0.17112959921360016,0.056121792644262314,0.772748589515686,T,0.13542333245277405,0.04189183935523033,0.0017696985742077231,0.015373230911791325,0.03380497172474861,0.15097090601921082,0.4497101902961731,0.1710558533668518,83.28437042236328,-0.3135625422000885,0.006938319653272629
>Sequence,Y,270,0.290974497795105,76.52629292011261,C,0.1781923919916153,0.16589109599590302,0.6559165120124817,C,0.07932063192129135,0.08477818965911865,0.0021018637344241142,0.042674776166677475,0.12271567434072495,0.15054845809936523,0.09863689541816711,0.4192235469818115,-89.13197326660156,101.02218627929688,0.008759288117289543
>Sequence,K,271,0.4354532063007355,102.76695668697357,C,0.22825956344604492,0.2310597151517868,0.5406807065010071,C,0.06160557642579079,0.1434129774570465,0.0028941326308995485,0.027341073378920555,0.20996145904064178,0.1375279724597931,0.0663762092590332,0.35088062286376953,-92.02323913574219,117.8188705444336,0.007047259248793125
>Sequence,R,272,0.37440598011016846,102.58723855018616,C,0.30289986729621887,0.34077686071395874,0.35632333159446716,E,0.06629208475351334,0.207537442445755,0.004855514504015446,0.023057961836457253,0.32306012511253357,0.06683076173067093,0.04887111485004425,0.2594950199127197,-87.73481750488281,109.17660522460938,0.010143292136490345
>Sequence,W,273,0.1983748972415924,56.536845713853836,E,0.35354083776474,0.40959152579307556,0.23686757683753967,E,0.06901999562978745,0.25323471426963806,0.005374233704060316,0.01747730001807213,0.401645690202713,0.032902102917432785,0.03399758040904999,0.1863483041524887,-87.74589538574219,96.40679168701172,0.009367117658257484
>Sequence,I,274,0.17703455686569214,34.87580770254135,E,0.3494417071342468,0.4844103753566742,0.16614790260791779,E,0.04792823642492294,0.2927515208721161,0.005313357338309288,0.014605244621634483,0.46848979592323303,0.0245360154658556,0.026497848331928253,0.11987791210412979,-88.49191284179688,58.00033187866211,0.009285271167755127
>Sequence,I,275,0.1724322885274887,33.969160839915276,E,0.34871697425842285,0.4754839539527893,0.17579910159111023,E,0.04682173207402229,0.3043745756149292,0.005559433251619339,0.013200429268181324,0.451158344745636,0.02542569302022457,0.036151908338069916,0.11730793863534927,-89.02806091308594,51.84937286376953,0.008685518056154251
>Sequence,L,276,0.24098201096057892,48.43738420307636,H,0.39326122403144836,0.28427937626838684,0.32245934009552,H,0.07145915925502777,0.32229435443878174,0.006160958204418421,0.011794901452958584,0.25740763545036316,0.05349793657660484,0.10838097333908081,0.16900406777858734,-85.54598999023438,19.62145233154297,0.010150868445634842
>Sequence,G,277,0.2571467459201813,26.743261575698853,C,0.28947722911834717,0.18162906169891357,0.5288936495780945,C,0.07737997174263,0.19094796478748322,0.008255315013229847,0.011424080468714237,0.15934088826179504,0.11218021810054779,0.21052168309688568,0.22994981706142426,-71.75161743164062,-29.03560447692871,0.014163135550916195
>Sequence,L,278,0.2733672857284546,54.94682443141937,C,0.35533592104911804,0.11726617068052292,0.527397871017456,C,0.11401253938674927,0.22927463054656982,0.00529231084510684,0.012424018234014511,0.10236440598964691,0.1302504539489746,0.1721358746290207,0.23424574732780457,-80.7540512084961,-9.66524887084961,0.014490677043795586
>Sequence,N,279,0.4688529372215271,91.42632275819778,C,0.3203931748867035,0.09857204556465149,0.581034779548645,C,0.10515435039997101,0.18492799997329712,0.006449799053370953,0.00878208875656128,0.08892414718866348,0.15357083082199097,0.20726680755615234,0.24492406845092773,-84.65221405029297,11.62831974029541,0.01926468312740326
>Sequence,K,280,0.4057336449623108,95.75314021110535,C,0.2818213105201721,0.18537001311779022,0.5328086614608765,C,0.07818853855133057,0.18377137184143066,0.005026167258620262,0.015730135142803192,0.17156685888767242,0.14068377017974854,0.1121193915605545,0.29291385412216187,-90.61243438720703,59.96100997924805,0.01671975664794445
>Sequence,I,281,0.23887179791927338,47.057744190096855,E,0.1647319495677948,0.455463171005249,0.3798048496246338,E,0.035926446318626404,0.1271553784608841,0.002675680909305811,0.02922339364886284,0.42357516288757324,0.064412921667099,0.03547784313559532,0.28155311942100525,-95.22818756103516,121.27552032470703,0.016028983518481255
>Sequence,V,282,0.20066341757774353,34.915434658527374,E,0.10865192860364914,0.5954470038414001,0.2959010601043701,E,0.02406921237707138,0.08255679905414581,0.0024624448269605637,0.03232298418879509,0.5494499206542969,0.04340675100684166,0.024840040132403374,0.24089176952838898,-98.45922088623047,123.9850845336914,0.01690162904560566
>Sequence,R,283,0.3954806327819824,108.36169338226318,E,0.07204928994178772,0.6364075541496277,0.291543185710907,E,0.018967799842357635,0.05267847329378128,0.001720895292237401,0.0401986688375473,0.5938816666603088,0.045700255781412125,0.0402902215719223,0.20656204223632812,-94.11262512207031,120.3284683227539,0.008137191645801067
>Sequence,M,284,0.22180292010307312,49.68385410308838,C,0.02323448844254017,0.3983926475048065,0.5783728361129761,C,0.007213562726974487,0.01663854531943798,0.0006390956696122885,0.0574120357632637,0.31496530771255493,0.12472475320100784,0.04764954373240471,0.43075716495513916,-110.28733825683594,128.03761291503906,0.005697759333997965
>Sequence,G,285,0.1601305603981018,16.653578281402588,C,0.000826666597276926,0.08629270642995834,0.9128806591033936,C,0.0003338871174491942,0.00023328933457378298,4.489774437388405e-05,0.014757029712200165,0.05723264068365097,0.17345553636550903,0.009419932961463928,0.744522750377655,154.60252380371094,-178.56719970703125,0.0040637473575770855
>Sequence,P,286,0.22746053338050842,36.16622480750084,C,0.0017156271496787667,0.05338587984442711,0.9448985457420349,C,0.0008418163051828742,0.00047011347487568855,3.5977278457721695e-05,0.027478989213705063,0.027088016271591187,0.16783861815929413,0.020455174148082733,0.7557912468910217,-69.1756591796875,151.3690185546875,0.00409309146925807
>Sequence,G,287,0.15427722036838531,16.044830918312073,C,0.004547149408608675,0.028974397107958794,0.9664784669876099,C,0.0023532581981271505,0.0013721211580559611,5.376760964281857e-05,0.028951458632946014,0.01359945721924305,0.16685990989208221,0.02472291886806488,0.7620871663093567,-100.9261474609375,172.64244079589844,0.0045812432654201984
>Sequence,P,288,0.31619787216186523,50.27546167373657,C,0.09844930469989777,0.02217443846166134,0.879376232624054,T,0.089915931224823,0.015000284649431705,0.0003261083911638707,0.010324412025511265,0.0073548066429793835,0.11452590674161911,0.6298640966415405,0.132688507437706,-60.65700149536133,126.73680114746094,0.007171101402491331
>Sequence,G,289,0.32725369930267334,34.03438472747803,C,0.13587351143360138,0.022356461733579636,0.8417700529098511,T,0.1491800844669342,0.017476215958595276,0.0006571721169166267,0.006780873518437147,0.0108040077611804,0.1260952353477478,0.5752007961273193,0.11380558460950851,80.15571594238281,-3.233588457107544,0.00611593434587121
>Sequence,H,290,0.3803030848503113,85.18789100646973,C,0.12676146626472473,0.11411159485578537,0.7591269612312317,C,0.10009536892175674,0.03554708510637283,0.0009890265064314008,0.04341352358460426,0.07184100896120071,0.1862650066614151,0.10848258435726166,0.45336636900901794,-94.50557708740234,99.64961242675781,0.014363759197294712
>Sequence,S,291,0.291679710149765,45.21035507321358,C,0.0779549777507782,0.20673130452632904,0.7153136730194092,C,0.057579804211854935,0.02761588618159294,0.0007321630837395787,0.05358221381902695,0.1446000337600708,0.1620623618364334,0.06520716845989227,0.4886203706264496,-105.03762817382812,142.439697265625,0.012899260967969894
>Sequence,D,292,0.4702170491218567,90.75189048051834,C,0.08260642737150192,0.22943009436130524,0.6879634261131287,C,0.052225057035684586,0.0318823903799057,0.0009193387231789529,0.04648825153708458,0.1759355515241623,0.12610140442848206,0.08369472622871399,0.48275333642959595,-97.94290924072266,97.93060302734375,0.02058112621307373
>Sequence,Y,293,0.279723197221756,73.56720086932182,C,0.08415456116199493,0.25886446237564087,0.6569810509681702,C,0.04777603596448898,0.04324059933423996,0.001376088010147214,0.05279010534286499,0.2018153816461563,0.10779678076505661,0.08965080976486206,0.45555421710014343,-95.59430694580078,111.47976684570312,0.03034953959286213
>Sequence,K,294,0.5050508379936218,119.19199776649475,C,0.10509272664785385,0.14350222051143646,0.7514050602912903,C,0.0315302349627018,0.06571094691753387,0.0016354990657418966,0.01964583806693554,0.12069390714168549,0.25166890025138855,0.07507160305976868,0.4340430796146393,-96.14826965332031,62.80717849731445,0.025863293558359146
>Sequence,S,295,0.3147444427013397,48.78538861870766,C,0.08139017224311829,0.17709001898765564,0.7415197491645813,C,0.0158443134278059,0.06066548824310303,0.0012251139851287007,0.04396713525056839,0.12242713570594788,0.15199428796768188,0.031380150467157364,0.5724964141845703,-103.06293487548828,156.84750366210938,0.024355795234441757
>Sequence,F,296,0.265470415353775,63.712899684906006,H,0.7906978130340576,0.018285349011421204,0.19101686775684357,H,0.0928325429558754,0.6715279817581177,0.005299747455865145,0.0034934761933982372,0.015194157138466835,0.04194428026676178,0.07324886322021484,0.09645897895097733,-65.45404815673828,-34.8628044128418,0.027520621195435524
>Sequence,E,297,0.563847541809082,125.7380018234253,H,0.8382512331008911,0.015193518251180649,0.14655517041683197,H,0.07962724566459656,0.7346049547195435,0.005590428598225117,0.0020528456661850214,0.015741776674985886,0.025413040071725845,0.06075878441333771,0.07621091604232788,-66.38065338134766,-37.10143280029297,0.03170465677976608
>Sequence,D,298,0.38516250252723694,74.33636298775673,H,0.859048068523407,0.011927474290132523,0.12902438640594482,H,0.0877683088183403,0.7388479113578796,0.007923943921923637,0.0023175650276243687,0.012403239496052265,0.017637891694903374,0.050817862153053284,0.08228330314159393,-70.21580505371094,-32.21438217163086,0.034039150923490524
>Sequence,A,299,0.1487145870923996,19.184181734919548,H,0.8210672736167908,0.014063350856304169,0.16486936807632446,H,0.05177048593759537,0.7583361864089966,0.006737651769071817,0.0025719930417835712,0.011162228882312775,0.021565964445471764,0.04717389866709709,0.10068155080080032,-68.23184967041016,-33.991676330566406,0.03306058794260025
>Sequence,K,300,0.39675962924957275,93.63527250289917,H,0.6991711854934692,0.027122320607304573,0.27370649576187134,H,0.06635791063308716,0.6282603740692139,0.00982101634144783,0.005907903891056776,0.01954244263470173,0.0378350205719471,0.10998077690601349,0.12229453772306442,-71.81890869140625,-28.192466735839844,0.030267851427197456
>Sequence,A,301,0.35493728518486023,45.78690978884697,H,0.5788463950157166,0.031743332743644714,0.38941022753715515,H,0.08121075481176376,0.48743271827697754,0.009200693108141422,0.006176558788865805,0.024856742471456528,0.06631007045507431,0.15345148742198944,0.17136088013648987,-73.52027130126953,-22.06299591064453,0.03441383317112923
>Sequence,N,302,0.44799989461898804,87.35997945070267,C,0.4429576098918915,0.04179186373949051,0.515250563621521,H,0.08248353004455566,0.3341454565525055,0.009865053929388523,0.008733500726521015,0.028721356764435768,0.09622786939144135,0.24758660793304443,0.19223660230636597,-85.88105773925781,3.671400785446167,0.02356727607548237
>Sequence,C,303,0.16374902427196503,27.34608705341816,C,0.19225074350833893,0.12986382842063904,0.6778854131698608,C,0.04024609550833702,0.13693073391914368,0.004438933450728655,0.035519104450941086,0.08644398301839828,0.15828898549079895,0.1500491499900818,0.38808298110961914,-92.96829986572266,64.18235778808594,0.015275862067937851
>Sequence,A,304,0.2391868531703949,30.85510405898094,C,0.043430183082818985,0.16477058827877045,0.7917992472648621,C,0.011824612505733967,0.027886567637324333,0.0007455174927599728,0.07546500116586685,0.09426222741603851,0.18333061039447784,0.10087966173887253,0.5056058168411255,-98.37291717529297,109.5925521850586,0.011581100523471832
>Sequence,G,305,0.16667121648788452,17.33380651473999,C,0.0018872079672291875,0.09306897968053818,0.9050438404083252,C,0.0007419537287205458,0.0006422195001505315,0.00013078974734526128,0.03365832939743996,0.054320089519023895,0.2660228908061981,0.018465857952833176,0.6260178685188293,135.94178771972656,-179.05296325683594,0.006477569695562124
>Sequence,P,306,0.22944258153438568,36.48137046396732,C,0.0020166283939033747,0.07442831248044968,0.9235550165176392,C,0.0010239067487418652,0.0005784937529824674,5.818622594233602e-05,0.040338557213544846,0.038766298443078995,0.1555500030517578,0.02528110332787037,0.7384033799171448,-68.67141723632812,151.5375518798828,0.0050077177584171295
>Sequence,G,307,0.15944482386112213,16.5822616815567,C,0.004100029356777668,0.037676528096199036,0.9582234621047974,C,0.002023698529228568,0.0013314448297023773,7.310198998311535e-05,0.0350143201649189,0.018261238932609558,0.1858167052268982,0.028949707746505737,0.7285297513008118,-107.99725341796875,174.10523986816406,0.005964596290141344
>Sequence,P,308,0.29608219861984253,47.07706958055496,C,0.06505385786294937,0.02391301654279232,0.9110330939292908,T,0.05590473487973213,0.013079962693154812,0.00024811530602164567,0.011482291854918003,0.00939764454960823,0.13737379014492035,0.5987542867660522,0.17375916242599487,-60.54844284057617,130.70628356933594,0.007485404144972563
>Sequence,G,309,0.28091493248939514,29.215152978897095,C,0.13883425295352936,0.03242119401693344,0.8287444710731506,T,0.13869883120059967,0.02186409942805767,0.0010387590155005455,0.010374878533184528,0.01605229638516903,0.15042687952518463,0.5410885214805603,0.12045568972826004,80.74066925048828,-5.17104959487915,0.007629635278135538
>Sequence,K,310,0.46985721588134766,110.88630294799805,C,0.17493072152137756,0.14024509489536285,0.6848242282867432,C,0.11443695425987244,0.06727822870016098,0.0014366628602147102,0.04196340963244438,0.09690267592668533,0.1990373283624649,0.14521880447864532,0.3337258994579315,-92.90177154541016,68.76567077636719,0.013864143751561642
>Sequence,S,311,0.29826200008392334,46.23061001300812,C,0.14513351023197174,0.22931843996047974,0.6255480051040649,C,0.08358844369649887,0.06258674710988998,0.0015517198480665684,0.040209829807281494,0.18035216629505157,0.17260052263736725,0.08063829690217972,0.3784722685813904,-104.91435241699219,140.64260864257812,0.009764750488102436
>Sequence,D,312,0.4534752368927002,87.52072072029114,C,0.178358256816864,0.235586479306221,0.5860552787780762,C,0.07226365059614182,0.09373486042022705,0.0024930108338594437,0.031229203566908836,0.20051369071006775,0.12308867275714874,0.07737023383378983,0.3993067145347595,-93.47969055175781,84.9867935180664,0.016709323972463608
>Sequence,V,313,0.22410763800144196,38.9947290122509,C,0.2628994584083557,0.28004565834999084,0.45705488324165344,C,0.08655111491680145,0.1681511551141739,0.005826384760439396,0.03061063587665558,0.24217179417610168,0.08480717241764069,0.07388539612293243,0.30799639225006104,-89.72466278076172,66.5385971069336,0.022641442716121674
>Sequence,L,314,0.2559632360935211,51.448610454797745,C,0.2981002926826477,0.2533641457557678,0.44853562116622925,C,0.08192440867424011,0.2033018320798874,0.003948366269469261,0.02164863608777523,0.22985641658306122,0.09126793593168259,0.07796213030815125,0.29009026288986206,-87.90377807617188,52.073116302490234,0.014819496311247349
>Sequence,T,315,0.272879958152771,46.93535280227661,C,0.2561057209968567,0.28062885999679565,0.4632653594017029,C,0.0607789047062397,0.1885395348072052,0.0047096204943954945,0.01832803711295128,0.2555992305278778,0.10568876564502716,0.07063334435224533,0.2957225441932678,-95.58431243896484,118.72826385498047,0.014025218784809113
>Sequence,T,316,0.2998621463775635,51.57628917694092,C,0.2823276221752167,0.3260199725627899,0.3916524648666382,E,0.06075824052095413,0.21404141187667847,0.006242552772164345,0.015425696969032288,0.3066480755805969,0.09290316700935364,0.06239806488156319,0.2415827363729477,-95.09226989746094,94.72212982177734,0.011983999982476234
>Sequence,W,317,0.242762953042984,69.18744161725044,E,0.32154038548469543,0.3907792866230011,0.28768035769462585,E,0.07038604468107224,0.23889729380607605,0.00742429681122303,0.01559083815664053,0.37194713950157166,0.060272347182035446,0.05741765722632408,0.17806440591812134,-92.46414184570312,76.93760681152344,0.011177314445376396
>Sequence,L,318,0.19809597730636597,39.81729143857956,E,0.3049860894680023,0.39657145738601685,0.29844245314598083,E,0.06622714549303055,0.23613105714321136,0.005501485895365477,0.017018930986523628,0.37396830320358276,0.0563073456287384,0.05708057060837746,0.18776513636112213,-89.03379821777344,66.7406234741211,0.013197467662394047
>Sequence,I,319,0.19200395047664642,37.824778243899345,E,0.2273721545934677,0.4886080026626587,0.2840198576450348,E,0.0419028103351593,0.1826472282409668,0.004560442641377449,0.017142612487077713,0.46379658579826355,0.05190670117735863,0.03600916266441345,0.20203447341918945,-96.80145263671875,111.41954803466797,0.014980506151914597
>Sequence,D,320,0.3224714398384094,62.23698788881302,E,0.2207152098417282,0.39739659428596497,0.381888210773468,E,0.047453515231609344,0.1654614508152008,0.004543293733149767,0.015111582353711128,0.3808659613132477,0.06337259709835052,0.0592295303940773,0.2639620900154114,-91.70533752441406,95.36051177978516,0.012109793722629547
>Sequence,Y,321,0.23772570490837097,62.521860390901566,E,0.22383742034435272,0.4168722331523895,0.35929030179977417,E,0.054000310599803925,0.16862766444683075,0.006101855076849461,0.02193361520767212,0.382354736328125,0.06095712631940842,0.0698557049036026,0.2361689954996109,-96.41781616210938,99.83126831054688,0.01703188568353653
>Sequence,V,322,0.2534259557723999,44.09611630439758,E,0.21128198504447937,0.4080389440059662,0.38067904114723206,E,0.0608348473906517,0.14121350646018982,0.0050851451233029366,0.0221317820250988,0.37766191363334656,0.061864081770181656,0.06093001738190651,0.2702786922454834,-93.7665023803711,110.69255828857422,0.022652555257081985
>Sequence,E,323,0.5641605257987976,125.80779725313187,C,0.2239256203174591,0.3113340735435486,0.4647403657436371,E,0.0685698390007019,0.13945791125297546,0.004253981169313192,0.016085291281342506,0.2982054650783539,0.09777753800153732,0.11777576804161072,0.25787419080734253,-89.37300872802734,65.01756286621094,0.017130563035607338
>Sequence,D,324,0.4533621072769165,87.49888670444489,C,0.10904622822999954,0.23223648965358734,0.6587172746658325,C,0.039021916687488556,0.06271849572658539,0.0020899432711303234,0.031400032341480255,0.175875723361969,0.17337356507778168,0.1902281492948532,0.3252921998500824,-101.23858642578125,65.13471984863281,0.012197533622384071
>Sequence,G,325,0.1777956485748291,18.490747451782227,C,0.0025137474294751883,0.09232092648744583,0.9051653146743774,C,0.0010632523335516453,0.0009120762697421014,0.00016069819685071707,0.018897172063589096,0.0675087422132492,0.2545176148414612,0.022489801049232483,0.6344506144523621,153.2421112060547,175.49066162109375,0.00890305358916521
>Sequence,P,326,0.3017910122871399,47.98477095365524,C,0.0012512532994151115,0.08385980129241943,0.9148889183998108,C,0.0007460600463673472,0.0003307634615339339,5.6471377320121974e-05,0.03844485431909561,0.047523047775030136,0.14175209403038025,0.026498137041926384,0.7446484565734863,-68.25218963623047,151.9288787841797,0.007957969792187214
>Sequence,G,327,0.18274331092834473,19.00530433654785,C,0.0006767957820557058,0.039588283747434616,0.9597349166870117,C,0.0004029845295008272,0.00018372693739365786,2.8620665034395643e-05,0.027649827301502228,0.021771198138594627,0.1768002063035965,0.020639430731534958,0.7525240182876587,-101.22088623046875,170.64317321777344,0.007017149124294519
>Sequence,P,328,0.30894118547439575,49.121648490428925,C,0.0044298660941421986,0.040770839899778366,0.9547991752624512,C,0.0035788079258054495,0.0013939880300313234,0.00014349512639455497,0.030507061630487442,0.022141167894005775,0.32490748167037964,0.12868741154670715,0.48864057660102844,-67.02789306640625,142.8809356689453,0.00830779131501913
>Sequence,G,329,0.17548783123493195,18.250734448432922,C,0.017195027321577072,0.0707998275756836,0.9120050668716431,S,0.013462557457387447,0.004843788221478462,0.0005379105568863451,0.04403715580701828,0.03810138627886772,0.41740936040878296,0.10000631958246231,0.3816014528274536,145.40069580078125,174.3444366455078,0.007819517515599728
>Sequence,P,330,0.4317333400249481,68.64560106396675,C,0.06685992330312729,0.06996704638004303,0.8631731271743774,C,0.053142134100198746,0.02401040308177471,0.0005152796511538327,0.018735116347670555,0.0526449978351593,0.20035824179649353,0.18594211339950562,0.46465176343917847,-68.97549438476562,119.97833251953125,0.009800891391932964
>Sequence,N,331,0.4050866961479187,78.99190574884415,C,0.12885288894176483,0.22772784531116486,0.6434192657470703,C,0.11607713252305984,0.03806360438466072,0.0016159344231709838,0.029493942856788635,0.18055459856987,0.1684519350528717,0.1496700793504715,0.3160727620124817,-103.65548706054688,104.92608642578125,0.013745591975748539
>Sequence,E,332,0.49659353494644165,110.74035829305649,C,0.14360672235488892,0.3825680911540985,0.47382524609565735,E,0.08153173327445984,0.06369855254888535,0.0019809401128441095,0.036838069558143616,0.34386423230171204,0.07696963101625443,0.06383418291807175,0.3312826156616211,-97.76742553710938,116.49799346923828,0.024757452309131622
>Sequence,I,333,0.18865863978862762,37.16575203835964,C,0.14792712032794952,0.4173334538936615,0.4347394108772278,E,0.06148989498615265,0.08349855244159698,0.0015829240437597036,0.028513293713331223,0.3823058307170868,0.05437549203634262,0.03579239547252655,0.352441668510437,-97.15613555908203,117.26344299316406,0.02600909397006035
>Sequence,K,334,0.4535749852657318,107.04369652271271,C,0.15608453750610352,0.3628426492214203,0.48107287287712097,C,0.05633673444390297,0.08861453086137772,0.002070704707875848,0.023981226608157158,0.3455687463283539,0.07153286784887314,0.06008967384696007,0.35180550813674927,-93.02137756347656,113.3587646484375,0.023849157616496086
>Sequence,Y,335,0.2243383377790451,59.00098283588886,E,0.14004835486412048,0.454187273979187,0.4057643711566925,E,0.04388244450092316,0.08961911499500275,0.0017928853631019592,0.021794773638248444,0.4351930022239685,0.05958284065127373,0.03649092838168144,0.31164389848709106,-100.51068115234375,131.09750366210938,0.018840955570340157
>Sequence,K,336,0.40417397022247314,95.38505697250366,E,0.18936748802661896,0.45044150948524475,0.36019107699394226,E,0.04659247398376465,0.12550431489944458,0.0027867795433849096,0.02134108543395996,0.4340576231479645,0.04968898743391037,0.035450659692287445,0.2845781147480011,-93.58312225341797,120.57545471191406,0.018096202984452248
>Sequence,I,337,0.17933952808380127,35.32988703250885,E,0.1969987154006958,0.5384865999221802,0.26451462507247925,E,0.04067827761173248,0.1482025533914566,0.0027400620747357607,0.023154182359576225,0.5200830101966858,0.029596544802188873,0.029669083654880524,0.2058762162923813,-92.76686096191406,109.88773345947266,0.017245477065443993
>Sequence,L,338,0.21213167905807495,42.638467490673065,C,0.2914195954799652,0.33604657649993896,0.37253379821777344,E,0.07685178518295288,0.19278395175933838,0.0034453263506293297,0.016303028911352158,0.3219609558582306,0.054454658180475235,0.06188898906111717,0.27231132984161377,-86.94879913330078,53.377197265625,0.023765720427036285
>Sequence,E,339,0.46447911858558655,103.5788434445858,C,0.29331108927726746,0.2509523928165436,0.45573654770851135,C,0.0980881080031395,0.18428421020507812,0.004780162591487169,0.013284122571349144,0.23873592913150787,0.09418935328722,0.1255897730588913,0.2410484105348587,-88.4736099243164,33.28730773925781,0.0265401192009449
>Sequence,N,340,0.4255949854850769,82.99102216959,C,0.22811496257781982,0.18564221262931824,0.5862428545951843,C,0.08529452234506607,0.13089337944984436,0.0043633971363306046,0.014965154230594635,0.16841638088226318,0.11652828752994537,0.1765243113040924,0.3030145764350891,-93.71510314941406,49.49305725097656,0.030661312863230705
>Sequence,F,341,0.2290135771036148,54.963258504867554,C,0.20370250940322876,0.17844125628471375,0.6178562641143799,C,0.0827193334698677,0.11299841105937958,0.0037457593716681004,0.021541330963373184,0.14757025241851807,0.12022321671247482,0.1371738463640213,0.3740278482437134,-94.32048797607422,63.702903747558594,0.032935213297605515
>Sequence,N,342,0.46762120723724365,91.18613541126251,C,0.17981700599193573,0.12820100784301758,0.6919820308685303,C,0.0855787917971611,0.08630508184432983,0.003182910615578294,0.020102614536881447,0.09994625300168991,0.1401732712984085,0.16405029594898224,0.40066075325012207,-88.39439392089844,49.85603332519531,0.03865715116262436
>Sequence,D,343,0.5394550561904907,104.11482584476471,C,0.1729324907064438,0.0874236524105072,0.7396438717842102,C,0.0824221819639206,0.07892479747533798,0.0021148459054529667,0.014543977566063404,0.06591519713401794,0.19628407061100006,0.26338526606559753,0.2964096665382385,-87.57188415527344,9.453399658203125,0.02470381371676922
>Sequence,N,344,0.4844173192977905,94.46137726306915,C,0.073402538895607,0.0934746190905571,0.8331228494644165,C,0.03298312798142433,0.03307661786675453,0.001066697295755148,0.025865426287055016,0.05815618485212326,0.2668853998184204,0.23566487431526184,0.3463016748428345,-103.79174041748047,37.12052536010742,0.02072214148938656
>Sequence,G,345,0.18344922363758087,19.07871925830841,C,0.003222055034711957,0.07525684684515,0.9215211272239685,C,0.001212463597767055,0.0011036659125238657,0.00020171528740320355,0.02044382505118847,0.0485968291759491,0.2886551320552826,0.01889696903526783,0.62088942527771,148.56271362304688,171.8263702392578,0.012160216458141804
>Sequence,P,346,0.2321968674659729,36.91930192708969,C,0.0020680916495621204,0.09117763489484787,0.9067543148994446,C,0.0008170894579961896,0.0006874569226056337,7.737136184005067e-05,0.05234229937195778,0.04488208144903183,0.10026063024997711,0.017131604254245758,0.7838014364242554,-70.73423767089844,148.9564971923828,0.009087204933166504
>Sequence,G,347,0.13489092886447906,14.028656601905823,C,0.007915704511106014,0.0366203673183918,0.9554638862609863,C,0.0029217812698334455,0.0035237043630331755,0.00015080075536388904,0.027199450880289078,0.019787278026342392,0.17492204904556274,0.0331440307199955,0.7383508682250977,-102.150146484375,174.81692504882812,0.0075512598268687725
>Sequence,P,348,0.2813956141471863,44.74190264940262,C,0.15448953211307526,0.038518913090229034,0.8069915175437927,T,0.06868965923786163,0.06319933384656906,0.0009714506450109184,0.015356308780610561,0.01864682137966156,0.15254445374011993,0.4667730927467346,0.21381892263889313,-59.290443420410156,134.86891174316406,0.010303042829036713
>Sequence,G,349,0.24368532001972198,25.343273282051086,C,0.28504738211631775,0.05556970089673996,0.6593829393386841,T,0.1423831582069397,0.10321259498596191,0.0035376360174268484,0.010675504803657532,0.0387505367398262,0.14302490651607513,0.41966700553894043,0.13874861598014832,52.852848052978516,-15.370855331420898,0.007039626128971577
>Sequence,I,350,0.22999024391174316,45.3080780506134,H,0.3955104351043701,0.2370944619178772,0.3673951327800751,C,0.11063742637634277,0.24572551250457764,0.004019230604171753,0.034744031727313995,0.2048429250717163,0.08279872685670853,0.05385012552142143,0.26338204741477966,-84.02507019042969,56.80292892456055,0.010890019126236439
>Sequence,I,351,0.15171124041080475,29.887114360928535,E,0.34358465671539307,0.4061407446861267,0.250274658203125,E,0.07183631509542465,0.2614613473415375,0.004284699913114309,0.03442544490098953,0.37081271409988403,0.04081909731030464,0.034151654690504074,0.18220877647399902,-90.07923889160156,87.31431579589844,0.008898303844034672
>Sequence,M,352,0.14765585958957672,33.074912548065186,H,0.4100830852985382,0.3282351493835449,0.26168176531791687,E,0.09342060983181,0.29635119438171387,0.006564726121723652,0.021154340356588364,0.3045765459537506,0.04668973386287689,0.044443316757678986,0.1867995411157608,-88.1238021850586,37.617801666259766,0.013106090016663074
>Sequence,D,353,0.30509620904922485,58.8835683465004,H,0.356366366147995,0.328460156917572,0.315173476934433,E,0.08615092188119888,0.25022539496421814,0.006170143373310566,0.017459305003285408,0.3145599961280823,0.04621672257781029,0.049866411834955215,0.22935114800930023,-81.80216979980469,44.13554763793945,0.013284833170473576
>Sequence,I,354,0.18590904772281647,36.624082401394844,H,0.4742000699043274,0.2798728346824646,0.24592705070972443,H,0.09278157353401184,0.3491958677768707,0.0074155814945697784,0.013268250972032547,0.28124141693115234,0.03841736167669296,0.05442541092634201,0.16325455904006958,-83.33512115478516,-13.955439567565918,0.013497425243258476
>Sequence,L,355,0.20785121619701385,41.778094455599785,H,0.4288489520549774,0.2474077194929123,0.3237433433532715,H,0.10294722020626068,0.30799639225006104,0.0056451414711773396,0.016092907637357712,0.23686985671520233,0.05504293367266655,0.08191172033548355,0.1934938132762909,-83.50466918945312,1.4557172060012817,0.016263768076896667
>Sequence,L,356,0.25629764795303345,51.51582723855972,C,0.3123530149459839,0.2146887183189392,0.47295820713043213,C,0.09721703827381134,0.19929945468902588,0.004663833882659674,0.020321689546108246,0.1941581815481186,0.09237553179264069,0.1098640114068985,0.28210023045539856,-86.18482971191406,33.10143280029297,0.025831380859017372
>Sequence,S,357,0.35941511392593384,55.709342658519745,C,0.15042535960674286,0.14467203617095947,0.7049025893211365,C,0.0587623156607151,0.07989118993282318,0.0026336582377552986,0.01746932417154312,0.12159842997789383,0.1674785017967224,0.13288293778896332,0.41928359866142273,-90.20307922363281,82.77901458740234,0.03544469177722931
>Sequence,K,358,0.5437934398651123,128.3352518081665,C,0.08434578776359558,0.07979286462068558,0.835861325263977,C,0.04245522990822792,0.03533616289496422,0.0015917328419163823,0.014312022365629673,0.05936352536082268,0.29951581358909607,0.15065260231494904,0.39677292108535767,-91.75148010253906,51.36864471435547,0.03735434636473656
>Sequence,R,359,0.4384317696094513,120.13030487298965,C,0.022758368402719498,0.04029686748981476,0.9369447827339172,C,0.010899345390498638,0.009229790419340134,0.0002817416680045426,0.010969696566462517,0.026638343930244446,0.3371359407901764,0.03240082040429115,0.5724443197250366,-91.7889175415039,132.09332275390625,0.044443633407354355
>Sequence,P,360,0.42430636286735535,67.4647116959095,C,0.0694950744509697,0.037976399064064026,0.8925285339355469,C,0.04619109258055687,0.022610465064644814,0.00034809354110620916,0.007658619899302721,0.029986703768372536,0.09797149896621704,0.09726947546005249,0.697964072227478,-65.05155181884766,143.70310974121094,0.04155030474066734
>Sequence,S,361,0.4845098555088043,75.09902760386467,C,0.1118386834859848,0.1427130252122879,0.7454483509063721,C,0.07580634951591492,0.03902388736605644,0.0007604752900078893,0.029608292505145073,0.10781247913837433,0.13290153443813324,0.11349483579397202,0.5005922317504883,-90.11043548583984,107.26579284667969,0.04394540190696716
>Sequence,L,362,0.25450384616851807,51.15527307987213,C,0.07739456743001938,0.25501617789268494,0.6675893068313599,C,0.05133294686675072,0.028669463470578194,0.0005430899327620864,0.03680691495537758,0.21152107417583466,0.11709986627101898,0.05413765087723732,0.49988892674446106,-94.50224304199219,125.43770599365234,0.026844393461942673
>Sequence,K,363,0.49473997950553894,116.75863516330719,C,0.04583672061562538,0.3745490610599518,0.5796142220497131,C,0.02716277725994587,0.019061509519815445,0.0005406513810157776,0.04195178672671318,0.33737555146217346,0.10255593061447144,0.04786816984415054,0.42348363995552063,-96.5263900756836,121.09567260742188,0.01664196513593197
>Sequence,I,364,0.2681102156639099,52.81771248579025,C,0.020171944051980972,0.4107707142829895,0.5690574049949646,C,0.008632538840174675,0.01258289348334074,0.00037566362880170345,0.0879923477768898,0.3160597085952759,0.10824539512395859,0.03409315645694733,0.43201836943626404,-106.28968048095703,127.56721496582031,0.011952772736549377
>Sequence,G,365,0.15698963403701782,16.326921939849854,C,0.0007491064607165754,0.08889719843864441,0.9103537201881409,C,0.000322951702401042,0.00024988080258481205,4.1929390135919675e-05,0.015191673301160336,0.06211220100522041,0.10533170402050018,0.0077451192773878574,0.809004545211792,-154.55894470214844,175.11868286132812,0.010074928402900696
>Sequence,P,366,0.21386004984378815,34.003747925162315,C,0.001962895505130291,0.0763501524925232,0.9216870069503784,C,0.0008952252101153135,0.0005801042425446212,5.261354453978129e-05,0.03114849328994751,0.03982352465391159,0.10852715373039246,0.01751502975821495,0.8014578819274902,-68.2336654663086,152.0453338623047,0.012199873104691505
>Sequence,G,367,0.1361638456583023,14.16103994846344,C,0.0061802021227777,0.03395296260714531,0.9598667621612549,C,0.0027235946618020535,0.0023489571176469326,8.314855949720368e-05,0.02719545178115368,0.0173505786806345,0.12898413836956024,0.029991311952471733,0.7913227677345276,-93.18495178222656,174.6446075439453,0.008859637193381786
>Sequence,P,368,0.3020140528678894,48.020234405994415,C,0.12883508205413818,0.029002448543906212,0.8421624898910522,T,0.08440928906202316,0.03261658549308777,0.0006299077649600804,0.012762857601046562,0.011246586218476295,0.13023988902568817,0.5617592930793762,0.16633562743663788,-59.656002044677734,120.16381072998047,0.01689327321946621
>Sequence,G,369,0.2828083634376526,29.41206979751587,C,0.21129858493804932,0.02749478444457054,0.7612066268920898,T,0.16417156159877777,0.05195188894867897,0.001833476359024644,0.010265135206282139,0.01554439403116703,0.12756933271884918,0.4963090717792511,0.132355198264122,62.94343948364258,-8.090678215026855,0.013389473780989647
>Sequence,D,370,0.37623700499534607,72.61374196410179,C,0.2704475224018097,0.0923064574599266,0.6372460126876831,C,0.13765321671962738,0.1126360148191452,0.0020005381666123867,0.03464055806398392,0.06278450787067413,0.15937870740890503,0.12690678238868713,0.36399969458580017,-86.13128662109375,39.722347259521484,0.018746761605143547
>Sequence,S,371,0.2637409567832947,40.879848301410675,C,0.29965877532958984,0.15605196356773376,0.5442891716957092,C,0.12923653423786163,0.14671970903873444,0.0030413740314543247,0.0370771661400795,0.11401315778493881,0.12789061665534973,0.08741488307714462,0.3546065390110016,-92.03748321533203,57.159339904785156,0.01718417927622795
>Sequence,Y,372,0.3229231834411621,84.92879724502563,C,0.36791887879371643,0.22565574944019318,0.4064253568649292,C,0.11150398850440979,0.23697137832641602,0.005787691567093134,0.03794420510530472,0.18702028691768646,0.07501201331615448,0.08145294338464737,0.26430749893188477,-88.31511688232422,14.263513565063477,0.031279247254133224
>Sequence,L,373,0.17626573145389557,35.42941202223301,H,0.4166165590286255,0.19876956939697266,0.3846137821674347,C,0.11790046095848083,0.27517983317375183,0.004732162691652775,0.024527836591005325,0.17676421999931335,0.06020958721637726,0.06532850861549377,0.2753574848175049,-81.06005859375,14.723188400268555,0.03799385577440262
>Sequence,Q,374,0.41809725761413574,94.07188296318054,H,0.40651559829711914,0.18812134861946106,0.4053630828857422,C,0.11337781697511673,0.27105748653411865,0.006082514300942421,0.020495476201176643,0.16742712259292603,0.06365472078323364,0.07359669357538223,0.28430819511413574,-82.24838256835938,-0.8966973423957825,0.0682334452867508
>Sequence,K,375,0.4588688910007477,108.29305827617645,C,0.39880213141441345,0.16856472194194794,0.43263310194015503,C,0.12354687601327896,0.24799412488937378,0.0050291866064071655,0.019273791462183,0.15912079811096191,0.06409745663404465,0.08960431069135666,0.29133346676826477,-82.337158203125,13.102930068969727,0.05558506026864052
>Sequence,L,376,0.2665015161037445,53.566804736852646,C,0.38052067160606384,0.14393386244773865,0.4755454361438751,C,0.10651737451553345,0.24595355987548828,0.004418172873556614,0.016670234501361847,0.1335228979587555,0.07217191159725189,0.08935026079416275,0.33139556646347046,-82.5847396850586,7.006402969360352,0.05661202222108841
>Sequence,A,377,0.34282031655311584,44.223820835351944,C,0.26610392332077026,0.1133803129196167,0.620515763759613,C,0.09322422742843628,0.15606120228767395,0.0026921064127236605,0.014174437150359154,0.10104784369468689,0.097231425344944,0.1270834356546402,0.4084852933883667,-79.30827331542969,30.52375030517578,0.0828443095088005
>Sequence,Q,378,0.5475814938545227,123.20583611726761,C,0.20989012718200684,0.11785956472158432,0.6722502708435059,C,0.08978641033172607,0.10897713154554367,0.002885427325963974,0.016495976597070694,0.10022950917482376,0.13852714002132416,0.15740624070167542,0.38569220900535583,-88.80461120605469,35.47005844116211,0.10481233149766922
>Sequence,H,379,0.426646888256073,95.56890296936035,C,0.11103721708059311,0.11540673673152924,0.773556113243103,C,0.05646675080060959,0.05078599974513054,0.0017007136484608054,0.01679561473429203,0.09790215641260147,0.19113826751708984,0.11335930228233337,0.4718511402606964,-97.81573486328125,109.05831909179688,0.08445972204208374
>Sequence,S,380,0.4553476870059967,70.57889148592949,C,0.055115800350904465,0.14216145873069763,0.802722692489624,C,0.028917698189616203,0.024004682898521423,0.0009854680392891169,0.022221475839614868,0.1123862937092781,0.17906509339809418,0.07764266431331635,0.554776668548584,-97.59162139892578,118.28679656982422,0.07593647390604019
>Sequence,I,381,0.30538541078567505,60.160925924777985,C,0.010231002233922482,0.14124532043933868,0.8485236763954163,C,0.006402241997420788,0.0048972126096487045,0.00017821483197622,0.025966836139559746,0.11932407319545746,0.19195905327796936,0.01665625534951687,0.6346161365509033,-101.16963958740234,125.56001281738281,0.05230790749192238
>Sequence,P,382,0.31283649802207947,49.741003185510635,C,0.01445438340306282,0.1191072165966034,0.8664383888244629,C,0.009062502533197403,0.004131561145186424,0.00014443877444136888,0.016178900375962257,0.09392539411783218,0.061191119253635406,0.033703237771987915,0.7816628813743591,-66.34919738769531,143.34226989746094,0.04068455845117569
>Sequence,T,383,0.4586614668369293,78.88977229595184,C,0.028800813481211662,0.19705195724964142,0.7741472125053406,C,0.020865237340331078,0.00990201160311699,0.0005281827761791646,0.05109143257141113,0.14841605722904205,0.181712344288826,0.09569677710533142,0.49178794026374817,-97.25628662109375,93.28491973876953,0.030736133456230164
>Sequence,N,384,0.48529818654060364,94.63314637541771,C,0.012585555203258991,0.13752631843090057,0.8498880863189697,C,0.008196092210710049,0.003928296267986298,0.0002164760953746736,0.04629990831017494,0.08876250684261322,0.2764734923839569,0.09710770100355148,0.479015588760376,-105.26957702636719,89.40242004394531,0.02243131399154663
>Sequence,G,385,0.2093024104833603,21.76745069026947,C,0.001592852990143001,0.08002347499132156,0.9183837175369263,C,0.0008285001968033612,0.0004341907915659249,0.00010129599831998348,0.024904049932956696,0.05116674676537514,0.2168012112379074,0.014961515553295612,0.6908025145530701,143.69078063964844,177.12603759765625,0.022410716861486435
>Sequence,P,386,0.29679253697395325,47.190013378858566,C,0.0010305088944733143,0.058942459523677826,0.9400270581245422,C,0.0005395939224399626,0.00023307786614168435,2.7288378987577744e-05,0.03285859525203705,0.027117185294628143,0.08799385279417038,0.011407054029405117,0.8398234248161316,-68.12967681884766,151.54315185546875,0.020546233281493187
>Sequence,G,387,0.1965322196483612,20.439350843429565,C,0.0021205067168921232,0.023372983559966087,0.9745065569877625,C,0.001263030688278377,0.0006168042891658843,3.1996776669984683e-05,0.019677944481372833,0.01204362791031599,0.11624978482723236,0.0219158586114645,0.8282009363174438,-89.38652801513672,175.6086883544922,0.015583345666527748
>Sequence,P,388,0.3976867198944092,63.23218846321106,C,0.036620281636714935,0.020826444029808044,0.9425532221794128,T,0.034483522176742554,0.0076292818412184715,0.00015308438742067665,0.011730941943824291,0.008106046356260777,0.1127440482378006,0.6572666764259338,0.16788634657859802,-59.81730270385742,140.94247436523438,0.02124989964067936
>Sequence,G,389,0.3371753990650177,35.06624150276184,C,0.08308922499418259,0.028669407591223717,0.8882413506507874,T,0.07679053395986557,0.0139350276440382,0.0006679708021692932,0.006170107517391443,0.01620895229279995,0.14225919544696808,0.6195068955421448,0.12446130067110062,82.62460327148438,-3.361355781555176,0.01694006845355034
>Sequence,Q,390,0.3869342803955078,87.06021308898926,C,0.11427301913499832,0.17143818736076355,0.7142888307571411,C,0.07459118217229843,0.04232246056199074,0.0007362098549492657,0.038898080587387085,0.12737032771110535,0.17873945832252502,0.09151661396026611,0.44582563638687134,-93.86933898925781,115.3638916015625,0.027053551748394966
>Sequence,T,391,0.24391330778598785,41.95308893918991,E,0.07996731996536255,0.47525155544281006,0.444781094789505,E,0.04941249266266823,0.039955586194992065,0.0012414999073371291,0.06771237403154373,0.377450168132782,0.09793219715356827,0.04088119789958,0.3254145383834839,-110.87623596191406,140.06654357910156,0.030473414808511734
>Sequence,I,392,0.30010831356048584,59.12133777141571,E,0.0721648558974266,0.5064641237258911,0.4213710427284241,E,0.03149077296257019,0.042911820113658905,0.00107945769559592,0.05272459611296654,0.4462892413139343,0.05948998034000397,0.029412010684609413,0.336602121591568,-100.02685546875,121.83621978759766,0.04244588688015938
>Sequence,V,393,0.2070738524198532,36.03085032105446,C,0.08869504183530807,0.4407426416873932,0.4705623686313629,E,0.03870830312371254,0.05176238715648651,0.0012533239787444472,0.037325143814086914,0.3929893970489502,0.05703749507665634,0.03291934356093407,0.3880046010017395,-96.6941146850586,125.12162780761719,0.05596247687935829
>Sequence,K,394,0.49748003482818604,117.4052882194519,C,0.14572639763355255,0.2700393795967102,0.5842341780662537,C,0.07248935848474503,0.07248038053512573,0.0019273872021585703,0.0239099133759737,0.25048285722732544,0.10813400149345398,0.07736968249082565,0.39320647716522217,-90.31986999511719,115.30926513671875,0.04954227805137634
>Sequence,S,395,0.331380158662796,51.36392459273338,C,0.12960706651210785,0.2663710117340088,0.6040219664573669,C,0.06466368585824966,0.058952149003744125,0.0015019995626062155,0.028366096317768097,0.23225601017475128,0.09644850343465805,0.07800524681806564,0.43980637192726135,-96.687744140625,133.19454956054688,0.04177139699459076
>Sequence,L,396,0.253280371427536,50.90935465693474,C,0.17013296484947205,0.18610267341136932,0.643764317035675,C,0.09472404420375824,0.074353888630867,0.0017122719436883926,0.02084571309387684,0.1609465479850769,0.15301531553268433,0.13067153096199036,0.36373063921928406,-87.56771087646484,50.34342956542969,0.03764205425977707
>Sequence,N,397,0.47178345918655396,91.99777454137802,C,0.10576298832893372,0.16132792830467224,0.7329091429710388,C,0.06812110543251038,0.03636852279305458,0.001695715356618166,0.01381649263203144,0.14579705893993378,0.21339425444602966,0.135009303689003,0.38579750061035156,-89.84545135498047,62.01395797729492,0.052392229437828064
>Sequence,K,398,0.49776455760002136,117.47243559360504,C,0.08774898201227188,0.2598784267902374,0.6523726582527161,C,0.056028664112091064,0.034793443977832794,0.0011972322827205062,0.02371993474662304,0.24118788540363312,0.16129113733768463,0.06587500870227814,0.41590675711631775,-99.27098083496094,119.11196899414062,0.04779648035764694
>Sequence,I,399,0.25181740522384644,49.60802882909775,C,0.04825792834162712,0.37760454416275024,0.5741375088691711,C,0.026970090344548225,0.02342456579208374,0.0006623734952881932,0.03506593033671379,0.34416553378105164,0.09715485572814941,0.03021184727549553,0.4423447847366333,-101.7763442993164,123.77755737304688,0.03722795844078064
>Sequence,Y,400,0.3372180461883545,88.68834614753723,C,0.019766587764024734,0.33770737051963806,0.6425260305404663,C,0.011161919683218002,0.00875485222786665,0.00047459197230637074,0.042670030146837234,0.2834134101867676,0.1186382994055748,0.024950576946139336,0.5099362730979919,-104.43861389160156,121.44644927978516,0.03476778045296669
>Sequence,V,401,0.23976752161979675,41.719548761844635,C,0.0022728387266397476,0.15006588399410248,0.8476613163948059,C,0.001012415043078363,0.0010766746709123254,7.246752647915855e-05,0.01854987069964409,0.12164916843175888,0.1930532455444336,0.0037384037859737873,0.6608477830886841,-103.27571105957031,131.9537353515625,0.02677324414253235
>Sequence,P,402,0.27031639218330383,42.98030635714531,C,0.005029574502259493,0.030965300276875496,0.9640050530433655,C,0.0015185840893536806,0.0016059809131547809,1.588512350281235e-05,0.0027065235190093517,0.02208692580461502,0.05956302955746651,0.004834397230297327,0.9076688289642334,-61.18820571899414,149.3680419921875,0.020578913390636444
>Sequence,P,403,0.41690200567245483,66.28741890192032,C,0.05483159050345421,0.048736296594142914,0.896432101726532,C,0.02609991282224655,0.01554994098842144,0.00019137782510370016,0.01245711836963892,0.03189137578010559,0.09055610746145248,0.0402216799557209,0.7830325365066528,-62.507347106933594,142.52903747558594,0.0333147794008255
>Sequence,I,404,0.28181198239326477,55.51696053147316,C,0.16453930735588074,0.09673333168029785,0.738727331161499,C,0.09644944220781326,0.05765659362077713,0.0007268470944836736,0.03334231302142143,0.06890501081943512,0.11051462590694427,0.05360162630677223,0.578803539276123,-83.14579010009766,121.96820068359375,0.03372087702155113
>Sequence,K,405,0.5705565810203552,134.65135312080383,C,0.26176154613494873,0.07495773583650589,0.6632807850837708,C,0.13205236196517944,0.11039186269044876,0.0019049668917432427,0.015344559215009212,0.06356208771467209,0.17506563663482666,0.09747175872325897,0.4042067527770996,-83.29301452636719,39.37171173095703,0.04143764451146126
>Sequence,K,406,0.6012166738510132,141.8871350288391,C,0.19387337565422058,0.10710764676332474,0.6990189552307129,C,0.09268690645694733,0.08515217900276184,0.001078569795936346,0.025645889341831207,0.08890567719936371,0.12466321140527725,0.09042313694953918,0.49144452810287476,-89.49488067626953,112.9608383178711,0.03166114166378975
>Sequence,L,407,0.18013016879558563,36.20616392791271,C,0.11539437621831894,0.10408628731966019,0.7805193066596985,C,0.019556647166609764,0.06746377050876617,0.0006123876664787531,0.028748035430908203,0.06694186478853226,0.10608365386724472,0.02188871055841446,0.6887049674987793,-85.8521728515625,136.16452026367188,0.02784818597137928
>Sequence,T,408,0.3389837443828583,58.30520403385162,C,0.1368100792169571,0.07692112773656845,0.7862688302993774,C,0.007036660797894001,0.11952807754278183,0.0007059914642013609,0.02104540541768074,0.044366009533405304,0.07711070030927658,0.014987251721322536,0.7152197957038879,-89.40646362304688,166.0175018310547,0.027217255905270576
>Sequence,V,409,0.38597729802131653,67.16004985570908,H,0.8729134202003479,0.01499700453132391,0.11208955943584442,H,0.017720818519592285,0.8751612901687622,0.0027514661196619272,0.0015086333733052015,0.009272056631743908,0.014876746572554111,0.024285130202770233,0.054423898458480835,-65.34490203857422,-39.05849838256836,0.02227284573018551
>Sequence,W,410,0.4045846462249756,115.30662417411804,H,0.9048231244087219,0.01122251246124506,0.083954356610775,H,0.018113862723112106,0.8883062601089478,0.002485247328877449,0.0008464785059913993,0.009452499449253082,0.008752898313105106,0.020526235923171043,0.051516544073820114,-66.15763854980469,-40.193050384521484,0.019784078001976013
>Sequence,G,411,0.12229663878679276,12.718850433826447,H,0.9087964296340942,0.008228504098951817,0.0829751268029213,H,0.017700597643852234,0.889349639415741,0.004899151623249054,0.0007302523590624332,0.006801729556173086,0.009201371110975742,0.019034486263990402,0.05228279158473015,-64.103759765625,-42.526248931884766,0.017346298322081566
>Sequence,I,412,0.13158069550991058,25.921397015452385,H,0.9378887414932251,0.010630468837916851,0.05148089677095413,H,0.009188361465930939,0.9247339963912964,0.00366730778478086,0.0008527114987373352,0.008537515066564083,0.005164309870451689,0.009283997118473053,0.03857189416885376,-63.77479934692383,-41.231388092041016,0.018238628283143044
>Sequence,K,413,0.4886665344238281,115.32530212402344,H,0.9308212995529175,0.008867899887263775,0.060310833156108856,H,0.008386792615056038,0.9254238605499268,0.0034175533801317215,0.0006051117088645697,0.007148549892008305,0.004640466999262571,0.013186502270400524,0.03719116374850273,-64.97159576416016,-39.844635009765625,0.012425880879163742
>Sequence,Q,414,0.3630755543708801,81.69199973344803,H,0.9090498089790344,0.014420393854379654,0.07652975618839264,H,0.011564689688384533,0.8930238485336304,0.005769557319581509,0.0010315318359062076,0.01260062213987112,0.006708571687340736,0.019595632329583168,0.04970555752515793,-66.37700653076172,-39.84457015991211,0.01959257572889328
>Sequence,L,415,0.09220138192176819,18.532477766275406,H,0.915178120136261,0.011249065399169922,0.07357276231050491,H,0.007218550890684128,0.9096271395683289,0.0042365537956357,0.0006966292858123779,0.008890794590115547,0.006248285062611103,0.014173692092299461,0.048908304423093796,-65.49466705322266,-40.74454116821289,0.014885232783854008
>Sequence,Q,416,0.2899196445941925,65.23192003369331,H,0.9035422205924988,0.013363666832447052,0.08309412002563477,H,0.010238628834486008,0.8916793465614319,0.006423560436815023,0.001226024585776031,0.010181423276662827,0.007616698741912842,0.01947295479476452,0.053161442279815674,-64.74517059326172,-39.873069763183594,0.019861239939928055
>Sequence,A,417,0.3095445930957794,39.931252509355545,H,0.8812453746795654,0.014887668192386627,0.10386700183153152,H,0.012093482539057732,0.8722470998764038,0.007702774368226528,0.0009230023715645075,0.01244385913014412,0.009392661042511463,0.024714520201086998,0.060482632368803024,-65.14578247070312,-38.61174011230469,0.020858587697148323
>Sequence,R,418,0.33565017580986023,91.9681481719017,H,0.8812454342842102,0.018642820417881012,0.10011173039674759,H,0.014736607670783997,0.8609570860862732,0.013454904779791832,0.001891283318400383,0.015035532414913177,0.010050542652606964,0.029294243082404137,0.05457984283566475,-67.05554962158203,-39.031795501708984,0.021299434825778008
>Sequence,V,419,0.12474775314331055,21.706109046936035,H,0.8714851140975952,0.03005574829876423,0.0984591543674469,H,0.0169069766998291,0.8427762389183044,0.019607985392212868,0.002678057411685586,0.02393912896513939,0.012426677159965038,0.026657117530703545,0.05500789359211922,-68.85698699951172,-39.18611145019531,0.017724722623825073
>Sequence,L,420,0.3027573823928833,60.85423386096954,H,0.7918615937232971,0.042633626610040665,0.1655048429965973,H,0.03209693729877472,0.7551573514938354,0.015275733545422554,0.004871062934398651,0.032938793301582336,0.021480120718479156,0.05397486686706543,0.08420515060424805,-70.19773864746094,-32.928260803222656,0.02317662164568901
>Sequence,A,421,0.3596869111061096,46.39961153268814,H,0.6158448457717896,0.03762776032090187,0.34652742743492126,H,0.047121766954660416,0.579807698726654,0.013460840098559856,0.005691666156053543,0.029104633256793022,0.04398715868592262,0.1259428858757019,0.15488336980342865,-72.73933410644531,-24.419862747192383,0.032175060361623764
>Sequence,V,422,0.22221671044826508,38.66570761799812,C,0.4758848249912262,0.042757026851177216,0.481358140707016,H,0.04534373804926872,0.43802928924560547,0.01411000918596983,0.009949948638677597,0.029666736721992493,0.10063778609037399,0.12130208313465118,0.24096040427684784,-80.030029296875,-12.48656177520752,0.029750781133770943
>Sequence,K,423,0.4668157398700714,110.16851460933685,C,0.3455665111541748,0.029263846576213837,0.6251696944236755,C,0.04756492003798485,0.2916480302810669,0.00782169122248888,0.010043940506875515,0.018059110268950462,0.14695315062999725,0.1550499051809311,0.3228592872619629,-79.55022430419922,4.177441120147705,0.033449895679950714
>Sequence,K,424,0.47571662068367004,112.26912248134613,C,0.37740424275398254,0.01012363564223051,0.6124721765518188,H,0.03403221070766449,0.35906699299812317,0.002485263627022505,0.003911823034286499,0.005893014837056398,0.211096853017807,0.06301575899124146,0.32049813866615295,-73.03890228271484,150.77713012695312,0.02339703030884266
>Sequence,P,425,0.377278596162796,59.98729678988457,H,0.4946163296699524,0.013178199529647827,0.492205411195755,H,0.0664805918931961,0.43116843700408936,0.00228196126408875,0.004358922131359577,0.008828640915453434,0.05054087936878204,0.10142156481742859,0.3349190056324005,-61.98155975341797,-31.551868438720703,0.027727380394935608
>Sequence,F,426,0.1722216159105301,41.33318781852722,H,0.7145134210586548,0.01547306589782238,0.2700135409832001,H,0.07385800033807755,0.6145090460777283,0.006220904644578695,0.0056249285116791725,0.009986264631152153,0.04013114422559738,0.08770658075809479,0.1619630604982376,-70.79288482666016,-32.86414337158203,0.03164289519190788
>Sequence,R,427,0.4155462384223938,113.8596693277359,H,0.8279193639755249,0.007240687496960163,0.1648399382829666,H,0.032118454575538635,0.7894462943077087,0.004447138402611017,0.0022483193315565586,0.005068937316536903,0.025612847879529,0.03794620931148529,0.10311180353164673,-65.73255920410156,-39.107940673828125,0.03374037519097328
>Sequence,D,428,0.4742325246334076,91.52687725424767,H,0.8693162798881531,0.004481202457100153,0.1262025088071823,H,0.015962673351168633,0.8580074906349182,0.003073885338380933,0.0009452655795030296,0.0029105516150593758,0.013677858747541904,0.022779881954193115,0.08264245092868805,-66.8073501586914,-38.55979919433594,0.020695747807621956
>Sequence,Y,429,0.23753604292869568,62.47197929024696,H,0.9276911020278931,0.00791152287274599,0.06439736485481262,H,0.009973610751330853,0.9142633676528931,0.004603836219757795,0.0010924265952780843,0.005228803958743811,0.006625011097639799,0.014826872386038303,0.04338610917329788,-65.88675689697266,-43.35437774658203,0.024605901911854744
>Sequence,V,430,0.09622953832149506,16.74393966794014,H,0.9563853740692139,0.00487402593716979,0.03874064236879349,H,0.005354790017008781,0.945097804069519,0.004602767527103424,0.00046116759767755866,0.003653401741757989,0.0040266127325594425,0.007305747829377651,0.029497692361474037,-64.22808837890625,-43.04899978637695,0.02081143669784069
>Sequence,D,431,0.34651389718055725,66.87718215584755,H,0.9611850380897522,0.0025209730956703424,0.03629405051469803,H,0.003954515792429447,0.9566908478736877,0.0031304056756198406,0.00026371030253358185,0.0016904971562325954,0.002545792143791914,0.006787114776670933,0.024937167763710022,-63.601173400878906,-40.82552719116211,0.016002845019102097
>Sequence,R,432,0.4770702123641968,130.71723818778992,H,0.9571951031684875,0.003315465757623315,0.039489440619945526,H,0.0039159636944532394,0.9516596794128418,0.0038514016196131706,0.00032699949224479496,0.002534120110794902,0.0025076011661440134,0.009268022142350674,0.025936143472790718,-64.15084075927734,-41.78059387207031,0.01768023893237114
>Sequence,F,433,0.11519357562065125,27.6464581489563,H,0.9521574378013611,0.0032981818076223135,0.04454440996050835,H,0.004067400936037302,0.9469097256660461,0.006593017373234034,0.00031340314308181405,0.0021813467610627413,0.003473017131909728,0.010912409983575344,0.025549592450261116,-65.07710266113281,-43.18220901489258,0.021892689168453217
>Sequence,Y,434,0.20273587107658386,53.319534093141556,H,0.9560999870300293,0.003556435229256749,0.04034366458654404,H,0.0035115862265229225,0.9508861303329468,0.005356567446142435,0.0004525558033492416,0.0021476082038134336,0.0033214513678103685,0.009604763239622116,0.02471937984228134,-64.43960571289062,-41.610530853271484,0.021169787272810936
>Sequence,K,435,0.5545356273651123,130.8704080581665,H,0.9471840858459473,0.0027975616976618767,0.050018392503261566,H,0.003028994658961892,0.9482975602149963,0.003113969461992383,0.00030551309464499354,0.0018978033913299441,0.0029084046836942434,0.01140439510345459,0.029043303802609444,-64.19064331054688,-41.14632034301758,0.018871210515499115
>Sequence,T,436,0.34067028760910034,58.59528946876526,H,0.9248783588409424,0.004391490016132593,0.07073009759187698,H,0.00440231803804636,0.9221193194389343,0.008283188566565514,0.0004439880431164056,0.003171693067997694,0.005705254152417183,0.01785934343934059,0.03801487013697624,-66.4380111694336,-42.18834686279297,0.028521671891212463
>Sequence,L,437,0.1602037250995636,32.20094874501228,H,0.9086417555809021,0.004460690077394247,0.0868975892663002,H,0.003600104246288538,0.9150804281234741,0.005114620551466942,0.00050052918959409,0.0026677546557039022,0.007231470663100481,0.015519208274781704,0.050285883247852325,-66.0246810913086,-41.061222076416016,0.03376598283648491
>Sequence,R,438,0.4580543637275696,125.50689566135406,H,0.9200390577316284,0.00218204571865499,0.07777893543243408,H,0.0035625614691525698,0.92353755235672,0.002921222010627389,0.00037077473825775087,0.001279533957131207,0.004951504524797201,0.015555214136838913,0.04782170057296753,-63.51982879638672,-41.25749206542969,0.03683146461844444
>Sequence,A,439,0.41680973768234253,53.768456161022186,H,0.8844211101531982,0.0017178370617330074,0.113861083984375,H,0.004475175868719816,0.8942890167236328,0.0031097650062292814,0.00023700128076598048,0.001160744926892221,0.006872036959975958,0.02393319085240364,0.06592313200235367,-63.80679702758789,-39.821136474609375,0.05285640060901642
>Sequence,E,440,0.41521304845809937,92.59250980615616,H,0.8693912029266357,0.0018158588791266084,0.12879294157028198,H,0.00498774740844965,0.8831560015678406,0.004579251632094383,0.00036938453558832407,0.001100938650779426,0.00879752729088068,0.027677690610289574,0.0693313479423523,-66.41056060791016,-39.3487548828125,0.06825210154056549
>Sequence,K,441,0.4817635715007782,113.69620287418365,H,0.8408524394035339,0.0019188964506611228,0.15722855925559998,H,0.005339125171303749,0.8579139709472656,0.0037217617500573397,0.00046146055683493614,0.0010566734708845615,0.011750367470085621,0.029128972440958023,0.09062772244215012,-65.5479965209961,-39.75938034057617,0.06676574796438217
>Sequence,K,442,0.536126434803009,126.52583861351013,H,0.8200981020927429,0.0029226914048194885,0.1769792139530182,H,0.007751465309411287,0.8269163966178894,0.0037136345636099577,0.0007074045715853572,0.0018366938456892967,0.013723431155085564,0.034876156598329544,0.11047471314668655,-65.52582550048828,-39.725303649902344,0.08225279301404953
>Sequence,A,443,0.3132457435131073,40.40870091319084,H,0.7877781987190247,0.002780267735943198,0.20944149792194366,H,0.008807914331555367,0.8062119483947754,0.0035542587283998728,0.0005357685731723905,0.001755568664520979,0.0172295980155468,0.03522372990846634,0.12668128311634064,-64.65437316894531,-39.13774108886719,0.09357095509767532
>Sequence,S,444,0.3572953939437866,55.380786061286926,H,0.7605471611022949,0.00478973938152194,0.23466315865516663,H,0.00973399169743061,0.7735830545425415,0.004041479900479317,0.000992375542409718,0.002970187459141016,0.021587328985333443,0.03471099212765694,0.15238052606582642,-66.94220733642578,-39.05587387084961,0.09151145070791245
>Sequence,R,445,0.521069347858429,142.77300131320953,H,0.7808331847190857,0.004945090040564537,0.21422167122364044,H,0.01300400123000145,0.7809163928031921,0.004209432750940323,0.0013180364621803164,0.0031849690712988377,0.01981072686612606,0.03906423971056938,0.1384921669960022,-66.21287536621094,-39.30689239501953,0.10401156544685364
>Sequence,E,446,0.47101524472236633,105.03639957308769,H,0.7965044975280762,0.006476187147200108,0.1970192939043045,H,0.016387784853577614,0.7793523669242859,0.004422117955982685,0.0015897679841145873,0.004904281347990036,0.01574820838868618,0.037539783865213394,0.14005568623542786,-66.31663513183594,-39.146728515625,0.10770698636770248
>Sequence,L,447,0.27932867407798767,56.14506348967552,H,0.8030599355697632,0.0054383473470807076,0.1915016919374466,H,0.022637613117694855,0.7750740051269531,0.0038431566208601,0.0012631792342290282,0.0040987334214150906,0.017406519502401352,0.03363479673862457,0.14204205572605133,-65.8115463256836,-38.30401611328125,0.10069304704666138
>Sequence,E,448,0.5294654369354248,118.07079243659973,H,0.7824390530586243,0.008621571585536003,0.20893938839435577,H,0.025863368064165115,0.7571517825126648,0.004008513875305653,0.0020209928043186665,0.006688904482871294,0.015664957463741302,0.046044062823057175,0.14255736768245697,-66.05883026123047,-37.70418167114258,0.09900939464569092
>Sequence,R,449,0.4949340224266052,135.61192214488983,H,0.7235764861106873,0.010353955440223217,0.26606956124305725,H,0.03584768995642662,0.6904923319816589,0.006605509668588638,0.0029544285498559475,0.008169732056558132,0.02451276034116745,0.07263851910829544,0.15877893567085266,-69.38631439208984,-35.398250579833984,0.11283537745475769
>Sequence,F,450,0.31844502687454224,76.42680644989014,H,0.6655269265174866,0.011551323346793652,0.3229218125343323,H,0.05254668742418289,0.6133606433868408,0.008273694664239883,0.0035917924251407385,0.007943132892251015,0.03778873383998871,0.09225720167160034,0.18423813581466675,-73.18949890136719,-29.803361892700195,0.1230718344449997
>Sequence,A,451,0.35585224628448486,45.90493977069855,H,0.5189242959022522,0.01836278662085533,0.46271294355392456,H,0.0614808052778244,0.46539410948753357,0.005188386421650648,0.005612915847450495,0.011532772332429886,0.05945548415184021,0.15478305518627167,0.236552432179451,-73.31377410888672,-19.901981353759766,0.10433565080165863
>Sequence,L,452,0.4307420253753662,86.57914710044861,C,0.38907697796821594,0.023762686178088188,0.5871603488922119,H,0.06416738033294678,0.36059269309043884,0.003719422733411193,0.010052111931145191,0.012404272332787514,0.12083044648170471,0.19917847216129303,0.22905518114566803,-84.82720184326172,-14.807558059692383,0.10600010305643082
>Sequence,N,453,0.4078521430492401,79.53116789460182,C,0.019094262272119522,0.006494154222309589,0.9744117259979248,C,0.004254302941262722,0.01549301203340292,0.00018973420083057135,0.002945913001894951,0.003647862933576107,0.23268429934978485,0.0230642631649971,0.7177206873893738,-103.95008850097656,106.64498138427734,0.1025562658905983
>Sequence,P,454,0.47930508852005005,76.20950907468796,C,0.3662848472595215,0.007909919135272503,0.6258051991462708,C,0.11789325624704361,0.2536933422088623,0.0013713501393795013,0.00256277690641582,0.005159237887710333,0.07073014974594116,0.24079786241054535,0.3077920079231262,-61.76504898071289,-22.633825302124023,0.1435738056898117
>Sequence,G,455,0.45037734508514404,46.83924388885498,C,0.44452130794525146,0.00807384867221117,0.5474048256874084,H,0.14419326186180115,0.30620765686035156,0.0025252390187233686,0.0028821288142353296,0.0064093926921486855,0.05660557001829147,0.22334416210651398,0.2578326165676117,-61.913490295410156,-28.275833129882812,0.14659008383750916
>Sequence,L,456,0.27520766854286194,55.31674137711525,H,0.5361475348472595,0.018428606912493706,0.44542384147644043,H,0.13559141755104065,0.36435309052467346,0.0028431115206331015,0.007244717795401812,0.013433181680738926,0.06507696956396103,0.0930541604757309,0.3184033930301666,-74.00765991210938,-28.219581604003906,0.17930088937282562
>Sequence,L,457,0.26592597365379333,53.45112070441246,H,0.49873220920562744,0.02437642402946949,0.4768913984298706,H,0.09691426903009415,0.3770360052585602,0.002541241003200412,0.008885118179023266,0.01689944416284561,0.06518503278493881,0.07962173223495483,0.3529171347618103,-72.66273498535156,-25.47840690612793,0.20228412747383118
>Sequence,E,458,0.560623824596405,125.01911288499832,C,0.45478612184524536,0.02232298068702221,0.5228909254074097,C,0.09005123376846313,0.343476265668869,0.001960369059816003,0.00788312777876854,0.018138866871595383,0.05544734746217728,0.0829395055770874,0.4001033306121826,-71.9081039428711,-29.006582260131836,0.23073385655879974
>Sequence,K,459,0.577491283416748,136.28794288635254,C,0.4560415744781494,0.017458822578191757,0.5264995694160461,C,0.10586043447256088,0.3410155475139618,0.0024388402234762907,0.005710275378078222,0.014752103947103024,0.06629099696874619,0.1059522032737732,0.3579796552658081,-74.17780303955078,-25.745559692382812,0.237583726644516
>Sequence,K,460,0.4783006012439728,112.87894189357758,C,0.3766874372959137,0.030351459980010986,0.5929611921310425,C,0.08061273396015167,0.27352282404899597,0.0022583927493542433,0.01001984253525734,0.02256033569574356,0.06530275195837021,0.1063784584403038,0.4393446743488312,-79.61058044433594,-15.15847396850586,0.2655095160007477
>Sequence,C,461,0.21197347342967987,35.39957006275654,C,0.2883705198764801,0.04637818783521652,0.6652513146400452,C,0.052157338708639145,0.21660153567790985,0.001967312302440405,0.014855309389531612,0.03025049902498722,0.09666059166193008,0.07413975894451141,0.5133676528930664,-83.53369140625,16.772830963134766,0.2382771521806717
>Sequence,A,462,0.4490237534046173,57.92406418919563,C,0.24866138398647308,0.037742532789707184,0.7135960459709167,C,0.0451047383248806,0.1828550398349762,0.0012953398982062936,0.009962446056306362,0.027254285290837288,0.06682717055082321,0.09024852514266968,0.576452374458313,-74.97811889648438,-5.691277503967285,0.31299397349357605
>Sequence,A,463,0.49170076847076416,63.42939913272858,C,0.22364173829555511,0.031233755871653557,0.7451245188713074,C,0.05359509214758873,0.15483458340168,0.0012057345593348145,0.00829064380377531,0.024432862177491188,0.07952559739351273,0.10089358687400818,0.5772219300270081,-76.43638610839844,0.4486914277076721,0.3649025857448578
>Sequence,E,464,0.6011263132095337,134.051167845726,C,0.1971682459115982,0.03276611492037773,0.7700656652450562,C,0.05734826624393463,0.1284327208995819,0.0013099722564220428,0.009550045244395733,0.025966856628656387,0.08426351845264435,0.10484345257282257,0.5882852077484131,-80.46244049072266,1.301975965499878,0.4145456552505493
>Sequence,S,465,0.47845369577407837,74.16032284498215,C,0.1785736232995987,0.029215695336461067,0.7922106981277466,C,0.05191173031926155,0.11747551709413528,0.0011259253369644284,0.0074951788410544395,0.022006813436746597,0.09804373234510422,0.10234392434358597,0.599597156047821,-85.34415435791016,44.63711166381836,0.3573172688484192
>Sequence,S,466,0.5402615070343018,83.74053359031677,C,0.1408124715089798,0.03191778436303139,0.8272697329521179,C,0.050951212644577026,0.08458089083433151,0.000841978588141501,0.007653529290109873,0.024535737931728363,0.1084708422422409,0.10904926806688309,0.6139165759086609,-84.41890716552734,16.94566535949707,0.33730819821357727
>Sequence,T,467,0.5831784605979919,100.30669522285461,C,0.09150291979312897,0.05320585519075394,0.8552913069725037,C,0.04407951235771179,0.05149126052856445,0.0007972503663040698,0.016996927559375763,0.03820959851145744,0.14161984622478485,0.11268293857574463,0.5941226482391357,-96.57835388183594,50.97462463378906,0.3155028522014618
>Sequence,L,468,0.3002971112728119,60.35971936583519,C,0.01648717001080513,0.030542101711034775,0.9529706239700317,C,0.006426365114748478,0.008603516034781933,0.0001522658858448267,0.01231704093515873,0.018676303327083588,0.23196907341480255,0.016381990164518356,0.7054734826087952,-86.5028076171875,138.4836883544922,0.3138255476951599
>Sequence,P,469,0.4436676502227783,70.54315638542175,C,0.027572110295295715,0.017173729836940765,0.9552541375160217,C,0.009503603912889957,0.012114356271922588,0.00013647878949996084,0.005498281214386225,0.010242991149425507,0.05296097695827484,0.03531390056014061,0.8742294311523438,-63.17108917236328,148.6123809814453,0.3440488576889038
>Sequence,N,470,0.5958788394927979,116.19637370109558,C,0.06290610879659653,0.026853762567043304,0.9102401733398438,C,0.02223377302289009,0.03553706407546997,0.0004234397201798856,0.011710555292665958,0.016617266461253166,0.0915558785200119,0.05365436524152756,0.7682676911354065,-85.40206909179688,121.31707763671875,0.414157509803772
>Sequence,K,471,0.5810389518737793,137.1251926422119,C,0.21955841779708862,0.020171750336885452,0.7602697610855103,C,0.06656008213758469,0.14640234410762787,0.0008607101044617593,0.006176721770316362,0.0160157922655344,0.09123837947845459,0.11915004998445511,0.5535959005355835,-76.55653381347656,-12.707244873046875,0.371701180934906
>Sequence,S,472,0.48142626881599426,74.62107166647911,C,0.24196450412273407,0.021216243505477905,0.7368192076683044,C,0.06111549213528633,0.1734638810157776,0.0008583971066400409,0.005702612921595573,0.016985459253191948,0.07619642466306686,0.07749564200639725,0.5881820917129517,-78.54885864257812,-18.112096786499023,0.35958778858184814
>Sequence,D,473,0.5080340504646301,98.05057173967361,C,0.2915688157081604,0.031579360365867615,0.6768518090248108,C,0.06433873623609543,0.2017042487859726,0.0012792703928425908,0.00801686942577362,0.02400161325931549,0.06371163576841354,0.05807539448142052,0.5788722634315491,-78.2689208984375,-5.652628421783447,0.34723854064941406
>Sequence,V,474,0.36162739992141724,62.9231675863266,C,0.36300012469291687,0.04749269783496857,0.5895071625709534,C,0.06736119091510773,0.2892947494983673,0.0024131792597472668,0.01095504779368639,0.037247564643621445,0.04456609487533569,0.06231774017214775,0.48584452271461487,-77.33008575439453,-26.021127700805664,0.33987870812416077
>Sequence,L,475,0.2959597110748291,59.48790192604065,C,0.35213643312454224,0.0561617836356163,0.591701865196228,C,0.06934138387441635,0.2631840407848358,0.0017550542252138257,0.012268097139894962,0.0442391000688076,0.05171147361397743,0.0684901550412178,0.489010751247406,-77.35194396972656,-17.777381896972656,0.310698002576828
>Sequence,T,476,0.40850764513015747,70.26331496238708,C,0.3221985399723053,0.051424261182546616,0.6263771653175354,C,0.05677836388349533,0.2531111538410187,0.0019050358096137643,0.011318616569042206,0.040240705013275146,0.054951511323451996,0.07097743451595306,0.5107172131538391,-81.06221008300781,-17.886882781982422,0.31470125913619995
>Sequence,K,477,0.544626772403717,128.53191828727722,C,0.2906832993030548,0.04702998697757721,0.6622866988182068,C,0.06536093354225159,0.21575197577476501,0.0021496459376066923,0.010505417361855507,0.03977430984377861,0.06542162597179413,0.08104568719863892,0.5199903845787048,-77.85831451416016,-15.646797180175781,0.3525348901748657
>Sequence,K,478,0.5337352752685547,125.9615249633789,C,0.2513326406478882,0.05360598862171173,0.6950613856315613,C,0.05485821142792702,0.1772489845752716,0.0017589088529348373,0.012135626748204231,0.04393606260418892,0.05425403267145157,0.0729205310344696,0.5828876495361328,-79.43182373046875,0.389426052570343,0.3895687758922577
>Sequence,A,479,0.318984717130661,41.14902850985527,C,0.23014838993549347,0.06269971281290054,0.7071518898010254,C,0.045719828456640244,0.16645871102809906,0.0012933799298480153,0.011273500509560108,0.04999515041708946,0.057262733578681946,0.05802910029888153,0.6099676489830017,-77.9020004272461,29.4482364654541,0.354185551404953
>Sequence,T,480,0.4572526514530182,78.64745604991913,C,0.2129848599433899,0.09826408326625824,0.6887511014938354,C,0.04180138558149338,0.1625792235136032,0.0019591597374528646,0.019355058670043945,0.07544463127851486,0.05995588377118111,0.0633191168308258,0.5755855441093445,-87.43741607666016,20.009557723999023,0.35181906819343567
>Sequence,V,481,0.39028555154800415,67.90968596935272,C,0.17709487676620483,0.10488449037075043,0.7180206775665283,C,0.04022377356886864,0.1379612237215042,0.0025582429952919483,0.022218972444534302,0.08165361732244492,0.0618169791996479,0.07434245198965073,0.5792247653007507,-86.71842193603516,43.38768005371094,0.42254477739334106
>Sequence,Y,482,0.37376564741134644,98.30036526918411,C,0.14275462925434113,0.08915091305971146,0.7680944204330444,C,0.038005467504262924,0.10506197810173035,0.0015729551669210196,0.018379973247647285,0.06812058389186859,0.06662526726722717,0.0946289598941803,0.6076048612594604,-91.3482894897461,62.066802978515625,0.4395390450954437
>Sequence,G,483,0.4247049391269684,44.16931366920471,C,0.11414654552936554,0.05113377794623375,0.8347196578979492,C,0.035852834582328796,0.07076098024845123,0.002181064337491989,0.01050227414816618,0.04162516072392464,0.09149230271577835,0.10439188778400421,0.6431934833526611,-39.684425354003906,-49.295894622802734,0.4716259241104126
>Sequence,D,484,0.5279426574707031,101.8929328918457,C,0.09432200342416763,0.04798193648457527,0.8576960563659668,C,0.030706798657774925,0.056501854211091995,0.0005517145036719739,0.010801856406033039,0.03683160990476608,0.06532321870326996,0.051842592656612396,0.7474403381347656,-82.06173706054688,85.99445343017578,0.4962349832057953
>Sequence,K,485,0.5748879313468933,135.67355179786682,C,0.12270806729793549,0.07378119975328445,0.8035106658935547,C,0.0423705019056797,0.07058224081993103,0.0007645493024028838,0.016162849962711334,0.060145337134599686,0.05539438873529434,0.06972896307706833,0.6848511695861816,-84.2196044921875,48.84691619873047,0.5001980066299438
>Sequence,I,486,0.30910322070121765,60.89333447813988,C,0.10372086614370346,0.08475004881620407,0.8115290403366089,C,0.026212820783257484,0.0719287320971489,0.0005392830353230238,0.015721505507826805,0.0661318376660347,0.05013290047645569,0.04629843309521675,0.7230344414710999,-87.8341064453125,90.70834350585938,0.4971311092376709
>Sequence,Q,487,0.543624997138977,122.31562435626984,C,0.08293534070253372,0.04070591181516647,0.876358687877655,C,0.02260092832148075,0.05358878895640373,0.000698154151905328,0.009011518210172653,0.03012719936668873,0.047754887491464615,0.06074501946568489,0.7754735350608826,-84.50524139404297,85.1190414428711,0.6117351651191711
>Sequence,G,488,0.4771144390106201,49.61990165710449,C,0.07638804614543915,0.026002662256360054,0.8976093530654907,C,0.025649184361100197,0.04708172008395195,0.001208385918289423,0.007048321422189474,0.019938986748456955,0.07332635670900345,0.07023781538009644,0.7555092573165894,-51.06985855102539,-153.28738403320312,0.6168586015701294
>Sequence,K,489,0.5818185806274414,137.30918502807617,C,0.09132449328899384,0.02943517453968525,0.8792402744293213,C,0.028266021981835365,0.05426973104476929,0.0005059659597463906,0.009620598517358303,0.021076545119285583,0.05674479156732559,0.0530511811375618,0.7764651775360107,-82.70531463623047,58.605224609375,0.6267350316047668
>Sequence,N,490,0.5238519310951233,102.15112656354904,C,0.09603127837181091,0.016987258568406105,0.8869814276695251,C,0.02661122940480709,0.05564925819635391,0.0004350729868747294,0.0051685296930372715,0.011444487608969212,0.046814583241939545,0.038401585072278976,0.815475344657898,-81.47295379638672,58.94455337524414,0.6546430587768555
>Sequence,K,491,0.561862587928772,132.59957075119019,C,0.15144971013069153,0.017288900911808014,0.8312613368034363,C,0.037442367523908615,0.09101000428199768,0.0005142783629707992,0.005268571432679892,0.012304808013141155,0.044541552662849426,0.053931593894958496,0.7549867630004883,-77.13175964355469,-11.813498497009277,0.6055776476860046
>Sequence,R,492,0.5250117182731628,143.85321080684662,C,0.1380871832370758,0.015334251336753368,0.8465785384178162,C,0.031058864668011665,0.0885903462767601,0.0004866920644417405,0.005168294999748468,0.010350840166211128,0.041047848761081696,0.04169519245624542,0.7816019058227539,-77.95319366455078,-13.781500816345215,0.6281396746635437
>Sequence,K,493,0.5568285584449768,131.41153979301453,C,0.16020868718624115,0.01869514025747776,0.8210962414741516,C,0.035777803510427475,0.09646634012460709,0.0005374054308049381,0.0060871136374771595,0.012350786477327347,0.03788788244128227,0.04337719827890396,0.7675154805183411,-77.33898162841797,-9.009970664978027,0.6085277795791626
>Sequence,R,494,0.4943573772907257,135.45392137765884,C,0.15730597078800201,0.019062072038650513,0.823632001876831,C,0.03103293851017952,0.10217404365539551,0.0005940108676441014,0.00643046572804451,0.012249991297721863,0.036966584622859955,0.03677307814359665,0.7737789750099182,-77.9870376586914,-6.9726691246032715,0.59710693359375
>Sequence,K,495,0.5819385647773743,137.33750128746033,C,0.16800633072853088,0.019356025382876396,0.8126376271247864,C,0.036640141159296036,0.10947094112634659,0.0005857865908183157,0.006050114054232836,0.013539284467697144,0.03991945832967758,0.04487145319581032,0.7489228248596191,-76.90924072265625,-16.813610076904297,0.5836225152015686
>Sequence,K,496,0.5928404927253723,139.91035628318787,C,0.1633114218711853,0.032371193170547485,0.8043174743652344,C,0.039649080485105515,0.10061494261026382,0.0007549631991423666,0.00983018521219492,0.022745491936802864,0.04290613532066345,0.0531872920691967,0.730311930179596,-81.17084503173828,22.42930793762207,0.5680022239685059
>Sequence,A,497,0.43111908435821533,55.61436188220978,C,0.13518701493740082,0.03730041906237602,0.8275124430656433,C,0.03749227523803711,0.0851089358329773,0.0006593890720978379,0.009054322727024555,0.027461612597107887,0.05010639876127243,0.05367336422204971,0.7364436984062195,-79.99794006347656,70.53129577636719,0.5285035967826843
>Sequence,N,498,0.5521653294563293,107.67223924398422,C,0.09905092418193817,0.04601074382662773,0.8549383282661438,C,0.032138872891664505,0.05592135712504387,0.0008227684302255511,0.012314879335463047,0.031320810317993164,0.05304333567619324,0.05638542026281357,0.7580526471138,-88.46920776367188,72.6778793334961,0.5049357414245605
>Sequence,I,499,0.3882995545864105,76.49501225352287,C,0.12644262611865997,0.06162245199084282,0.8119349479675293,C,0.042303357273340225,0.07988401502370834,0.0008147053886204958,0.01443976629525423,0.04640411585569382,0.058327533304691315,0.05797066539525986,0.6998558640480042,-86.37263488769531,63.1872444152832,0.4522741436958313
>Sequence,D,500,0.5689876079559326,109.814608335495,C,0.10914060473442078,0.06067973002791405,0.8301796317100525,C,0.043882325291633606,0.06135253235697746,0.0008969313348643482,0.013428734615445137,0.046631842851638794,0.07264921069145203,0.07142769545316696,0.6897307634353638,-86.7532730102539,72.6642837524414,0.43954211473464966
>Sequence,S,501,0.5042631030082703,78.16078096628189,C,0.11532019078731537,0.08812563121318817,0.7965541481971741,C,0.048924896866083145,0.06460271775722504,0.0010780992452055216,0.017354317009449005,0.06787718087434769,0.07451088726520538,0.08012216538190842,0.6455297470092773,-91.40765380859375,84.27946472167969,0.38378962874412537
>Sequence,V,502,0.344148188829422,59.88178485631943,C,0.10084792226552963,0.11862190067768097,0.7805302143096924,C,0.04340628534555435,0.06028581038117409,0.0009559456375427544,0.02600017562508583,0.09144861996173859,0.09056419134140015,0.05340278893709183,0.6339362263679504,-94.1952133178711,120.21499633789062,0.3533441424369812
>Sequence,D,503,0.5206819772720337,100.4916216135025,C,0.07694889605045319,0.10665533691644669,0.8163958191871643,C,0.03146006911993027,0.03885086253285408,0.0007226198795251548,0.02563607506453991,0.0719173327088356,0.052159711718559265,0.04931573569774628,0.7299375534057617,-91.83972930908203,105.70701599121094,0.34687259793281555
>Sequence,F,504,0.33005616068840027,79.21347856521606,C,0.13265827298164368,0.06275655329227448,0.8045851588249207,C,0.07231387495994568,0.06264393776655197,0.0009182702633552253,0.016143912449479103,0.048528868705034256,0.0842895433306694,0.14226628839969635,0.5728952884674072,-87.33710479736328,20.28314781188965,0.31949958205223083
>Sequence,N,505,0.6073428392410278,118.43185365200043,C,0.08317568153142929,0.04099852964282036,0.8758257031440735,C,0.052965305745601654,0.038470495492219925,0.0009813338983803988,0.012006635777652264,0.033115681260824203,0.1155409887433052,0.19453474879264832,0.5523847937583923,-89.50387573242188,40.908321380615234,0.35777387022972107
>Sequence,G,506,0.4436996281147003,46.14476132392883,C,0.060305655002593994,0.061902813613414764,0.8777915835380554,C,0.033533819019794464,0.02330443449318409,0.00183015875518322,0.013999898917973042,0.04839221388101578,0.18351711332798004,0.15806156396865845,0.5373608469963074,95.54652404785156,32.001529693603516,0.25867512822151184
>Sequence,Y,507,0.3577432930469513,94.08648607134819,C,0.03120320662856102,0.12167277932167053,0.8471240997314453,C,0.01645425148308277,0.01616870053112507,0.000538454856723547,0.035585224628448486,0.08497162163257599,0.13069339096546173,0.04489139840006828,0.6706969141960144,-99.21562957763672,125.56676483154297,0.2192859947681427
>Sequence,T,508,0.3361295163631439,57.814276814460754,C,0.018140263855457306,0.09848436713218689,0.8833754062652588,C,0.006928522139787674,0.011967930942773819,0.00023079969105310738,0.022539136931300163,0.07278148084878922,0.13292759656906128,0.012198363430798054,0.7404261827468872,-101.01691436767578,139.41319274902344,0.1756763458251953
>Sequence,P,509,0.3709235191345215,58.976839542388916,C,0.12462615966796875,0.07387296855449677,0.8015008568763733,C,0.05473250523209572,0.060804981738328934,0.0007490869029425085,0.014238889329135418,0.055282749235630035,0.0541166327893734,0.07640949636697769,0.6836655735969543,-64.51810455322266,142.87745666503906,0.18563584983348846
>Sequence,L,510,0.38401710987091064,77.18743908405304,C,0.24765759706497192,0.0762832835316658,0.6760590672492981,C,0.12840087711811066,0.12771087884902954,0.001531736459583044,0.019274143502116203,0.06022707745432854,0.09043017774820328,0.12615364789962769,0.4462713897228241,-76.18418884277344,4.17465877532959,0.14713060855865479
>Sequence,H,511,0.44414812326431274,99.48917961120605,C,0.28848305344581604,0.08402115851640701,0.6274957656860352,C,0.13179440796375275,0.14717842638492584,0.0025939918123185635,0.01964154653251171,0.06657277792692184,0.08957025408744812,0.13059307634830475,0.4120555520057678,-87.50364685058594,27.433307647705078,0.1558874249458313
>Sequence,Y,512,0.2906671166419983,76.44545167684555,C,0.2932489216327667,0.08868810534477234,0.6180629730224609,C,0.10759191960096359,0.17473337054252625,0.002703293226659298,0.020622674375772476,0.06832382082939148,0.09451840817928314,0.09738189727067947,0.43412455916404724,-87.65322875976562,48.97011184692383,0.14046475291252136
>Sequence,K,513,0.5116819143295288,120.7569317817688,C,0.30204421281814575,0.0718984305858612,0.6260573863983154,C,0.10601506382226944,0.18598572909832,0.002641568426042795,0.014719960279762745,0.06191030889749527,0.10690884292125702,0.10993414372205734,0.4118843972682953,-80.95030212402344,-0.9563561677932739,0.1301697939634323
>Sequence,K,514,0.5359542965888977,126.48521399497986,C,0.31203922629356384,0.09439334273338318,0.5935674905776978,C,0.10377845913171768,0.19293157756328583,0.002769788959994912,0.01842396706342697,0.0823863297700882,0.10626432299613953,0.11048057675361633,0.3829650282859802,-83.46637725830078,22.524303436279297,0.1294422447681427
>Sequence,A,515,0.29289326071739197,37.783230632543564,C,0.26206615567207336,0.12381942570209503,0.6141144633293152,C,0.08470790833234787,0.1637217402458191,0.002202996052801609,0.02060672640800476,0.10075307637453079,0.08803018927574158,0.09381893277168274,0.44615840911865234,-83.98617553710938,92.73265838623047,0.1304129809141159
>Sequence,C,516,0.25561395287513733,42.687530130147934,C,0.21026527881622314,0.1712857186794281,0.6184489727020264,C,0.06912443041801453,0.13450540602207184,0.0031798803247511387,0.03547518327832222,0.1235484778881073,0.10126590728759766,0.10403561592102051,0.42886507511138916,-92.53646087646484,88.93700408935547,0.10188232362270355
>Sequence,M,517,0.3130843937397003,70.13090419769287,C,0.1975349485874176,0.12452467530965805,0.6779403686523438,C,0.06038304790854454,0.1291487067937851,0.0024519581347703934,0.02488166280090809,0.09301529079675674,0.12235268205404282,0.10427196323871613,0.46349474787712097,-89.4199447631836,72.0295639038086,0.11421564966440201
>Sequence,T,518,0.44374778866767883,76.32461965084076,C,0.19170957803726196,0.10608090460300446,0.7022095322608948,C,0.050508469343185425,0.13641606271266937,0.0027307632844895124,0.018529502674937248,0.08119905740022659,0.17638351023197174,0.10439452528953552,0.42983806133270264,-93.57020568847656,85.82682800292969,0.09071160852909088
>Sequence,D,519,0.47806307673454285,92.26617380976677,C,0.19337144494056702,0.08107200264930725,0.7255566120147705,C,0.049005232751369476,0.13279400765895844,0.002005339600145817,0.01698002964258194,0.06389947980642319,0.1260550171136856,0.10268516093492508,0.5065757036209106,-87.74939727783203,71.01153564453125,0.07542353868484497
>Sequence,Y,520,0.3013860881328583,79.26454117894173,C,0.39893680810928345,0.07788543403148651,0.5231777429580688,C,0.10624875128269196,0.2709463834762573,0.004874060396105051,0.015242036432027817,0.061552729457616806,0.09758193045854568,0.1263853758573532,0.3171687424182892,-79.98448181152344,-13.285981178283691,0.09304933995008469
>Sequence,D,521,0.49805259704589844,96.1241512298584,C,0.4075012803077698,0.07013393193483353,0.5223647952079773,C,0.10001931339502335,0.2862190008163452,0.003930266480892897,0.010815760120749474,0.06143379211425781,0.1037660613656044,0.12088733911514282,0.3129284679889679,-79.69039154052734,-10.602002143859863,0.07464718818664551
>Sequence,T,522,0.41935819387435913,72.12960934638977,C,0.42137277126312256,0.12809893488883972,0.4505283534526825,H,0.09124425053596497,0.3128589987754822,0.006038948893547058,0.015097304247319698,0.11318767070770264,0.09830784052610397,0.10143831372261047,0.261826753616333,-86.64256286621094,-13.788616180419922,0.05906049907207489
>Sequence,L,523,0.2753685414791107,55.349076837301254,C,0.35354283452033997,0.19797511398792267,0.44848203659057617,C,0.07302025705575943,0.2699742019176483,0.005477814003825188,0.02989267185330391,0.1580035388469696,0.09143422544002533,0.07649142295122147,0.2957058548927307,-83.3066635131836,18.02676010131836,0.06485661119222641
>Sequence,I,524,0.24360883235931396,47.99093997478485,C,0.3071823716163635,0.21481060981750488,0.47800710797309875,C,0.03880903869867325,0.2721395492553711,0.004183676093816757,0.03339065983891487,0.15958544611930847,0.09695031493902206,0.0438532717525959,0.3510880768299103,-88.34384155273438,108.87910461425781,0.06694407016038895
>Sequence,D,525,0.426615446805954,82.33678123354912,C,0.29519855976104736,0.10755518823862076,0.5972462296485901,C,0.028113825246691704,0.2641059160232544,0.0024187241215258837,0.021279964596033096,0.07551874220371246,0.05355111137032509,0.04982489347457886,0.5051867961883545,-81.87162780761719,91.05756378173828,0.05009675770998001
>Sequence,V,526,0.22742462158203125,39.57188415527344,H,0.6775079965591431,0.037515848875045776,0.28497612476348877,H,0.05166257917881012,0.6168590188026428,0.006793847773224115,0.00570394704118371,0.03068387135863304,0.03810937702655792,0.059481389820575714,0.19070599973201752,-70.87579345703125,-34.01862716674805,0.06921318918466568
>Sequence,Q,527,0.5006971955299377,112.65686899423599,H,0.7112930417060852,0.026443295180797577,0.2622636556625366,H,0.06595253944396973,0.6363950371742249,0.005343668162822723,0.0038332834374159575,0.02344673126935959,0.03537455573678017,0.07355698198080063,0.1560971885919571,-69.25524139404297,-34.25505065917969,0.0809892863035202
>Sequence,S,528,0.4087214469909668,63.35182428359985,H,0.6659759879112244,0.0296791922301054,0.3043448328971863,H,0.06824371218681335,0.5892028212547302,0.006649409420788288,0.00445801205933094,0.025666752830147743,0.04234648868441582,0.08406627923250198,0.17936649918556213,-72.73832702636719,-31.365392684936523,0.0687953308224678
>Sequence,L,529,0.2638521194458008,53.03427600860596,H,0.629152774810791,0.028646180406212807,0.3422010540962219,H,0.061214666813611984,0.5734652876853943,0.007279642391949892,0.00601163599640131,0.020524105057120323,0.057104602456092834,0.08876235038042068,0.1856376826763153,-73.5716552734375,-29.128995895385742,0.07088319957256317
>Sequence,H,530,0.36881232261657715,82.61396026611328,H,0.5981165766716003,0.01865258999168873,0.38323086500167847,H,0.05599812790751457,0.5474953651428223,0.005968937650322914,0.005318194627761841,0.012794445268809795,0.056925009936094284,0.08747760206460953,0.22802233695983887,-74.89060974121094,-23.14630699157715,0.07454558461904526
>Sequence,K,531,0.5507031679153442,129.96594762802124,H,0.6395190358161926,0.019043775275349617,0.34143728017807007,H,0.06448572874069214,0.5700677037239075,0.0060890172608196735,0.004265669733285904,0.01499189343303442,0.05812261626124382,0.09350061416625977,0.18847669661045074,-70.17351531982422,-31.855865478515625,0.07083839923143387
>Sequence,K,532,0.5252069234848022,123.94883394241333,H,0.6470248103141785,0.02867436408996582,0.3243007957935333,H,0.0648653581738472,0.5678789019584656,0.005900978110730648,0.005471872631460428,0.024081235751509666,0.049603141844272614,0.0799994096159935,0.2021990567445755,-73.35137176513672,-32.406097412109375,0.07300366461277008
>Sequence,A,533,0.2568165063858032,33.129329323768616,H,0.6227484345436096,0.04008368030190468,0.3371679186820984,H,0.06255743652582169,0.5433887243270874,0.0051246946677565575,0.006099895108491182,0.03253350034356117,0.04858439043164253,0.0715521052479744,0.230159193277359,-73.83206939697266,-31.899690628051758,0.08353472501039505
>Sequence,Y,534,0.32621434330940247,85.79437229037285,H,0.5721432566642761,0.07823988050222397,0.3496168553829193,H,0.054706063121557236,0.5137882828712463,0.006663727108389139,0.012141823768615723,0.058428894728422165,0.056118547916412354,0.07247325778007507,0.225679412484169,-78.86113739013672,-27.239866256713867,0.09010101109743118
>Sequence,A,535,0.42156165838241577,54.381453931331635,H,0.5252578854560852,0.06654364615678787,0.40819844603538513,H,0.05005126819014549,0.47064509987831116,0.005614892579615116,0.007810467854142189,0.0550406314432621,0.06002243980765343,0.07487709075212479,0.27593815326690674,-72.87724304199219,-33.27149200439453,0.11023025959730148
>Sequence,E,536,0.5430768728256226,121.10614264011383,H,0.5006570219993591,0.08946255594491959,0.4098803699016571,H,0.06184473633766174,0.42815420031547546,0.00673668785020709,0.013252636417746544,0.07635097950696945,0.05367734283208847,0.09028483182191849,0.2696985900402069,-76.69925689697266,-21.57785415649414,0.1112961396574974
>Sequence,V,537,0.24283131957054138,42.2526496052742,H,0.529000997543335,0.062399886548519135,0.4085991382598877,H,0.057391535490751266,0.4637455642223358,0.007843687199056149,0.009690330363810062,0.051502425223588943,0.05909666046500206,0.07305828481912613,0.2776714861392975,-77.9443359375,-24.46396827697754,0.10843490809202194
>Sequence,N,538,0.4762897789478302,92.87650689482689,C,0.45331865549087524,0.047058120369911194,0.49962317943573,H,0.059747114777565,0.39494603872299194,0.008833849802613258,0.008402136154472828,0.03632314130663872,0.08048083633184433,0.11598038673400879,0.2952864468097687,-75.14372253417969,-10.909168243408203,0.1072026789188385
>Sequence,N,539,0.49628782272338867,96.77612543106079,C,0.4304976463317871,0.05516171082854271,0.5143406391143799,H,0.059697411954402924,0.37254640460014343,0.0089226383715868,0.009786972776055336,0.04358522966504097,0.08417506515979767,0.12077700346708298,0.3005092442035675,-78.71218872070312,-2.5674517154693604,0.09556117653846741
>Sequence,I,540,0.27723291516304016,54.61488428711891,H,0.4932689666748047,0.09113575518131256,0.4155953526496887,H,0.0594651997089386,0.4324053227901459,0.008218621835112572,0.013947113417088985,0.07271818071603775,0.07232417166233063,0.06836440414190292,0.27255693078041077,-79.52604675292969,-25.051118850708008,0.09470459073781967
>Sequence,I,541,0.25553232431411743,50.339867889881134,H,0.4542548954486847,0.12295903265476227,0.422786146402359,H,0.049831174314022064,0.3979223072528839,0.006387120578438044,0.018655484542250633,0.09473998099565506,0.07242124527692795,0.04846617579460144,0.3115765452384949,-81.99112701416016,-6.271042823791504,0.10259765386581421
>Sequence,D,542,0.42123204469680786,81.29778462648392,C,0.4015215337276459,0.08080578595399857,0.5176726579666138,C,0.04187927767634392,0.34553325176239014,0.0038771084509789944,0.015390001237392426,0.05969670042395592,0.0449700653553009,0.054977934807538986,0.43367570638656616,-78.15553283691406,28.10345458984375,0.08475681394338608
>Sequence,I,543,0.255565881729126,50.34647870063782,H,0.6172794699668884,0.04945977032184601,0.333260715007782,H,0.07739057391881943,0.5145355463027954,0.007132158149033785,0.007711007259786129,0.044017598032951355,0.039837226271629333,0.06574437022209167,0.24363146722316742,-73.14905548095703,-29.81853485107422,0.10507015883922577
>Sequence,Q,544,0.4755127429962158,106.99036717414856,H,0.5827293395996094,0.04069438949227333,0.3765762746334076,H,0.1053754910826683,0.459646075963974,0.005084888078272343,0.006280655041337013,0.037311848253011703,0.04567604884505272,0.10383192449808121,0.23679301142692566,-73.0972900390625,-25.747102737426758,0.10643572360277176
>Sequence,K,545,0.518399178981781,122.34220623970032,H,0.504653811454773,0.05730787664651871,0.43803828954696655,H,0.12667188048362732,0.36245670914649963,0.00580968102440238,0.010464919731020927,0.04969839006662369,0.060058459639549255,0.14279046654701233,0.24204955995082855,-80.57431030273438,-13.049269676208496,0.09948939085006714
>Sequence,L,546,0.2527385950088501,50.80045759677887,C,0.33961427211761475,0.07669955492019653,0.5836861729621887,C,0.07293783128261566,0.2527869939804077,0.003163037123158574,0.01562592014670372,0.06163529306650162,0.10416612029075623,0.09155353158712387,0.39813125133514404,-80.93916320800781,43.335025787353516,0.09517783671617508
>Sequence,N,547,0.46502265334129333,90.6794174015522,C,0.23393689095973969,0.07511768490076065,0.6909453868865967,C,0.0589553639292717,0.16322104632854462,0.0031074434518814087,0.018243517726659775,0.05584714934229851,0.07524486631155014,0.1266852766275406,0.49869540333747864,-83.89862823486328,49.496009826660156,0.11522400379180908
>Sequence,I,548,0.25599077343940735,50.43018236756325,C,0.27662137150764465,0.10036405175924301,0.6230145692825317,C,0.08616330474615097,0.1786307543516159,0.0029626688919961452,0.021230604499578476,0.08004266768693924,0.08309318870306015,0.08613070100545883,0.4617460072040558,-84.56413269042969,29.967557907104492,0.13655690848827362
>Sequence,K,549,0.5805601477622986,137.01219487190247,C,0.27190080285072327,0.08004844933748245,0.6480507254600525,C,0.11981014162302017,0.14846913516521454,0.002746554557234049,0.014736838638782501,0.06935447454452515,0.1073884591460228,0.14604614675045013,0.3914482295513153,-80.0563735961914,-3.3063864707946777,0.15545699000358582
>Sequence,K,550,0.574569582939148,135.59842157363892,C,0.2128991335630417,0.10937242209911346,0.6777284741401672,C,0.11710380762815475,0.10298589617013931,0.0018093081889674067,0.022499561309814453,0.09032931923866272,0.10587985068559647,0.15427689254283905,0.40511536598205566,-90.01800537109375,66.0386734008789,0.139029398560524
>Sequence,C,551,0.21588034927845,36.05201832950115,C,0.0824604406952858,0.12927591800689697,0.7882636785507202,C,0.03419790416955948,0.04229207709431648,0.0006986453663557768,0.03123609535396099,0.09347521513700485,0.11868558079004288,0.06176839768886566,0.6176461577415466,-94.76345825195312,128.73143005371094,0.11554805189371109
>Sequence,S,552,0.5730926990509033,88.82936835289001,C,0.028162876144051552,0.0950075164437294,0.8768295645713806,C,0.013572714291512966,0.011394222266972065,0.00040917968726716936,0.023565853014588356,0.06583862751722336,0.11667797714471817,0.057170480489730835,0.7113708853721619,-96.07015991210938,118.84673309326172,0.15486997365951538
>Sequence,A,553,0.40815240144729614,52.6516597867012,C,0.00648858305066824,0.03820887207984924,0.9553025364875793,C,0.0032286199275404215,0.0027153294067829847,0.00014244475460145622,0.015204556286334991,0.02148325741291046,0.31407442688941956,0.016613395884633064,0.6265379786491394,-87.8330307006836,145.2510223388672,0.18967095017433167
>Sequence,P,554,0.4615345895290375,73.38399973511696,C,0.006661771796643734,0.007022583857178688,0.9863156676292419,C,0.003251908114179969,0.002773907035589218,3.219501013518311e-05,0.0031076688319444656,0.0039542121812701225,0.09715527296066284,0.01938767172396183,0.8703371286392212,-64.78134155273438,157.53460693359375,0.1877366304397583
>Sequence,P,555,0.6670273542404175,106.05734932422638,C,0.06351960450410843,0.011199165135622025,0.9252812266349792,C,0.05540706217288971,0.026804516091942787,0.00024777729413472116,0.00665944954380393,0.007255980744957924,0.1035117357969284,0.36784839630126953,0.4322650730609894,-59.60987091064453,141.57554626464844,0.22900453209877014
>Sequence,G,556,0.5983426570892334,62.22763633728027,C,0.15913361310958862,0.018220143392682076,0.8226462006568909,T,0.11320804059505463,0.058555763214826584,0.0018762759864330292,0.005598014686256647,0.014497499912977219,0.11976552754640579,0.39732739329338074,0.2891715466976166,71.853515625,-15.3155517578125,0.18646511435508728
>Sequence,Q,557,0.4716724753379822,106.12630695104599,C,0.24562238156795502,0.08958229422569275,0.6647953391075134,C,0.10458492487668991,0.13398155570030212,0.0017596589168533683,0.01843087002635002,0.07147382944822311,0.10360691696405411,0.08879070729017258,0.47737157344818115,-86.58911895751953,25.8288631439209,0.17984484136104584
>Sequence,H,558,0.3898850977420807,87.33426189422607,C,0.23861275613307953,0.1736011654138565,0.587786078453064,C,0.08622473478317261,0.14529253542423248,0.00216555199585855,0.020589478313922882,0.1478574126958847,0.07506218552589417,0.06368313729763031,0.45912492275238037,-90.50489807128906,81.32191467285156,0.165586456656456
>Sequence,M,559,0.258125364780426,57.82008171081543,C,0.2354849874973297,0.266795814037323,0.4977191388607025,C,0.08164175599813461,0.15232767164707184,0.0022017613518983126,0.023817846551537514,0.23198583722114563,0.05354481562972069,0.045593343675136566,0.40888699889183044,-91.87541198730469,106.80050659179688,0.161386176943779
>Sequence,L,560,0.2256142795085907,45.34847018122673,C,0.21249531209468842,0.3370801508426666,0.45042452216148376,C,0.062095481902360916,0.15014797449111938,0.0017603157320991158,0.022737907245755196,0.3084877133369446,0.04313426837325096,0.04088405519723892,0.3707522451877594,-89.95282745361328,102.15377807617188,0.1358698308467865
>Sequence,L,561,0.2003987580537796,40.2801503688097,C,0.1682807058095932,0.3781604766845703,0.4535588026046753,C,0.04335321858525276,0.12010710686445236,0.001190809765830636,0.019147953018546104,0.3505357503890991,0.042743757367134094,0.03421255946159363,0.38870885968208313,-92.27596282958984,115.34290313720703,0.1319904327392578
>Sequence,Q,562,0.3716255724430084,83.6157537996769,C,0.14482156932353973,0.3718172609806061,0.483361154794693,C,0.03930217772722244,0.1006961241364479,0.0016317876288667321,0.020733805373311043,0.3418593406677246,0.042802922427654266,0.037027910351753235,0.41594594717025757,-95.44295501708984,118.69367980957031,0.1696629524230957
>Sequence,I,563,0.22762688994407654,44.84249731898308,C,0.12215302139520645,0.39814719557762146,0.47969985008239746,C,0.02921042963862419,0.09391362220048904,0.0012998536694794893,0.021661408245563507,0.3724381625652313,0.03921180218458176,0.03630911186337471,0.4059556722640991,-96.8272705078125,114.32074737548828,0.16957424581050873
>Sequence,V,564,0.26728183031082153,46.50703847408295,C,0.09291534870862961,0.2946317791938782,0.6124528646469116,C,0.023622479289770126,0.07061593234539032,0.0016073730075731874,0.020928358659148216,0.2571268081665039,0.050366077572107315,0.04909558594226837,0.5266374349594116,-99.2708740234375,113.24958038330078,0.2763502299785614
>Sequence,N,565,0.4236428439617157,82.61035457253456,C,0.042443469166755676,0.13484299182891846,0.8227135539054871,C,0.012370029464364052,0.026800820603966713,0.0007114062318578362,0.009793192148208618,0.11398804187774658,0.038855548948049545,0.05023346468806267,0.747247576713562,-98.6679458618164,118.03385925292969,0.42699727416038513
>Sequence,T,566,0.6969061493873596,119.86785769462585,C,0.005869540385901928,0.008278128691017628,0.9858522415161133,C,0.002444234676659107,0.0034680042881518602,9.85458682407625e-05,0.001080295187421143,0.008823425509035587,0.03654671460390091,0.03613654151558876,0.9114022254943848,-90.72290802001953,62.24951171875,0.5254577398300171
