mhc,pep,tgt
HLA-A*01:01,AADKLWVTVY,0
HLA-A*01:01,AAENLWVTVY,0
HLA-A*01:01,ADKKVSQNY,0
HLA-A*01:01,ADTGKVSQNY,0
HLA-A*01:01,AENLWVTVY,0
HLA-A*01:01,AETKEFKTLY,0
HLA-A*01:01,ALDNWKNLW,0
HLA-A*01:01,ALDQWASLW,0
HLA-A*01:01,ALDRWNNLW,0
HLA-A*01:01,ALDSWKNLW,0
HLA-A*01:01,ANNEDNNTY,0
HLA-A*01:01,AQWEREISNY,0
HLA-A*01:01,ASDAKAHEA,0
HLA-A*01:01,ASDAKAHKA,0
HLA-A*01:01,ASDLWVTVY,0
HLA-A*01:01,ASDLWVTVYY,0
HLA-A*01:01,ASDNFWVTV,0
HLA-A*01:01,ASDNFWVTVY,0
HLA-A*01:01,ASDNLWVTIY,0
HLA-A*01:01,ASDNLWVTV,0
HLA-A*01:01,ASDNLWVTVY,0
HLA-A*01:01,ASENLWVTVY,0
HLA-A*01:01,ASNDLWVTVY,0
HLA-A*01:01,ASNLWVTVY,0
HLA-A*01:01,ASNLWVTVYY,0
HLA-A*01:01,ASNNLWVTVY,0
HLA-A*01:01,ATDIQTKEL,0
HLA-A*01:01,AVLSAATETY,0
HLA-A*01:01,CDIEIGNFY,0
HLA-A*01:01,CSAPPGQHM,0
HLA-A*01:01,CTLLHRCIY,0
HLA-A*01:01,DIEITTHYF,0
HLA-A*01:01,DKAQEEHERY,0
HLA-A*01:01,DLEITTHHF,0
HLA-A*01:01,DLEITTHSF,0
HLA-A*01:01,DLEITTHYF,0
HLA-A*01:01,DLETTMHHF,0
HLA-A*01:01,DLEVTTHSF,0
HLA-A*01:01,DSNGNHSENY,0
HLA-A*01:01,DSQNDSSKY,0
HLA-A*01:01,DSSENSSKY,0
HLA-A*01:01,DTGKVSQNY,0
HLA-A*01:01,DVSQEVRKY,0
HLA-A*01:01,EADKKVSQNY,0
HLA-A*01:01,EIDIMKRCY,0
HLA-A*01:01,EIGNYTNQIY,0
HLA-A*01:01,EIKDKKKIVY,0
HLA-A*01:01,EIRDKMQKVY,0
HLA-A*01:01,EIRDKRQQVY,0
HLA-A*01:01,EISNSTDTIY,0
HLA-A*01:01,EISNYSETIY,0
HLA-A*01:01,EISNYTDQIY,0
HLA-A*01:01,EISNYTDTIY,0
HLA-A*01:01,EISNYTDVIY,0
HLA-A*01:01,EISNYTEQIY,0
HLA-A*01:01,EISNYTGIIY,0
HLA-A*01:01,EISNYTNKIY,0
HLA-A*01:01,EISNYTNQIY,0
HLA-A*01:01,EISNYTNTIY,0
HLA-A*01:01,EISNYTQIIY,0
HLA-A*01:01,EISNYTSQIY,0
HLA-A*01:01,ELDKWASLW,0
HLA-A*01:01,ELDKWTNLW,0
HLA-A*01:01,ELDKWTSLW,0
HLA-A*01:01,ELIDKKHKVY,0
HLA-A*01:01,ELKTSATSLY,0
HLA-A*01:01,ELRDKKHKEY,0
HLA-A*01:01,ELRDKKQKVY,0
HLA-A*01:01,ELRDRKQKVY,0
HLA-A*01:01,ELRTSATSLY,0
HLA-A*01:01,ETKEFKTLY,0
HLA-A*01:01,ETKVGKAGY,0
HLA-A*01:01,ETNDTTEIF,0
HLA-A*01:01,ETPGIRYQY,0
HLA-A*01:01,ETSIYDAVSY,0
HLA-A*01:01,ETWETWWMDY,0
HLA-A*01:01,EVHNVWATY,0
HLA-A*01:01,EVNIVTDSQY,0
HLA-A*01:01,EWDKEISNY,0
HLA-A*01:01,EYGENILHIY,0
HLA-A*01:01,FCASDAKAY,0
HLA-A*01:01,FDAVESLDY,0
HLA-A*01:01,FDISNWLRY,0
HLA-A*01:01,FIDSYLQKL,0
HLA-A*01:01,FLENVTENF,0
HLA-A*01:01,FNCGGEFFY,0
HLA-A*01:01,FNCRGEFFY,0
HLA-A*01:01,FNDNELTTY,0
HLA-A*01:01,FNGYTPLHY,0
HLA-A*01:01,FNSTFNSTY,0
HLA-A*01:01,FNYTENELNY,0
HLA-A*01:01,FRDYVDRFY,0
HLA-A*01:01,FSENSSFREY,0
HLA-A*01:01,FSISKWLWY,0
HLA-A*01:01,FSITNWLWY,0
HLA-A*01:01,GDIEITTHY,0
HLA-A*01:01,GDLEITTHY,0
HLA-A*01:01,GENEYSSEY,0
HLA-A*01:01,GGDIEITTHY,0
HLA-A*01:01,GGDLEITTHY,0
HLA-A*01:01,GGNNSSSEY,0
HLA-A*01:01,GGNSNSSEY,0
HLA-A*01:01,GLNKIVRMY,0
HLA-A*01:01,GLSSINIKEY,0
HLA-A*01:01,GLTPEQKAY,0
HLA-A*01:01,GLYYQGSCY,0
HLA-A*01:01,GNSSKVSLNY,0
HLA-A*01:01,GNSSNVSQNY,0
HLA-A*01:01,GNSSPVSQNY,0
HLA-A*01:01,GQDQWTYQIY,0
HLA-A*01:01,GSDGNPITK,0
HLA-A*01:01,GSDVDKKDTY,0
HLA-A*01:01,GSEDLKSLF,0
HLA-A*01:01,GSEEIKSLF,0
HLA-A*01:01,GSEEIKSLY,0
HLA-A*01:01,GSEEIKSLYN,0
HLA-A*01:01,GSEELKSLF,0
HLA-A*01:01,GSEELKSLY,0
HLA-A*01:01,GSEELRSLF,0
HLA-A*01:01,GSEELRSLY,0
HLA-A*01:01,GSEEVKSLY,0
HLA-A*01:01,GSEEVKSLYN,0
HLA-A*01:01,GSGSKVSQNY,0
HLA-A*01:01,GSNSKVSQNY,0
HLA-A*01:01,GSSSKISQNY,0
HLA-A*01:01,GSSSKVSQNY,0
HLA-A*01:01,GTDEVKNCSF,0
HLA-A*01:01,GTDNSTITI,0
HLA-A*01:01,GTEELKSLY,0
HLA-A*01:01,GTEELKSLYN,0
HLA-A*01:01,GTEELRSLF,0
HLA-A*01:01,HLDNSIRLM,0
HLA-A*01:01,HLENVTEEF,0
HLA-A*01:01,HLENVTENF,0
HLA-A*01:01,HNDSNYSEY,0
HLA-A*01:01,HTDNGSNFT,0
HLA-A*01:01,IDVQSLHQY,0
HLA-A*01:01,IFDAVESLDY,0
HLA-A*01:01,IGNYTNQIY,0
HLA-A*01:01,IGPGQVLFY,0
HLA-A*01:01,IIENRLPYY,0
HLA-A*01:01,IIGDIRQAY,0
HLA-A*01:01,IIGDIRSAY,0
HLA-A*01:01,IIGSIRQAY,0
HLA-A*01:01,IINRVRQGY,0
HLA-A*01:01,IKDNWRSELY,0
HLA-A*01:01,ILAALFMYY,0
HLA-A*01:01,ILDWSIYLF,0
HLA-A*01:01,INIGPGQVFY,0
HLA-A*01:01,INNETPGIRY,0
HLA-A*01:01,IPTDPNPQEI,0
HLA-A*01:01,IQEYNLVRKY,0
HLA-A*01:01,IRDKRQQVY,0
HLA-A*01:01,IRIGPGQAFY,0
HLA-A*01:01,IRIGPGQTFY,0
HLA-A*01:01,ISFDPIPIHY,0
HLA-A*01:01,ISIGPGRVY,0
HLA-A*01:01,ISIGPGRVYY,0
HLA-A*01:01,ISILINHRFY,0
HLA-A*01:01,ISKIGPENPY,0
HLA-A*01:01,ISNSTDTIY,0
HLA-A*01:01,ISNYSETIY,0
HLA-A*01:01,ISNYTDQIY,0
HLA-A*01:01,ISNYTDTIY,0
HLA-A*01:01,ISNYTDTIYY,0
HLA-A*01:01,ISNYTDVIY,0
HLA-A*01:01,ISNYTEQIY,0
HLA-A*01:01,ISNYTGIIY,0
HLA-A*01:01,ISNYTNKIY,0
HLA-A*01:01,ISNYTNQIY,0
HLA-A*01:01,ISNYTNTIY,0
HLA-A*01:01,ISNYTQIIY,0
HLA-A*01:01,ISNYTSQIY,0
HLA-A*01:01,ITDDFRNCSF,0
HLA-A*01:01,ITDDMRGEL,0
HLA-A*01:01,ITDDMRGELK,0
HLA-A*01:01,ITDDVKNCSF,0
HLA-A*01:01,ITDDVRNCSF,0
HLA-A*01:01,ITDEVKNCSF,0
HLA-A*01:01,ITDEVRNCSF,0
HLA-A*01:01,ITDEVRNCTF,0
HLA-A*01:01,ITDSAVAVA,0
HLA-A*01:01,ITEDVRNCSF,0
HLA-A*01:01,ITKLQNFRVY,0
HLA-A*01:01,IVGNIRQAY,0
HLA-A*01:01,IVNRVRQGY,0
HLA-A*01:01,IVQMGENEY,0
HLA-A*01:01,IYDAVSYNAY,0
HLA-A*01:01,KANNEDNNTY,0
HLA-A*01:01,KAQEEHERY,0
HLA-A*01:01,KCDIEIGNFY,0
HLA-A*01:01,KDINTLMRY,0
HLA-A*01:01,KDNWRNELY,0
HLA-A*01:01,KDNWRSELY,0
HLA-A*01:01,KESCNGLYY,0
HLA-A*01:01,KLEKNCNAY,0
HLA-A*01:01,KLNWASQIY,0
HLA-A*01:01,KLQNFRVYY,0
HLA-A*01:01,KNDPNSTKY,0
HLA-A*01:01,KNSSNSNGEY,0
HLA-A*01:01,KQEPIDKELY,0
HLA-A*01:01,KQEQTDKDLY,0
HLA-A*01:01,KQGQDQWTY,0
HLA-A*01:01,KQKVHALFY,0
HLA-A*01:01,KQQVHALFY,0
HLA-A*01:01,KQQVYALFY,0
HLA-A*01:01,KSSSNNSEEY,0
HLA-A*01:01,KTDSDTITI,0
HLA-A*01:01,KTPVHGVYY,0
HLA-A*01:01,KVASSTTQY,0
HLA-A*01:01,KVDKTIVDF,0
HLA-A*01:01,KVVSSTTQY,0
HLA-A*01:01,LDSSENSSKY,0
HLA-A*01:01,LDSSNSSKY,0
HLA-A*01:01,LFNTVATLY,0
HLA-A*01:01,LIDKKHKVY,0
HLA-A*01:01,LIDVQSLHQY,0
HLA-A*01:01,LKTPVHGVYY,0
HLA-A*01:01,LLTDKKQKFY,0
HLA-A*01:01,LLTDKKQKVY,0
HLA-A*01:01,LLTDQKKKVY,0
HLA-A*01:01,LNDSSSSEY,0
HLA-A*01:01,LQWDKEISNY,0
HLA-A*01:01,LSDFSSIAA,0
HLA-A*01:01,LSLDNVTENF,0
HLA-A*01:01,LSNSKNSSEY,0
HLA-A*01:01,LSNSNSSEY,0
HLA-A*01:01,LSSINIKEY,0
HLA-A*01:01,LTDIVPLTE,0
HLA-A*01:01,LTDKKQKFY,0
HLA-A*01:01,LTDKKQKFYA,0
HLA-A*01:01,LTDKKQKVY,0
HLA-A*01:01,LTDKKQKVYA,0
HLA-A*01:01,LTDKKQQVH,0
HLA-A*01:01,LTDQKKKVY,0
HLA-A*01:01,LTEEAELEL,0
HLA-A*01:01,LVQMDKSNRY,0
HLA-A*01:01,MEWDKEISNY,0
HLA-A*01:01,MGENEYSSEY,0
HLA-A*01:01,MGGNNSSSEY,0
HLA-A*01:01,MKDNWRSELY,0
HLA-A*01:01,MQKVYALFY,0
HLA-A*01:01,MQWDKEISNY,0
HLA-A*01:01,MQWDREISNY,0
HLA-A*01:01,MQWEKEISNY,0
HLA-A*01:01,MRDNWRSELY,0
HLA-A*01:01,MTIGPGHVF,0
HLA-A*01:01,MTIGPGHVFY,0
HLA-A*01:01,MWQEVGQAMY,0
HLA-A*01:01,MWQEVGRAMY,0
HLA-A*01:01,NASDLWVTVY,0
HLA-A*01:01,NASNLWVTVY,0
HLA-A*01:01,NETPGIRYQY,0
HLA-A*01:01,NFNDNELTTY,0
HLA-A*01:01,NHNDSNYSEY,0
HLA-A*01:01,NIDSVDFNGY,0
HLA-A*01:01,NIGPGQVFY,0
HLA-A*01:01,NKNDPNSTKY,0
HLA-A*01:01,NNETPGIRY,0
HLA-A*01:01,NNSEEYEKY,0
HLA-A*01:01,NPEIIIYQY,0
HLA-A*01:01,NRSNNSNKEY,0
HLA-A*01:01,NSSKVSLNY,0
HLA-A*01:01,NSSNGTETF,0
HLA-A*01:01,NSSNSNGEY,0
HLA-A*01:01,NSSNVSQNY,0
HLA-A*01:01,NSSPVSQNY,0
HLA-A*01:01,NSSWSNKSY,0
HLA-A*01:01,NSSWSNKTY,0
HLA-A*01:01,NSSWSNRSY,0
HLA-A*01:01,NSTWSNKSY,0
HLA-A*01:01,NTKEENKTKY,0
HLA-A*01:01,NTPPLVKLWY,0
HLA-A*01:01,NTSGLFNKTY,0
HLA-A*01:01,NTSGLFNSTY,0
HLA-A*01:01,NTSQLFNGTY,0
HLA-A*01:01,NTTNLTASAY,0
HLA-A*01:01,NTVVRDFENY,0
HLA-A*01:01,PAETGQETAY,0
HLA-A*01:01,PLDESFRKY,0
HLA-A*01:01,PLNDSSSSEY,0
HLA-A*01:01,PLSENSSEY,0
HLA-A*01:01,PLSNSNSSEY,0
HLA-A*01:01,PMNDNNSEY,0
HLA-A*01:01,PTDPNPIEI,0
HLA-A*01:01,PTDPNPQEI,0
HLA-A*01:01,PTDPNPQEIF,0
HLA-A*01:01,PTDPNPQEIH,0
HLA-A*01:01,PTDPNPQEIY,0
HLA-A*01:01,PTDPNPQEL,0
HLA-A*01:01,PTDPNPQEV,0
HLA-A*01:01,PTDPSPQEI,0
HLA-A*01:01,QDQWTYQIY,0
HLA-A*01:01,QEYNLVRKY,0
HLA-A*01:01,QQKVHALFY,0
HLA-A*01:01,QQKVSALFY,0
HLA-A*01:01,QQRVQALFY,0
HLA-A*01:01,QTDKDLYPL,0
HLA-A*01:01,QTRILAIERY,0
HLA-A*01:01,QTRVLAIERY,0
HLA-A*01:01,QTSVFSATVY,0
HLA-A*01:01,QVAGTGVQFY,0
HLA-A*01:01,QWDKEISNY,0
HLA-A*01:01,QWDREISNY,0
HLA-A*01:01,RDNWRSELY,0
HLA-A*01:01,RIGPGQAFY,0
HLA-A*01:01,RIGPGQMFY,0
HLA-A*01:01,RIGPGQTFY,0
HLA-A*01:01,RIGPGQVFY,0
HLA-A*01:01,RKVASSTTQY,0
HLA-A*01:01,RKVVSSTTQY,0
HLA-A*01:01,RLGWEGLKY,0
HLA-A*01:01,RLGWEILKY,0
HLA-A*01:01,RNDSSEDGEY,0
HLA-A*01:01,RNNWRSELY,0
HLA-A*01:01,RQGWEGLKY,0
HLA-A*01:01,RQQVYALFY,0
HLA-A*01:01,RSNNSNKEY,0
HLA-A*01:01,RSNSSEDGDY,0
HLA-A*01:01,RTIYNETSIY,0
HLA-A*01:01,RVTMGPGRVY,0
HLA-A*01:01,SANNLWVTVY,0
HLA-A*01:01,SCFPNEIKY,0
HLA-A*01:01,SDLWVTVYY,0
HLA-A*01:01,SDNFWVTVY,0
HLA-A*01:01,SDNFWVTVYY,0
HLA-A*01:01,SDNLWVTIY,0
HLA-A*01:01,SDNLWVTIYY,0
HLA-A*01:01,SDNLWVTVHY,0
HLA-A*01:01,SDNLWVTVY,0
HLA-A*01:01,SDNLWVTVYY,0
HLA-A*01:01,SDSQNDSSKY,0
HLA-A*01:01,SDVDKKDTY,0
HLA-A*01:01,SDVSQEVRKY,0
HLA-A*01:01,SENLWVTVY,0
HLA-A*01:01,SENSSFREY,0
HLA-A*01:01,SFDPIPIHY,0
HLA-A*01:01,SFDPIPIHYC,0
HLA-A*01:01,SFDPIPINY,0
HLA-A*01:01,SFEPIPIHY,0
HLA-A*01:01,SFGPGQTFY,0
HLA-A*01:01,SGSKVSQNY,0
HLA-A*01:01,SIGPGQVFY,0
HLA-A*01:01,SIGPGQVLFY,0
HLA-A*01:01,SIGPGRVYY,0
HLA-A*01:01,SIGQGQVFY,0
HLA-A*01:01,SINIKEYVY,0
HLA-A*01:01,SISIGPGRVY,0
HLA-A*01:01,SKLEKNCNAY,0
HLA-A*01:01,SLDNVTENF,0
HLA-A*01:01,SLDSSNSSKY,0
HLA-A*01:01,SLFNTVATLY,0
HLA-A*01:01,SLYNTIATLY,0
HLA-A*01:01,SLYNTVAVLY,0
HLA-A*01:01,SMGPGRAFY,0
HLA-A*01:01,SMGPGSAFY,0
HLA-A*01:01,SNDLWVTVY,0
HLA-A*01:01,SNDLWVTVYY,0
HLA-A*01:01,SNGNHSENY,0
HLA-A*01:01,SNNLWVTVY,0
HLA-A*01:01,SNNSEEYEKY,0
HLA-A*01:01,SNSKNSSEY,0
HLA-A*01:01,SNSKVSQNY,0
HLA-A*01:01,SNYTDTIYY,0
HLA-A*01:01,SSEDGDYML,0
HLA-A*01:01,SSEDGDYMLV,0
HLA-A*01:01,SSEDGEYML,0
HLA-A*01:01,SSEDGEYMLV,0
HLA-A*01:01,SSINIKEYVY,0
HLA-A*01:01,SSKNHNDSNY,0
HLA-A*01:01,SSSKISQNY,0
HLA-A*01:01,SSSKVSQNY,0
HLA-A*01:01,SSSNNSEEY,0
HLA-A*01:01,SSSSNSSSF,0
HLA-A*01:01,SSTSHIIQEY,0
HLA-A*01:01,STDTIYMLL,0
HLA-A*01:01,STENKTMNW,0
HLA-A*01:01,STNSTTETF,0
HLA-A*01:01,STSHIIQEY,0
HLA-A*01:01,STSHIIQEYN,0
HLA-A*01:01,TDPNPQEIY,0
HLA-A*01:01,TDREPDKEKY,0
HLA-A*01:01,TFDPIPIHY,0
HLA-A*01:01,TFDPIPIHYC,0
HLA-A*01:01,TGSEDLKSLF,0
HLA-A*01:01,TGSEEIKSLF,0
HLA-A*01:01,TGSEEIKSLY,0
HLA-A*01:01,TGSEELKSLY,0
HLA-A*01:01,TGSEELRSLY,0
HLA-A*01:01,TGSEEVKSLY,0
HLA-A*01:01,TGTEELKSLY,0
HLA-A*01:01,TGTEELRSLF,0
HLA-A*01:01,TIGPGHVFY,0
HLA-A*01:01,TIYNETSIY,0
HLA-A*01:01,TLYNLFIDSY,0
HLA-A*01:01,TMDNSTKSKF,0
HLA-A*01:01,TMGPGRVYY,0
HLA-A*01:01,TQWEREISNY,0
HLA-A*01:01,TRIGPGQVFY,0
HLA-A*01:01,TSDNSSGIL,0
HLA-A*01:01,TSETDKETF,0
HLA-A*01:01,TSGLFNKTY,0
HLA-A*01:01,TSGLFNSTY,0
HLA-A*01:01,TSIGPGQVFY,0
HLA-A*01:01,TSIGQGQVFY,0
HLA-A*01:01,TSIYDAVSY,0
HLA-A*01:01,TSMGPGRAFY,0
HLA-A*01:01,TSNNLWVTVY,0
HLA-A*01:01,TSQLFNGTY,0
HLA-A*01:01,TSVFSATVY,0
HLA-A*01:01,TTNLTASAY,0
HLA-A*01:01,TVLDVGDAY,0
HLA-A*01:01,TVVRDFENY,0
HLA-A*01:01,VAGTGVQFY,0
HLA-A*01:01,VAVHVASGY,0
HLA-A*01:01,VIDINYRTIY,0
HLA-A*01:01,VLDVGDAYF,0
HLA-A*01:01,VLSAATETY,0
HLA-A*01:01,VLTDKKQQVH,0
HLA-A*01:01,VPLDESFRKY,0
HLA-A*01:01,VPLSENSSEY,0
HLA-A*01:01,VPMNDNNSEY,0
HLA-A*01:01,VPTDPNPIEI,0
HLA-A*01:01,VPTDPNPQEI,0
HLA-A*01:01,VPTDPNPQEL,0
HLA-A*01:01,VPTDPNPQEV,0
HLA-A*01:01,VPTDPSPQEI,0
HLA-A*01:01,VQMDKSNRY,0
HLA-A*01:01,VRDKKQQVY,0
HLA-A*01:01,VRIGPGQMFY,0
HLA-A*01:01,VRIGPGQVFY,0
HLA-A*01:01,VSFDPIPIHY,0
HLA-A*01:01,VSFDPIPINY,0
HLA-A*01:01,VSFEPIPIHY,0
HLA-A*01:01,VSFGPGQTFY,0
HLA-A*01:01,VSMGPGSAFY,0
HLA-A*01:01,VTDEVKNCSF,0
HLA-A*01:01,VTDRGRQKV,0
HLA-A*01:01,VTEKLKEHF,0
HLA-A*01:01,VTFDPIPIHY,0
HLA-A*01:01,VTMGPGRVY,0
HLA-A*01:01,VTMGPGRVYY,0
HLA-A*01:01,VTVLDVGDAY,0
HLA-A*01:01,VVRDKKQQVY,0
HLA-A*01:01,WFDISNWLRY,0
HLA-A*01:01,WFDISNWLWY,0
HLA-A*01:01,WFDITNWLWY,0
HLA-A*01:01,WFDITQWLWY,0
HLA-A*01:01,WFDITRWLWY,0
HLA-A*01:01,WFDITSWLWY,0
HLA-A*01:01,WGSDGNPITK,0
HLA-A*01:01,WNSSWSNKSY,0
HLA-A*01:01,WNSSWSNKTY,0
HLA-A*01:01,WNSSWSNRSY,0
HLA-A*01:01,WQAVGQAIY,0
HLA-A*01:01,WQEVGQAMY,0
HLA-A*01:01,WQEVGRAMY,0
HLA-A*01:01,WQGAGQAMY,0
HLA-A*01:01,WSCFPNEIKY,0
HLA-A*01:01,WSIYLFLHY,0
HLA-A*01:01,WTDNNTIIL,0
HLA-A*01:01,WTDRIIEVA,0
HLA-A*01:01,WTDRVIEAA,0
HLA-A*01:01,WTDRVIEVV,0
HLA-A*01:01,YCNTSTLFNY,0
HLA-A*01:01,YDAVSYNAY,0
HLA-A*01:01,YGENILHIY,0
HLA-A*01:01,YILDTVNIY,0
HLA-A*01:01,YLENVTENF,0
HLA-A*01:01,YNAYNTLVY,0
HLA-A*01:01,YTDQIYDLI,0
HLA-A*01:01,YTDTIYRLL,0
HLA-A*01:01,YTDTIYYLL,0
HLA-A*01:01,YTDVIYGLL,0
HLA-A*01:01,YTDVIYGLLT,0
HLA-A*01:01,YTEQIYELL,0
HLA-A*01:01,YTNGTFNSTF,0
HLA-A*01:01,YTNKIYDLL,0
HLA-A*01:01,YTNQIYDLL,0
HLA-A*01:01,YTNQIYELL,0
HLA-A*01:01,YTNTIYELL,0
HLA-A*02:01,AAASIQTTV,0
HLA-A*02:01,AALNIQTSV,0
HLA-A*02:01,AEWDRIHPV,0
HLA-A*02:01,AIAGWTDRV,0
HLA-A*02:01,AIGNITDEV,0
HLA-A*02:01,AIILVIFTV,0
HLA-A*02:01,AITDSAVAV,0
HLA-A*02:01,AIVNIPTRI,0
HLA-A*02:01,AIYNPPISGV,0
HLA-A*02:01,ALAWDDLRNL,0
HLA-A*02:01,ALAWDDLRSL,0
HLA-A*02:01,ALFWDDLRNL,0
HLA-A*02:01,ALFYKLDIV,0
HLA-A*02:01,ALFYKLDLV,0
HLA-A*02:01,ALFYRLDIV,0
HLA-A*02:01,ALFYTLDIV,0
HLA-A*02:01,ALIWDDIRSL,0
HLA-A*02:01,ALIWDDLRSL,0
HLA-A*02:01,ALKTGTEEL,0
HLA-A*02:01,ALLHIPRRI,0
HLA-A*02:01,ALMQLTTKA,0
HLA-A*02:01,ALNPGFLDTA,0
HLA-A*02:01,ALNPGLLES,0
HLA-A*02:01,ALNPGLLESA,0
HLA-A*02:01,ALNPGLLET,0
HLA-A*02:01,ALNPGLLETA,0
HLA-A*02:01,ALQDSGSEV,0
HLA-A*02:01,ALQTGTEEL,0
HLA-A*02:01,ALSPRTLNA,0
HLA-A*02:01,ALTDIVPLT,0
HLA-A*02:01,ALTEICKEM,0
HLA-A*02:01,ALTWDDLRNL,0
HLA-A*02:01,ALVWDDLRSL,0
HLA-A*02:01,ALVWEDLRSL,0
HLA-A*02:01,AMDAPPISGM,0
HLA-A*02:01,AMFTAALNI,0
HLA-A*02:01,AMIFGFLGA,0
HLA-A*02:01,AMSQTNHAI,0
HLA-A*02:01,AMSSVQQTNV,0
HLA-A*02:01,AMYAPPIKGI,0
HLA-A*02:01,AMYAPPIQGV,0
HLA-A*02:01,AMYAPPIRGI,0
HLA-A*02:01,AMYAPPISGA,0
HLA-A*02:01,AMYAPPISGI,0
HLA-A*02:01,AMYAPPISGM,0
HLA-A*02:01,AQHSIPTNV,0
HLA-A*02:01,AQLDAVLSA,0
HLA-A*02:01,ATLEEMMTA,0
HLA-A*02:01,AVAEGTDRV,0
HLA-A*02:01,AVAEWTDRV,0
HLA-A*02:01,AVAGWTDRV,0
HLA-A*02:01,AVEWDRTHPV,0
HLA-A*02:01,AVFLGFLGL,0
HLA-A*02:01,AVFLGFLGV,0
HLA-A*02:01,AVFSIVNRV,0
HLA-A*02:01,AVISIVNRV,0
HLA-A*02:01,AVLSIINRV,0
HLA-A*02:01,AVLSIVNRV,0
HLA-A*02:01,AYDPEVHNV,0
HLA-A*02:01,DLDDVPSVV,0
HLA-A*02:01,EILDWSIYL,0
HLA-A*02:01,EIWDNMTWV,0
HLA-A*02:01,ELHPDRWTV,0
HLA-A*02:01,ELIDKKHKV,0
HLA-A*02:01,FALNPGLLET,0
HLA-A*02:01,FFLDRVLNI,0
HLA-A*02:01,FIDAANTNI,0
HLA-A*02:01,FIDSYLQKL,0
HLA-A*02:01,FIDVANTNI,0
HLA-A*02:01,FILIATRTV,0
HLA-A*02:01,FLFSYHRLI,0
HLA-A*02:01,FLGAAGSTM,0
HLA-A*02:01,FLIVRLNQC,0
HLA-A*02:01,FLLIATRAV,0
HLA-A*02:01,FLQSRPEPSA,0
HLA-A*02:01,FLQSRPEPT,0
HLA-A*02:01,FLQSRPEPTA,0
HLA-A*02:01,FLSYILDTV,0
HLA-A*02:01,FLVGVAIIL,0
HLA-A*02:01,FLVGVAIILV,0
HLA-A*02:01,FLYHRLRDFV,0
HLA-A*02:01,FQNTTIQFA,0
HLA-A*02:01,FRLGEKINPL,0
HLA-A*02:01,FTASDVPNI,0
HLA-A*02:01,FVNTPPLVKL,0
HLA-A*02:01,FVSGFLALA,0
HLA-A*02:01,GAASITLTV,0
HLA-A*02:01,GAASVTLTV,0
HLA-A*02:01,GIDLDDVPSV,0
HLA-A*02:01,GIIGNIRQA,0
HLA-A*02:01,GIIHGISLI,0
HLA-A*02:01,GILISGLVTI,0
HLA-A*02:01,GLAGSTMGA,0
HLA-A*02:01,GLCYNVSSV,0
HLA-A*02:01,GLFNKTYMS,0
HLA-A*02:01,GLIAARTVEL,0
HLA-A*02:01,GLIGLRIIFA,0
HLA-A*02:01,GLIGLRIVFA,0
HLA-A*02:01,GLKYLGNLLL,0
HLA-A*02:01,GLKYLGNLLV,0
HLA-A*02:01,GLLETSEGC,0
HLA-A*02:01,GLQRGWEAL,0
HLA-A*02:01,GLQRGWETL,0
HLA-A*02:01,GLQTIVKSL,0
HLA-A*02:01,GLTPEQKAYV,0
HLA-A*02:01,GLWGCSNKI,0
HLA-A*02:01,GMFKGPRKI,0
HLA-A*02:01,GMGEEIAPL,0
HLA-A*02:01,GMGEEITSL,0
HLA-A*02:01,GMGEGTTSV,0
HLA-A*02:01,GMGEGTTSVL,0
HLA-A*02:01,GMGEKINPL,0
HLA-A*02:01,GMINCVSNI,0
HLA-A*02:01,GMWGCSGKL,0
HLA-A*02:01,GQDQWTYQI,0
HLA-A*02:01,GQNEDHPSI,0
HLA-A*02:01,GQVDCSPGI,0
HLA-A*02:01,GSLAEEEIIV,0
HLA-A*02:01,GSLAEEEIVV,0
HLA-A*02:01,GSLAEEEVMI,0
HLA-A*02:01,HLDNSIRLM,0
HLA-A*02:01,HLDNSIRLML,0
HLA-A*02:01,HLEGKVILV,0
HLA-A*02:01,HLLSWGFTT,0
HLA-A*02:01,HLLWASREL,0
HLA-A*02:01,HLNKSVEIV,0
HLA-A*02:01,IDLDDVPSVV,0
HLA-A*02:01,IIEQLQPTL,0
HLA-A*02:01,IIFDAVESL,0
HLA-A*02:01,IIGAETFYV,0
HLA-A*02:01,IIVGGLIGL,0
HLA-A*02:01,IIVGSLIGL,0
HLA-A*02:01,IIVHLNESV,0
HLA-A*02:01,IIVHLNTSV,0
HLA-A*02:01,ILDTVNIYI,0
HLA-A*02:01,ILDVYGSCV,0
HLA-A*02:01,ILDVYGSHV,0
HLA-A*02:01,ILDWSIYLF,0
HLA-A*02:01,ILDWSIYLFL,0
HLA-A*02:01,ILGQLHPSL,0
HLA-A*02:01,ILIAARTVEL,0
HLA-A*02:01,ILIATRTVEL,0
HLA-A*02:01,ILINCNTSV,0
HLA-A*02:01,ILINHRFYI,0
HLA-A*02:01,ILISGLVTI,0
HLA-A*02:01,ILITGLVIM,0
HLA-A*02:01,ILIYWGQEL,0
HLA-A*02:01,ILKDVINEEA,0
HLA-A*02:01,ILKTPVHGV,0
HLA-A*02:01,ILKYLGNLLV,0
HLA-A*02:01,ILLSKRPSL,0
HLA-A*02:01,ILVQFNTPV,0
HLA-A*02:01,IMIFFLDRV,0
HLA-A*02:01,IMIIGGLIGL,0
HLA-A*02:01,IMIPSMIAI,0
HLA-A*02:01,IMIVGGLIGL,0
HLA-A*02:01,IMNQLQPAL,0
HLA-A*02:01,IMVIGGLIGL,0
HLA-A*02:01,IQDNSDIKV,0
HLA-A*02:01,ISLFDAVAIV,0
HLA-A*02:01,ISLFDHLAIA,0
HLA-A*02:01,ISLFDTIAIV,0
HLA-A*02:01,IVIGVIILA,0
HLA-A*02:01,IVNQIIEEL,0
HLA-A*02:01,IVTDSQYAL,0
HLA-A*02:01,IVYALFYRL,0
HLA-A*02:01,KAYDPEVHNV,0
HLA-A*02:01,KAYDTEVHNV,0
HLA-A*02:01,KAYETEVHNV,0
HLA-A*02:01,KEILDWSIYL,0
HLA-A*02:01,KILGQLHPSL,0
HLA-A*02:01,KIVEIEPLGL,0
HLA-A*02:01,KIYDLLIES,0
HLA-A*02:01,KLAGRWPVKV,0
HLA-A*02:01,KLDAWEKIQL,0
HLA-A*02:01,KLDAWEKIRL,0
HLA-A*02:01,KLDIEPVEPV,0
HLA-A*02:01,KLDKWEKIRL,0
HLA-A*02:01,KLDKWERIRL,0
HLA-A*02:01,KLGQVAKKL,0
HLA-A*02:01,KLLRGTKAL,0
HLA-A*02:01,KLNWASQIYA,0
HLA-A*02:01,KLQEHFTNKA,0
HLA-A*02:01,KLTPLCVTL,0
HLA-A*02:01,KLTPVCVTL,0
HLA-A*02:01,KLVEHFQNT,0
HLA-A*02:01,KLVGKLNWA,0
HLA-A*02:01,KLVSSGIRKV,0
HLA-A*02:01,KLYLESDTEL,0
HLA-A*02:01,KMVDQMHEDV,0
HLA-A*02:01,KQIVNMWQA,0
HLA-A*02:01,KQWRETLQNV,0
HLA-A*02:01,KQYRLKHLV,0
HLA-A*02:01,KSLFGNDPLL,0
HLA-A*02:01,KSLFNAVAVL,0
HLA-A*02:01,KSLFNTIAVL,0
HLA-A*02:01,KSLFNTIVTL,0
HLA-A*02:01,KSLFNTLAVL,0
HLA-A*02:01,KSLFNTVATL,0
HLA-A*02:01,KSLFNTVITL,0
HLA-A*02:01,KSLFNTVVVL,0
HLA-A*02:01,KSLYNAVVTL,0
HLA-A*02:01,KSLYNAVVVL,0
HLA-A*02:01,KSLYNTITTL,0
HLA-A*02:01,KSLYNTIVTL,0
HLA-A*02:01,KSLYNTVAVL,0
HLA-A*02:01,KSLYNTVVTL,0
HLA-A*02:01,KTDSDTITI,0
HLA-A*02:01,KVHALFYKL,0
HLA-A*02:01,KVHALFYTL,0
HLA-A*02:01,KVIEIEPLGI,0
HLA-A*02:01,KVILVAVHV,0
HLA-A*02:01,KVSALFYKL,0
HLA-A*02:01,KVSALFYRL,0
HLA-A*02:01,KVSQNFPIV,0
HLA-A*02:01,KVVEIKPLGV,0
HLA-A*02:01,KVVEINPLGV,0
HLA-A*02:01,KVVEVKPLGV,0
HLA-A*02:01,KVYALFYKL,0
HLA-A*02:01,KVYALFYRL,0
HLA-A*02:01,KVYSLFYRL,0
HLA-A*02:01,LIAARTVEL,0
HLA-A*02:01,LIAKRIVEL,0
HLA-A*02:01,LIATRTVEL,0
HLA-A*02:01,LIWDDIRSL,0
HLA-A*02:01,LIWDDLRSL,0
HLA-A*02:01,LLALDQWASL,0
HLA-A*02:01,LLAYWGQEL,0
HLA-A*02:01,LLDAIAITI,0
HLA-A*02:01,LLDHLAITV,0
HLA-A*02:01,LLDTIAIAV,0
HLA-A*02:01,LLELDKWTSL,0
HLA-A*02:01,LLIAKRIVEL,0
HLA-A*02:01,LLISKGANV,0
HLA-A*02:01,LLIYWGQEL,0
HLA-A*02:01,LLLIATRTV,0
HLA-A*02:01,LLLYWGQEL,0
HLA-A*02:01,LLLYWSREL,0
HLA-A*02:01,LLNTIAIAV,0
HLA-A*02:01,LLNTTAIAV,0
HLA-A*02:01,LLQYWSQEL,0
HLA-A*02:01,LLSDKKQKV,0
HLA-A*02:01,LLSMITMSA,0
HLA-A*02:01,LLTDKKQKV,0
HLA-A*02:01,LLTDKKQQV,0
HLA-A*02:01,LLVYWGQEL,0
HLA-A*02:01,LLWKGEGAV,0
HLA-A*02:01,LLWKGEGAVV,0
HLA-A*02:01,LLYWGQELKI,0
HLA-A*02:01,LLYWSRELKV,0
HLA-A*02:01,LMVESFIEV,0
HLA-A*02:01,LTWDDLRNL,0
HLA-A*02:01,LVDHLAITV,0
HLA-A*02:01,LVGPTPVNI,0
HLA-A*02:01,LVNGFLALV,0
HLA-A*02:01,LVSGFFALV,0
HLA-A*02:01,LVWDDLRSL,0
HLA-A*02:01,LVWEDLRSL,0
HLA-A*02:01,MIIGGLIGL,0
HLA-A*02:01,MIVGGLIGL,0
HLA-A*02:01,MLINCNTSV,0
HLA-A*02:01,MLQLTVWGI,0
HLA-A*02:01,MLVNCNTSV,0
HLA-A*02:01,MTNNPPIPV,0
HLA-A*02:01,MVIGGLIGL,0
HLA-A*02:01,NIKEYVYQL,0
HLA-A*02:01,NIKTIIVQL,0
HLA-A*02:01,NITNWLWYI,0
HLA-A*02:01,NLGNITEEV,0
HLA-A*02:01,NLGNNTTTV,0
HLA-A*02:01,NLIGNITDEV,0
HLA-A*02:01,NLQEQIAWM,0
HLA-A*02:01,NLTDNVKTI,0
HLA-A*02:01,NLVEQMQEDV,0
HLA-A*02:01,NLWKWGILI,0
HLA-A*02:01,NLWKWGILIL,0
HLA-A*02:01,NLWKWGTLI,0
HLA-A*02:01,NLWNWGILI,0
HLA-A*02:01,NLWQGVGQA,0
HLA-A*02:01,NLWRWGILI,0
HLA-A*02:01,NLWRWGTLI,0
HLA-A*02:01,NLWTWGTLI,0
HLA-A*02:01,NMVEQMHEDV,0
HLA-A*02:01,NMWQEVGQA,0
HLA-A*02:01,NMWQGVGQA,0
HLA-A*02:01,NMWQKVGQA,0
HLA-A*02:01,NQMHEDVISL,0
HLA-A*02:01,NTIAVLWCV,0
HLA-A*02:01,QIIEQLQPTL,0
HLA-A*02:01,QIYDLLIEA,0
HLA-A*02:01,QLGIPHPAGL,0
HLA-A*02:01,QLIEQLQSNL,0
HLA-A*02:01,QLIEQLQST,0
HLA-A*02:01,QLIEQLQSTL,0
HLA-A*02:01,QLQARILAV,0
HLA-A*02:01,QLQARVLAL,0
HLA-A*02:01,QLQARVLAV,0
HLA-A*02:01,QLQTRILAI,0
HLA-A*02:01,QLTEVVQKI,0
HLA-A*02:01,QMHEDVISL,0
HLA-A*02:01,QMHTDIISL,0
HLA-A*02:01,QMQEDIISL,0
HLA-A*02:01,QMQEDVINL,0
HLA-A*02:01,QMQEDVISL,0
HLA-A*02:01,RIIEIGQGL,0
HLA-A*02:01,RIIEIGQRL,0
HLA-A*02:01,RIIEVAQRA,0
HLA-A*02:01,RIIEVVQRA,0
HLA-A*02:01,RILAVESYL,0
HLA-A*02:01,RLGEKINPL,0
HLA-A*02:01,RLGWEGLKYL,0
HLA-A*02:01,RLGWEILKYL,0
HLA-A*02:01,RLHPVQAGPV,0
HLA-A*02:01,RLIDLLLIA,0
HLA-A*02:01,RLINCNSSV,0
HLA-A*02:01,RLINCNTSV,0
HLA-A*02:01,RLLRDLSLI,0
HLA-A*02:01,RLPYYDPWFL,0
HLA-A*02:01,RLRDFILIA,0
HLA-A*02:01,RLRDFLLIA,0
HLA-A*02:01,RLRDFVLVTA,0
HLA-A*02:01,RLRDLLLIA,0
HLA-A*02:01,RLSDFSSIA,0
HLA-A*02:01,RLSDLISIA,0
HLA-A*02:01,RLTPLCVTL,0
HLA-A*02:01,RLVHGFLAL,0
HLA-A*02:01,RLVNGFLAL,0
HLA-A*02:01,RLVNGFLALV,0
HLA-A*02:01,RLVSGCLAL,0
HLA-A*02:01,RLVSGFFAL,0
HLA-A*02:01,RLVSGFFALV,0
HLA-A*02:01,RLVSGFLAL,0
HLA-A*02:01,RLVTGFLAL,0
HLA-A*02:01,RLWQGVGQA,0
HLA-A*02:01,RLWQGVGQAM,0
HLA-A*02:01,RMWQGAGQA,0
HLA-A*02:01,RMYSPISIL,0
HLA-A*02:01,RMYSPTCIL,0
HLA-A*02:01,RMYSPTSIL,0
HLA-A*02:01,RMYSPVGIL,0
HLA-A*02:01,RMYSPVSIL,0
HLA-A*02:01,RQGWEGLKYL,0
HLA-A*02:01,RQLTEVVQKI,0
HLA-A*02:01,RQYDQIPIEI,0
HLA-A*02:01,RSLFNTIAVL,0
HLA-A*02:01,RSLFNTVATL,0
HLA-A*02:01,RSLYNTIATL,0
HLA-A*02:01,RVIEIVQRV,0
HLA-A*02:01,RVIEVVQRA,0
HLA-A*02:01,RVLAEAMSHV,0
HLA-A*02:01,RVLAEAMSQV,0
HLA-A*02:01,RVLAEAMSSV,0
HLA-A*02:01,RVWRGILHI,0
HLA-A*02:01,SAADKLWVTV,0
HLA-A*02:01,SAAENLWVTV,0
HLA-A*02:01,SIAARTVEL,0
HLA-A*02:01,SIATRTVEL,0
HLA-A*02:01,SIGNITDEV,0
HLA-A*02:01,SINNETPGI,0
HLA-A*02:01,SIQTTVNTL,0
HLA-A*02:01,SISKWLWYI,0
HLA-A*02:01,SITNWLWYI,0
HLA-A*02:01,SIVTRTVEL,0
HLA-A*02:01,SIYDAVSYNA,0
HLA-A*02:01,SIYLFLHYI,0
HLA-A*02:01,SLAEDEIII,0
HLA-A*02:01,SLAEEEIII,0
HLA-A*02:01,SLAEEEIIV,0
HLA-A*02:01,SLAEEEIVI,0
HLA-A*02:01,SLAEEEIVV,0
HLA-A*02:01,SLAEEEVMI,0
HLA-A*02:01,SLAEGEIII,0
HLA-A*02:01,SLCLFSYHL,0
HLA-A*02:01,SLCLFSYRL,0
HLA-A*02:01,SLDNVTENF,0
HLA-A*02:01,SLFDAAAIA,0
HLA-A*02:01,SLFDAAAIAI,0
HLA-A*02:01,SLFDAVAIA,0
HLA-A*02:01,SLFDAVAIAV,0
HLA-A*02:01,SLFDAVAIV,0
HLA-A*02:01,SLFDAVAIVV,0
HLA-A*02:01,SLFDHLAIA,0
HLA-A*02:01,SLFDHLAIAV,0
HLA-A*02:01,SLFDTIAIV,0
HLA-A*02:01,SLFDTIAIVV,0
HLA-A*02:01,SLFDTTAIA,0
HLA-A*02:01,SLFDTTAIAV,0
HLA-A*02:01,SLFGNDPLL,0
HLA-A*02:01,SLFNAVAIV,0
HLA-A*02:01,SLFNAVAIVV,0
HLA-A*02:01,SLFNAVAVL,0
HLA-A*02:01,SLFNTIAVL,0
HLA-A*02:01,SLFNTIVTL,0
HLA-A*02:01,SLFNTIVTLW,0
HLA-A*02:01,SLFNTLAVL,0
HLA-A*02:01,SLFNTVATL,0
HLA-A*02:01,SLFNTVITL,0
HLA-A*02:01,SLFNTVITLW,0
HLA-A*02:01,SLFNTVVVL,0
HLA-A*02:01,SLFYRLDVV,0
HLA-A*02:01,SLHQYKWYI,0
HLA-A*02:01,SLIAARTVEL,0
HLA-A*02:01,SLIDTNWTKI,0
HLA-A*02:01,SLLDAIAIT,0
HLA-A*02:01,SLLDAIAITI,0
HLA-A*02:01,SLLDAIAITT,0
HLA-A*02:01,SLLDHLAIT,0
HLA-A*02:01,SLLDHLAITV,0
HLA-A*02:01,SLLDTIAIA,0
HLA-A*02:01,SLLDTIAIAV,0
HLA-A*02:01,SLLNTIAIA,0
HLA-A*02:01,SLLNTIAIAV,0
HLA-A*02:01,SLLNTTAIA,0
HLA-A*02:01,SLLNTTAIAV,0
HLA-A*02:01,SLLSMITMSA,0
HLA-A*02:01,SLNYPIVQNA,0
HLA-A*02:01,SLQTGSEEL,0
HLA-A*02:01,SLVDHLAIT,0
HLA-A*02:01,SLVDHLAITV,0
HLA-A*02:01,SLWDQGLKP,0
HLA-A*02:01,SLWDQGLKPC,0
HLA-A*02:01,SLWDQSLKP,0
HLA-A*02:01,SLWDQSLKPC,0
HLA-A*02:01,SLWKWGTLI,0
HLA-A*02:01,SLWKWGTLIL,0
HLA-A*02:01,SLWTWGTLI,0
HLA-A*02:01,SLWTWGTLIL,0
HLA-A*02:01,SLYDAVAIA,0
HLA-A*02:01,SLYDAVAIAV,0
HLA-A*02:01,SLYDTTAIA,0
HLA-A*02:01,SLYDTTAIAV,0
HLA-A*02:01,SLYDTTAVA,0
HLA-A*02:01,SLYDTTAVAV,0
HLA-A*02:01,SLYNAVVTL,0
HLA-A*02:01,SLYNAVVTLW,0
HLA-A*02:01,SLYNAVVVL,0
HLA-A*02:01,SLYNTIATL,0
HLA-A*02:01,SLYNTITTL,0
HLA-A*02:01,SLYNTITTLW,0
HLA-A*02:01,SLYNTIVTL,0
HLA-A*02:01,SLYNTIVTLW,0
HLA-A*02:01,SLYNTVAVL,0
HLA-A*02:01,SLYNTVVTL,0
HLA-A*02:01,SLYNTVVTLW,0
HLA-A*02:01,SMAEQMQEDV,0
HLA-A*02:01,SMITMSAFL,0
HLA-A*02:01,SMSPRTLNA,0
HLA-A*02:01,SMVEQMQEDV,0
HLA-A*02:01,SQYALGIIQA,0
HLA-A*02:01,STFNSTYNL,0
HLA-A*02:01,STLEEMMTA,0
HLA-A*02:01,STWRGNETV,0
HLA-A*02:01,STYNLNSTV,0
HLA-A*02:01,SVTARVVEL,0
HLA-A*02:01,TELIDKKHKV,0
HLA-A*02:01,TIAGWTDRV,0
HLA-A*02:01,TLDCSDATL,0
HLA-A*02:01,TLDCTSANV,0
HLA-A*02:01,TLFNYTENEL,0
HLA-A*02:01,TLGKVVKQL,0
HLA-A*02:01,TLHCNNVQV,0
HLA-A*02:01,TLHNVSKKL,0
HLA-A*02:01,TLIKVVQKL,0
HLA-A*02:01,TLILGLVMI,0
HLA-A*02:01,TLKAGSEEL,0
HLA-A*02:01,TLKTGSEEL,0
HLA-A*02:01,TLKTGSEEV,0
HLA-A*02:01,TLLSDKKQKV,0
HLA-A*02:01,TLLTDKKQQV,0
HLA-A*02:01,TLMVESFIEV,0
HLA-A*02:01,TLNAWVKVV,0
HLA-A*02:01,TLNCSNVNL,0
HLA-A*02:01,TLNQVAKKL,0
HLA-A*02:01,TLNQVTEKL,0
HLA-A*02:01,TLQEQIAWM,0
HLA-A*02:01,TLQNVSKKL,0
HLA-A*02:01,TLSERISSKL,0
HLA-A*02:01,TLWCVHQRI,0
HLA-A*02:01,TLWKWGILI,0
HLA-A*02:01,TLWKWGILIL,0
HLA-A*02:01,TLWQRPLVT,0
HLA-A*02:01,TLWQRPLVTV,0
HLA-A*02:01,TLYKVSKKL,0
HLA-A*02:01,TMGAASITL,0
HLA-A*02:01,TMGAASLTL,0
HLA-A*02:01,TMGAASMTL,0
HLA-A*02:01,TMGAASVTL,0
HLA-A*02:01,TQDFWEVQL,0
HLA-A*02:01,TTIDPKITV,0
HLA-A*02:01,TVLSIVNRV,0
HLA-A*02:01,TVLVGPTPV,0
HLA-A*02:01,VLAEAMSHA,0
HLA-A*02:01,VLAEAMSHI,0
HLA-A*02:01,VLAEAMSHV,0
HLA-A*02:01,VLAEAMSQA,0
HLA-A*02:01,VLAEAMSQT,0
HLA-A*02:01,VLAEAMSQV,0
HLA-A*02:01,VLAEAMSSV,0
HLA-A*02:01,VLDVGDAYF,0
HLA-A*02:01,VLFLDGIDKA,0
HLA-A*02:01,VLIAARTVEL,0
HLA-A*02:01,VLKYLGNLLV,0
HLA-A*02:01,VLTDKKQQV,0
HLA-A*02:01,VLVGPTPVNI,0
HLA-A*02:01,VLWCVHQKI,0
HLA-A*02:01,VLWCVHQRI,0
HLA-A*02:01,VQFNTPVQI,0
HLA-A*02:01,VQLNKSVEI,0
HLA-A*02:01,VVAGWTDRV,0
HLA-A*02:01,WLWYIQIFI,0
HLA-A*02:01,YALFYKLDLV,0
HLA-A*02:01,YELHPDRWTV,0
HLA-A*02:01,YILDTVNIYI,0
HLA-A*02:01,YILINCNTSV,0
HLA-A*02:01,YLESDTELEI,0
HLA-A*02:01,YLFLHYITRL,0
HLA-A*02:01,YLKDQKFLGL,0
HLA-A*02:01,YLKDQQFLGL,0
HLA-A*02:01,YLKDQQLLGI,0
HLA-A*02:01,YLKDQQLLGM,0
HLA-A*02:01,YLKDQRFLGL,0
HLA-A*02:01,YLLSRGVIDI,0
HLA-A*02:01,YLRDQQLLGI,0
HLA-A*02:01,YMLINCNTSV,0
HLA-A*02:01,YMLKHLVWA,0
HLA-A*02:01,YMPNGTFTF,0
HLA-A*02:01,YQDSDVSQEV,0
HLA-A*02:01,YQLEKDPII,0
HLA-A*02:01,YQYMDDLYV,0
HLA-A*02:01,YRLINCNTSV,0
HLA-A*02:01,YTAFTIPSI,0
HLA-A*02:01,YTDTIYRLL,0
HLA-A*02:01,YTDTIYYLL,0
HLA-A*02:01,YVDRFFKTL,0
HLA-A*02:01,YVDRFYKTL,0
HLA-A*24:02,AFIHIPRRI,0
HLA-A*24:02,AFLHIPRRI,0
HLA-A*24:02,AFSPEVIPMF,0
HLA-A*24:02,AHEPEVHNVW,0
HLA-A*24:02,AHVPEAHNVW,0
HLA-A*24:02,AHVPEVHNVW,0
HLA-A*24:02,ALDSWKNLW,0
HLA-A*24:02,AMYAPPIKGI,0
HLA-A*24:02,AMYAPPIQGV,0
HLA-A*24:02,AMYAPPIRGI,0
HLA-A*24:02,AMYAPPISGI,0
HLA-A*24:02,AMYAPPISGM,0
HLA-A*24:02,ATWIPEWEF,0
HLA-A*24:02,AYAEVNNII,0
HLA-A*24:02,AYCEINGIKW,0
HLA-A*24:02,AYCEINGTEW,0
HLA-A*24:02,AYCEINGTKW,0
HLA-A*24:02,AYCEINGTNW,0
HLA-A*24:02,AYCLINKTKW,0
HLA-A*24:02,AYCLINRTKW,0
HLA-A*24:02,AYCQINGTKW,0
HLA-A*24:02,AYCQINKTKW,0
HLA-A*24:02,AYDPEVHNV,0
HLA-A*24:02,AYDPEVHNVW,0
HLA-A*24:02,AYDTEVHNV,0
HLA-A*24:02,AYDTEVHNVW,0
HLA-A*24:02,AYETEKHNV,0
HLA-A*24:02,AYETEKHNVW,0
HLA-A*24:02,AYETEVHNV,0
HLA-A*24:02,AYETEVHNVW,0
HLA-A*24:02,AYNTLVYLL,0
HLA-A*24:02,AYVPAMFTA,0
HLA-A*24:02,AYWGQELRI,0
HLA-A*24:02,CMSNSRLSF,0
HLA-A*24:02,CTPAGYAIF,0
HLA-A*24:02,CWWANVRQEF,0
HLA-A*24:02,CYIKNKTVF,0
HLA-A*24:02,DFFKKEILDW,0
HLA-A*24:02,DFLSRWPNL,0
HLA-A*24:02,DFLSRWPNLF,0
HLA-A*24:02,DHPPPLVSL,0
HLA-A*24:02,DQEIITHHF,0
HLA-A*24:02,DQWASLWSW,0
HLA-A*24:02,DWKETLHNV,0
HLA-A*24:02,DYVDRFFKTL,0
HLA-A*24:02,DYVDRFYKTL,0
HLA-A*24:02,EFKTLYNLF,0
HLA-A*24:02,EHFHNKTIKF,0
HLA-A*24:02,EHFNKTIEF,0
HLA-A*24:02,EHFNKTIIF,0
HLA-A*24:02,EHFNKTIKF,0
HLA-A*24:02,EHFNKTIRF,0
HLA-A*24:02,EHFNRTITF,0
HLA-A*24:02,EHFPNKTIHF,0
HLA-A*24:02,EHFPNKTIKF,0
HLA-A*24:02,EHFPNKTIRF,0
HLA-A*24:02,EHFPNNTINF,0
HLA-A*24:02,EHFQNKTIRF,0
HLA-A*24:02,EHFQNTTIQF,0
HLA-A*24:02,EHPPPLISL,0
HLA-A*24:02,ELFPNKTIKF,0
HLA-A*24:02,EQIWNNLTW,0
HLA-A*24:02,ERYLKDQKFL,0
HLA-A*24:02,ERYLKDQQFL,0
HLA-A*24:02,ERYLKDQQLL,0
HLA-A*24:02,ERYLKDQRFL,0
HLA-A*24:02,ERYLRDQQLL,0
HLA-A*24:02,ESYLKHQQF,0
HLA-A*24:02,ESYLKHQQFL,0
HLA-A*24:02,EYGENILHI,0
HLA-A*24:02,EYGENILHIY,0
HLA-A*24:02,EYSSEYRLI,0
HLA-A*24:02,FFKKEILDW,0
HLA-A*24:02,FFLDRVLNI,0
HLA-A*24:02,FFYCNTSGLF,0
HLA-A*24:02,FFYCNTSKL,0
HLA-A*24:02,FFYCNTSKLF,0
HLA-A*24:02,FFYCNTSQL,0
HLA-A*24:02,FFYCNTSQLF,0
HLA-A*24:02,FFYCNTSTL,0
HLA-A*24:02,FFYCNTSTLF,0
HLA-A*24:02,FFYCNTTKL,0
HLA-A*24:02,FFYCNTTKLF,0
HLA-A*24:02,FLSRWPNLF,0
HLA-A*24:02,FMYYAKRMLF,0
HLA-A*24:02,FNFPQITLW,0
HLA-A*24:02,FNPEVIPMF,0
HLA-A*24:02,FSPEVIPMF,0
HLA-A*24:02,FYCGIIHGI,0
HLA-A*24:02,FYCNTSGLF,0
HLA-A*24:02,FYCNTSKLF,0
HLA-A*24:02,FYCNTSQLF,0
HLA-A*24:02,FYCNTSQLFN,0
HLA-A*24:02,FYCNTSTLF,0
HLA-A*24:02,FYCNTTKLF,0
HLA-A*24:02,FYIDAEDSY,0
HLA-A*24:02,FYKLDIEQV,0
HLA-A*24:02,FYKLDIVPL,0
HLA-A*24:02,FYKLDIVQI,0
HLA-A*24:02,FYKLDIVQM,0
HLA-A*24:02,FYKLDLVPI,0
HLA-A*24:02,FYKLDLVQM,0
HLA-A*24:02,FYKLDLVSL,0
HLA-A*24:02,FYMIVIGVI,0
HLA-A*24:02,FYRLDIVPL,0
HLA-A*24:02,FYRLDIVPM,0
HLA-A*24:02,FYRLDVVQI,0
HLA-A*24:02,FYTLDIVPM,0
HLA-A*24:02,GFFKGPKRI,0
HLA-A*24:02,GFNPEVIPMF,0
HLA-A*24:02,GFSPEVIPMF,0
HLA-A*24:02,GWEALKYWW,0
HLA-A*24:02,GWEGLKYLW,0
HLA-A*24:02,GWKGSPAIF,0
HLA-A*24:02,GYELHPDRW,0
HLA-A*24:02,GYSPLSFQTL,0
HLA-A*24:02,GYSPLSLQI,0
HLA-A*24:02,GYSPLSLQTL,0
HLA-A*24:02,GYSPLSPQTL,0
HLA-A*24:02,HFENKTIKF,0
HLA-A*24:02,HFGNNTIIRF,0
HLA-A*24:02,HFHNKTIKF,0
HLA-A*24:02,HFKNKTIIF,0
HLA-A*24:02,HFKNKTIVF,0
HLA-A*24:02,HFNCGGEFF,0
HLA-A*24:02,HFNCRGEFF,0
HLA-A*24:02,HFNKTKTIKF,0
HLA-A*24:02,HFNNRTIIF,0
HLA-A*24:02,HFPNKTIHF,0
HLA-A*24:02,HFPNKTIKF,0
HLA-A*24:02,HFPNKTIRF,0
HLA-A*24:02,HFPNNTINF,0
HLA-A*24:02,HFQNKTIRF,0
HLA-A*24:02,HFQNTTIQF,0
HLA-A*24:02,HFRNKTIKF,0
HLA-A*24:02,HFTNKAIKF,0
HLA-A*24:02,HLNRTKIEF,0
HLA-A*24:02,HLTEVHNVW,0
HLA-A*24:02,HMKNVTENF,0
HLA-A*24:02,HQKEPPFLW,0
HLA-A*24:02,HQPISPRTL,0
HLA-A*24:02,HQPITPRTL,0
HLA-A*24:02,HQPLSPRTL,0
HLA-A*24:02,HQPVSPRTL,0
HLA-A*24:02,HVPEAHNVW,0
HLA-A*24:02,HVPEVHNVW,0
HLA-A*24:02,HWEETLYKV,0
HLA-A*24:02,HWTTYMDTF,0
HLA-A*24:02,HWTTYMDTFF,0
HLA-A*24:02,HYCAPAGFAI,0
HLA-A*24:02,HYCAPAGYAI,0
HLA-A*24:02,HYCTPAGFAI,0
HLA-A*24:02,HYCTPAGFTI,0
HLA-A*24:02,HYCTPAGYAI,0
HLA-A*24:02,HYFNCRGEF,0
HLA-A*24:02,HYFNCRGEFF,0
HLA-A*24:02,HYMLKHLVW,0
HLA-A*24:02,IFKCNNKTF,0
HLA-A*24:02,IFLENVTENF,0
HLA-A*24:02,IFQSSMTKI,0
HLA-A*24:02,IHIEEVIGQF,0
HLA-A*24:02,IHLENVTEEF,0
HLA-A*24:02,IHLENVTENF,0
HLA-A*24:02,IHMKNVTENF,0
HLA-A*24:02,IHTDNGSNF,0
HLA-A*24:02,ILDWSIYLF,0
HLA-A*24:02,ILHSDYKSF,0
HLA-A*24:02,IMCNASNLW,0
HLA-A*24:02,IQKNWPSLW,0
HLA-A*24:02,IQMNWPNLW,0
HLA-A*24:02,IQMSWPNLW,0
HLA-A*24:02,IQMSWPSLW,0
HLA-A*24:02,IQRETWETW,0
HLA-A*24:02,IQRNWPNLW,0
HLA-A*24:02,IQRNWPTLW,0
HLA-A*24:02,IRIGPGQTF,0
HLA-A*24:02,ISFDPIPIHY,0
HLA-A*24:02,ISILINHRF,0
HLA-A*24:02,ITPRTLNAW,0
HLA-A*24:02,IWDDIRSLCL,0
HLA-A*24:02,IWDDLRSLF,0
HLA-A*24:02,IWDDLRSLFL,0
HLA-A*24:02,IWDNMTWIEW,0
HLA-A*24:02,IWDNMTWIQW,0
HLA-A*24:02,IWDNMTWLQW,0
HLA-A*24:02,IWDNMTWVQW,0
HLA-A*24:02,IWENMTWIKW,0
HLA-A*24:02,IWENMTWMQW,0
HLA-A*24:02,IWGILITGL,0
HLA-A*24:02,IWGKTPKFRL,0
HLA-A*24:02,IWGNMTWIEW,0
HLA-A*24:02,IWGNMTWMQW,0
HLA-A*24:02,IWGNMTWTQW,0
HLA-A*24:02,IWKGPAKLL,0
HLA-A*24:02,IWKGPAKLLW,0
HLA-A*24:02,IWNNLTWMEW,0
HLA-A*24:02,IWNNMTWAQW,0
HLA-A*24:02,IWNNMTWIEW,0
HLA-A*24:02,IWNNMTWIQW,0
HLA-A*24:02,IWNNMTWTQW,0
HLA-A*24:02,IWNNMTWVQW,0
HLA-A*24:02,IWQVDCTHL,0
HLA-A*24:02,IYAGIKVKQL,0
HLA-A*24:02,IYDAVSYNAY,0
HLA-A*24:02,IYKRWIILGL,0
HLA-A*24:02,IYLENVTENF,0
HLA-A*24:02,IYNPPISGV,0
HLA-A*24:02,IYNPPISGVI,0
HLA-A*24:02,IYQEPFKNL,0
HLA-A*24:02,IYQYMDDLY,0
HLA-A*24:02,KAYDPEVHNV,0
HLA-A*24:02,KDHPPPLVSL,0
HLA-A*24:02,KEFKTLYNLF,0
HLA-A*24:02,KEHFNKTIKF,0
HLA-A*24:02,KEHFNRTITF,0
HLA-A*24:02,KEHPPPLISL,0
HLA-A*24:02,KFYALFYRL,0
HLA-A*24:02,KHDIDNAELF,0
HLA-A*24:02,KHQKEPPFLW,0
HLA-A*24:02,KHQQFLGLW,0
HLA-A*24:02,KHYMLKHLVW,0
HLA-A*24:02,KIKQIVNLW,0
HLA-A*24:02,KKYHMKHLVW,0
HLA-A*24:02,KKYKLKHLVW,0
HLA-A*24:02,KKYKMKHLLW,0
HLA-A*24:02,KKYNMKHLVW,0
HLA-A*24:02,KLFTNSTEGF,0
HLA-A*24:02,KLYLESDTEL,0
HLA-A*24:02,KMQKVYALF,0
HLA-A*24:02,KNWPSLWTW,0
HLA-A*24:02,KQACPKISF,0
HLA-A*24:02,KQITKLQNF,0
HLA-A*24:02,KQQKVHALF,0
HLA-A*24:02,KQQKVSALF,0
HLA-A*24:02,KQQRVQALF,0
HLA-A*24:02,KRQQVYALF,0
HLA-A*24:02,KSYDEIWNNM,0
HLA-A*24:02,KSYEDIWNNM,0
HLA-A*24:02,KSYEEIWNNM,0
HLA-A*24:02,KTYKEIWDNM,0
HLA-A*24:02,KTYMSNSTF,0
HLA-A*24:02,KVHALFYTL,0
HLA-A*24:02,KVKETQMNW,0
HLA-A*24:02,KVSALFYKL,0
HLA-A*24:02,KVSALFYRL,0
HLA-A*24:02,KVYALFYKL,0
HLA-A*24:02,KVYALFYRL,0
HLA-A*24:02,KVYSLFYRL,0
HLA-A*24:02,KWASLWNWF,0
HLA-A*24:02,KWASLWTWF,0
HLA-A*24:02,KWDETLKRV,0
HLA-A*24:02,KWGILILGL,0
HLA-A*24:02,KWGTLIIGL,0
HLA-A*24:02,KWGTLILGL,0
HLA-A*24:02,KWLWYIKIF,0
HLA-A*24:02,KWNETLIKV,0
HLA-A*24:02,KWNETLRKV,0
HLA-A*24:02,KWNETLRQV,0
HLA-A*24:02,KWNETLSRV,0
HLA-A*24:02,KWNKTLRQV,0
HLA-A*24:02,KWRKVLQQV,0
HLA-A*24:02,KWSCFPNEI,0
HLA-A*24:02,KWSKVLQQV,0
HLA-A*24:02,KWTNLWSWF,0
HLA-A*24:02,KWTSLWNWF,0
HLA-A*24:02,KWTSLWSWF,0
HLA-A*24:02,KYDFVKLLI,0
HLA-A*24:02,KYEKVDKTI,0
HLA-A*24:02,KYHMKHLVW,0
HLA-A*24:02,KYKIVEIEPL,0
HLA-A*24:02,KYKLKHLVW,0
HLA-A*24:02,KYKMKHLLW,0
HLA-A*24:02,KYKVIEIEPL,0
HLA-A*24:02,KYKVVEIKPL,0
HLA-A*24:02,KYKVVEIKSL,0
HLA-A*24:02,KYKVVEINPL,0
HLA-A*24:02,KYKVVEVKPL,0
HLA-A*24:02,KYKVVQIEPL,0
HLA-A*24:02,KYLGGLVQY,0
HLA-A*24:02,KYLGGLVQYW,0
HLA-A*24:02,KYLGNILIY,0
HLA-A*24:02,KYLGNILIYW,0
HLA-A*24:02,KYLGNLLAY,0
HLA-A*24:02,KYLGNLLAYW,0
HLA-A*24:02,KYLGNLLIY,0
HLA-A*24:02,KYLGNLLIYW,0
HLA-A*24:02,KYLGNLLLY,0
HLA-A*24:02,KYLGNLLLYW,0
HLA-A*24:02,KYLGNLLVY,0
HLA-A*24:02,KYLGNLLVYW,0
HLA-A*24:02,KYLGSLVQY,0
HLA-A*24:02,KYLGSLVQYW,0
HLA-A*24:02,KYLWNLLLY,0
HLA-A*24:02,KYLWNLLLYW,0
HLA-A*24:02,KYNMKHLVW,0
HLA-A*24:02,KYPLVSLKSL,0
HLA-A*24:02,KYRIKHLVW,0
HLA-A*24:02,KYRLKHLVW,0
HLA-A*24:02,KYRMKHLVW,0
HLA-A*24:02,KYRYGTFLY,0
HLA-A*24:02,KYTAFTIPSI,0
HLA-A*24:02,KYWWNLLQY,0
HLA-A*24:02,KYWWNLLQYW,0
HLA-A*24:02,LEYGENILHI,0
HLA-A*24:02,LFIDSYLQKL,0
HLA-A*24:02,LFLFSYHRL,0
HLA-A*24:02,LFLHYITRL,0
HLA-A*24:02,LFNAVAVLW,0
HLA-A*24:02,LFNSSSNGTW,0
HLA-A*24:02,LFNTIAVLW,0
HLA-A*24:02,LFNTIVTLW,0
HLA-A*24:02,LFNTLAVLW,0
HLA-A*24:02,LFNTVITLW,0
HLA-A*24:02,LFNTVVVLW,0
HLA-A*24:02,LFPNKTIKF,0
HLA-A*24:02,LFTNSTEGF,0
HLA-A*24:02,LFWDDLRNL,0
HLA-A*24:02,LIWDDLRSLF,0
HLA-A*24:02,LLTDKKQKF,0
HLA-A*24:02,LWASRELERF,0
HLA-A*24:02,LWKWGILIL,0
HLA-A*24:02,LWKWGTLII,0
HLA-A*24:02,LWKWGTLIL,0
HLA-A*24:02,LWQRPLVTV,0
HLA-A*24:02,LWYIKIFII,0
HLA-A*24:02,LYKYKIVEI,0
HLA-A*24:02,LYKYKVIEI,0
HLA-A*24:02,LYKYKVVEI,0
HLA-A*24:02,LYKYKVVEV,0
HLA-A*24:02,LYKYKVVKI,0
HLA-A*24:02,LYKYKVVQI,0
HLA-A*24:02,LYLESDTEL,0
HLA-A*24:02,LYNAVVTLW,0
HLA-A*24:02,LYNAVVVLW,0
HLA-A*24:02,LYNLFIDSY,0
HLA-A*24:02,LYNTIATLY,0
HLA-A*24:02,LYNTITTLW,0
HLA-A*24:02,LYNTIVTLW,0
HLA-A*24:02,LYNTVAVLY,0
HLA-A*24:02,LYNTVVTLW,0
HLA-A*24:02,LYPLASLRSL,0
HLA-A*24:02,LYPMASLKSL,0
HLA-A*24:02,LYVGSDLEI,0
HLA-A*24:02,LYWGQELKI,0
HLA-A*24:02,LYWSRELKV,0
HLA-A*24:02,LYYQGSCYI,0
HLA-A*24:02,LYYQGSCYIL,0
HLA-A*24:02,MGYELHPDRW,0
HLA-A*24:02,MHEDVISLW,0
HLA-A*24:02,MHTDIISLW,0
HLA-A*24:02,MNWPNLWKW,0
HLA-A*24:02,MNWPNLWNW,0
HLA-A*24:02,MNWPNLWRW,0
HLA-A*24:02,MNWPSLWKW,0
HLA-A*24:02,MQEDIISLW,0
HLA-A*24:02,MQEDVINLW,0
HLA-A*24:02,MQEDVISLW,0
HLA-A*24:02,MRYGRHPSF,0
HLA-A*24:02,MSWPNLWTW,0
HLA-A*24:02,MSWPNYRTW,0
HLA-A*24:02,MSWPSLWTW,0
HLA-A*24:02,MTIGPGHVF,0
HLA-A*24:02,MWQAVGQAI,0
HLA-A*24:02,MWQEVGQAM,0
HLA-A*24:02,MWQEVGRAM,0
HLA-A*24:02,MWQGVGQAM,0
HLA-A*24:02,MWQKVGQAM,0
HLA-A*24:02,MWQRIGQAM,0
HLA-A*24:02,MWQRVGQAM,0
HLA-A*24:02,MYAPPIAGNI,0
HLA-A*24:02,MYAPPIKGI,0
HLA-A*24:02,MYAPPIKGII,0
HLA-A*24:02,MYAPPIKGNI,0
HLA-A*24:02,MYAPPIQGV,0
HLA-A*24:02,MYAPPIQGVI,0
HLA-A*24:02,MYAPPIRGI,0
HLA-A*24:02,MYAPPIRGII,0
HLA-A*24:02,MYAPPISGAI,0
HLA-A*24:02,MYAPPISGI,0
HLA-A*24:02,MYAPPISGII,0
HLA-A*24:02,MYAPPISGKI,0
HLA-A*24:02,MYAPPISGM,0
HLA-A*24:02,MYAPPISGMI,0
HLA-A*24:02,MYAPPISGRI,0
HLA-A*24:02,MYAPPISGSI,0
HLA-A*24:02,MYCPVSILDI,0
HLA-A*24:02,MYSPISILDI,0
HLA-A*24:02,MYSPTCILDI,0
HLA-A*24:02,MYSPTSILDI,0
HLA-A*24:02,MYSPVGILDI,0
HLA-A*24:02,MYSPVSILDI,0
HLA-A*24:02,MYYAKRMLF,0
HLA-A*24:02,MYYAKRMLFT,0
HLA-A*24:02,NAYNTLVYLL,0
HLA-A*24:02,NFLREIMAF,0
HLA-A*24:02,NTPPLVKLW,0
HLA-A*24:02,NVIENFNMW,0
HLA-A*24:02,NWFDISNWL,0
HLA-A*24:02,NWFDISNWLW,0
HLA-A*24:02,NWFDITNWL,0
HLA-A*24:02,NWFDITNWLW,0
HLA-A*24:02,NWFDITRWL,0
HLA-A*24:02,NWFDITRWLW,0
HLA-A*24:02,NWFEISKWLW,0
HLA-A*24:02,NWFKALTQV,0
HLA-A*24:02,NWFNITNWL,0
HLA-A*24:02,NWFNITNWLW,0
HLA-A*24:02,NWFSITNWL,0
HLA-A*24:02,NWFSITNWLW,0
HLA-A*24:02,NWKETLQNV,0
HLA-A*24:02,NWKNLWNWF,0
HLA-A*24:02,NWLRYIQIF,0
HLA-A*24:02,NWLWYIKIF,0
HLA-A*24:02,NWLWYIQIF,0
HLA-A*24:02,NWLWYIRIF,0
HLA-A*24:02,NWMTETLLV,0
HLA-A*24:02,NWRAMANEF,0
HLA-A*24:02,NYCTPAGYAL,0
HLA-A*24:02,NYRTWGTLI,0
HLA-A*24:02,NYSETIYRL,0
HLA-A*24:02,NYSETIYRLL,0
HLA-A*24:02,NYTDQIYDL,0
HLA-A*24:02,NYTDQIYDLI,0
HLA-A*24:02,NYTDTIYRL,0
HLA-A*24:02,NYTDTIYRLL,0
HLA-A*24:02,NYTDTIYYL,0
HLA-A*24:02,NYTDTIYYLL,0
HLA-A*24:02,NYTDVIYGL,0
HLA-A*24:02,NYTDVIYGLL,0
HLA-A*24:02,NYTENELNY,0
HLA-A*24:02,NYTEQIYEL,0
HLA-A*24:02,NYTEQIYELL,0
HLA-A*24:02,NYTGIIYDL,0
HLA-A*24:02,NYTGIIYDLL,0
HLA-A*24:02,NYTNKIYDL,0
HLA-A*24:02,NYTNKIYDLL,0
HLA-A*24:02,NYTNQIYDI,0
HLA-A*24:02,NYTNQIYDIL,0
HLA-A*24:02,NYTNQIYDL,0
HLA-A*24:02,NYTNQIYDLL,0
HLA-A*24:02,NYTNQIYEI,0
HLA-A*24:02,NYTNQIYEIL,0
HLA-A*24:02,NYTNQIYEL,0
HLA-A*24:02,NYTNQIYELL,0
HLA-A*24:02,NYTNQIYGI,0
HLA-A*24:02,NYTNQIYGIL,0
HLA-A*24:02,NYTNTIYEL,0
HLA-A*24:02,NYTNTIYELL,0
HLA-A*24:02,NYTQIIYGL,0
HLA-A*24:02,NYTQIIYGLL,0
HLA-A*24:02,NYTSQIYDI,0
HLA-A*24:02,NYTSQIYDIL,0
HLA-A*24:02,PFLWMGYEL,0
HLA-A*24:02,PFRDYVDRF,0
HLA-A*24:02,PLASLRSLF,0
HLA-A*24:02,PLISLKSLF,0
HLA-A*24:02,PMASLKSLF,0
HLA-A*24:02,PMGNVTENF,0
HLA-A*24:02,PMKNVTENF,0
HLA-A*24:02,PSAPPAESF,0
HLA-A*24:02,PTAPPAESF,0
HLA-A*24:02,PVWKDATTTL,0
HLA-A*24:02,PVWKEATTTL,0
HLA-A*24:02,PYNPQSQGV,0
HLA-A*24:02,PYNTPVFAI,0
HLA-A*24:02,PYYDPWFLV,0
HLA-A*24:02,QGWKGSPAIF,0
HLA-A*24:02,QGYSPLSLQI,0
HLA-A*24:02,QHLLKLTVW,0
HLA-A*24:02,QHLLQLTVW,0
HLA-A*24:02,QHMLQLTVW,0
HLA-A*24:02,QIYQEPFKNL,0
HLA-A*24:02,QMAVFIHNF,0
HLA-A*24:02,QMNWPNLWKW,0
HLA-A*24:02,QMSWPNLWTW,0
HLA-A*24:02,QMSWPNYRTW,0
HLA-A*24:02,QMSWPSLWTW,0
HLA-A*24:02,QQMLQLTVW,0
HLA-A*24:02,QVAGTGVQF,0
HLA-A*24:02,QWASLWSWF,0
HLA-A*24:02,QWLWYIKIF,0
HLA-A*24:02,QWPLTEEKI,0
HLA-A*24:02,QYDQIPIEI,0
HLA-A*24:02,QYKWYILKCF,0
HLA-A*24:02,QYNVLPQGW,0
HLA-A*24:02,QYRLKHLVW,0
HLA-A*24:02,RAPEAQQHL,0
HLA-A*24:02,RCYIKNKTVF,0
HLA-A*24:02,RFALNPGFL,0
HLA-A*24:02,RFALNPGLL,0
HLA-A*24:02,RFAVNPGLL,0
HLA-A*24:02,RFVSGFLAL,0
HLA-A*24:02,RGWEGLKYLW,0
HLA-A*24:02,RIGPGQTFF,0
HLA-A*24:02,RIKQIVNLW,0
HLA-A*24:02,RLPIQRETW,0
HLA-A*24:02,RLPYYDPWF,0
HLA-A*24:02,RLVSGFLALF,0
HLA-A*24:02,RMTIGPGHVF,0
HLA-A*24:02,RNWPNLWKW,0
HLA-A*24:02,RNWPNLWRW,0
HLA-A*24:02,RNWPTLWKW,0
HLA-A*24:02,RQANFLGKF,0
HLA-A*24:02,RQGYSPLSF,0
HLA-A*24:02,RQYDQIPIEI,0
HLA-A*24:02,RSWPNLWKW,0
HLA-A*24:02,RSYDEIWENM,0
HLA-A*24:02,RVIEVTQRTW,0
HLA-A*24:02,RVKETQMNW,0
HLA-A*24:02,RVKETQTNW,0
HLA-A*24:02,RVKGIQMSW,0
HLA-A*24:02,RVMGIQRNW,0
HLA-A*24:02,RVQALFYKL,0
HLA-A*24:02,RVYYKTGEII,0
HLA-A*24:02,RWGILIIGL,0
HLA-A*24:02,RWGTLIIGL,0
HLA-A*24:02,RWGTLILGL,0
HLA-A*24:02,RWLWYIKIF,0
HLA-A*24:02,RWNNLWSWF,0
HLA-A*24:02,RWPNLFHIL,0
HLA-A*24:02,RWTVQPIEL,0
HLA-A*24:02,RYGRHPSFV,0
HLA-A*24:02,RYHSNWRAM,0
HLA-A*24:02,RYIQIFIMI,0
HLA-A*24:02,RYLKDQKFL,0
HLA-A*24:02,RYLKDQQFL,0
HLA-A*24:02,RYLKDQQLL,0
HLA-A*24:02,RYLKDQRFL,0
HLA-A*24:02,RYLRDQQLL,0
HLA-A*24:02,RYRQRLISL,0
HLA-A*24:02,RYRQRLISLL,0
HLA-A*24:02,SAPPEESFRF,0
HLA-A*24:02,SAPPGQHML,0
HLA-A*24:02,SFDPIPIHY,0
HLA-A*24:02,SFDPIPINY,0
HLA-A*24:02,SFEEIWNNM,0
HLA-A*24:02,SFEPIPIHY,0
HLA-A*24:02,SFGPGQTFY,0
HLA-A*24:02,SFIEVISLL,0
HLA-A*24:02,SFNCGGEFF,0
HLA-A*24:02,SFNCRGEFF,0
HLA-A*24:02,SFNFPQITL,0
HLA-A*24:02,SFNFPQITLW,0
HLA-A*24:02,SFNVTTELI,0
HLA-A*24:02,SFTLMVESF,0
HLA-A*24:02,SIGPGQVLF,0
HLA-A*24:02,SLDNVTENF,0
HLA-A*24:02,SLFNAVAVLW,0
HLA-A*24:02,SLFNTIAVLW,0
HLA-A*24:02,SLFNTIVTLW,0
HLA-A*24:02,SLFNTLAVLW,0
HLA-A*24:02,SLFNTVITLW,0
HLA-A*24:02,SLFNTVVVLW,0
HLA-A*24:02,SLIGLRIVF,0
HLA-A*24:02,SLVNVTENF,0
HLA-A*24:02,SLYNAVVTLW,0
HLA-A*24:02,SLYNAVVVLW,0
HLA-A*24:02,SLYNTITTLW,0
HLA-A*24:02,SLYNTIVTLW,0
HLA-A*24:02,SLYNTVVTLW,0
HLA-A*24:02,SMGPGQAFF,0
HLA-A*24:02,SMTKILEPF,0
HLA-A*24:02,SNWLRYIQIF,0
HLA-A*24:02,SNWLWYIQIF,0
HLA-A*24:02,SNYSETIYRL,0
HLA-A*24:02,SNYTDQIYDL,0
HLA-A*24:02,SNYTDTIYRL,0
HLA-A*24:02,SNYTDTIYYL,0
HLA-A*24:02,SNYTDVIYGL,0
HLA-A*24:02,SNYTEQIYEL,0
HLA-A*24:02,SNYTGIIYDL,0
HLA-A*24:02,SNYTNQIYEI,0
HLA-A*24:02,SNYTNQIYEL,0
HLA-A*24:02,SNYTNTIYEL,0
HLA-A*24:02,SNYTQIIYGL,0
HLA-A*24:02,SRWPNLFHIL,0
HLA-A*24:02,SSGKVSQNF,0
HLA-A*24:02,STNSTTETF,0
HLA-A*24:02,SVSFGPGQTF,0
HLA-A*24:02,SWFDISNWL,0
HLA-A*24:02,SWFDISNWLW,0
HLA-A*24:02,SWFDITNWL,0
HLA-A*24:02,SWFDITNWLW,0
HLA-A*24:02,SWFDITSWL,0
HLA-A*24:02,SWFDITSWLW,0
HLA-A*24:02,SWFNITNWL,0
HLA-A*24:02,SWFNITNWLW,0
HLA-A*24:02,SWFSISKWL,0
HLA-A*24:02,SWFSISKWLW,0
HLA-A*24:02,SWFSITNWL,0
HLA-A*24:02,SWFSITNWLW,0
HLA-A*24:02,SWKNLWSWF,0
HLA-A*24:02,SWLWYIRIF,0
HLA-A*24:02,SWMTETLLV,0
HLA-A*24:02,SWNSLWSWF,0
HLA-A*24:02,SWVPAHKGI,0
HLA-A*24:02,SYDEIWENM,0
HLA-A*24:02,SYDEIWNNM,0
HLA-A*24:02,SYEDIWNNM,0
HLA-A*24:02,SYEEIWDNM,0
HLA-A*24:02,SYEEIWGNM,0
HLA-A*24:02,SYEEIWNNM,0
HLA-A*24:02,SYHHLRDLI,0
HLA-A*24:02,SYHHLRDLIL,0
HLA-A*24:02,SYHRLIDLL,0
HLA-A*24:02,SYHRLIDLLL,0
HLA-A*24:02,SYHRLRDFI,0
HLA-A*24:02,SYHRLRDFIL,0
HLA-A*24:02,SYHRLRDFL,0
HLA-A*24:02,SYHRLRDFLL,0
HLA-A*24:02,SYHRLRDFSL,0
HLA-A*24:02,SYHRLRDFV,0
HLA-A*24:02,SYHRLRDFVL,0
HLA-A*24:02,SYHRLRDLL,0
HLA-A*24:02,SYHRLRDLLL,0
HLA-A*24:02,SYHRLRDSV,0
HLA-A*24:02,SYHRLSDLI,0
HLA-A*24:02,SYILDTVNI,0
HLA-A*24:02,SYILDTVNIY,0
HLA-A*24:02,SYLKHQQFL,0
HLA-A*24:02,SYNAYNTLV,0
HLA-A*24:02,SYNELIKIL,0
HLA-A*24:02,SYNELIKILL,0
HLA-A*24:02,SYRLLRDLSL,0
HLA-A*24:02,TAPPAESFRF,0
HLA-A*24:02,TFDPIPIHY,0
HLA-A*24:02,TFFRTSPMI,0
HLA-A*24:02,TFNSPFNENL,0
HLA-A*24:02,TFYATGEII,0
HLA-A*24:02,THYFNCRGEF,0
HLA-A*24:02,TNWPNLWKW,0
HLA-A*24:02,TQACPKVTF,0
HLA-A*24:02,TQMNWPNLW,0
HLA-A*24:02,TQMNWPSLW,0
HLA-A*24:02,TQRSWPNLW,0
HLA-A*24:02,TQTNWPNLW,0
HLA-A*24:02,TRMSWLNLW,0
HLA-A*24:02,TSIGPGQVF,0
HLA-A*24:02,TWAQWEREI,0
HLA-A*24:02,TWFDITQWL,0
HLA-A*24:02,TWFDITQWLW,0
HLA-A*24:02,TWGTLIIGL,0
HLA-A*24:02,TWGTLILGL,0
HLA-A*24:02,TWIEWEREI,0
HLA-A*24:02,TWIKWEREI,0
HLA-A*24:02,TWIPEWEFV,0
HLA-A*24:02,TWIQWEREI,0
HLA-A*24:02,TWLQWDKEI,0
HLA-A*24:02,TWMEWDKEI,0
HLA-A*24:02,TWMQWDKEI,0
HLA-A*24:02,TWMQWDREI,0
HLA-A*24:02,TWMQWEKEI,0
HLA-A*24:02,TWTQWEREI,0
HLA-A*24:02,TWVQWEREI,0
HLA-A*24:02,TYGNTPFIL,0
HLA-A*24:02,TYGNTPFILL,0
HLA-A*24:02,TYKEIWDNM,0
HLA-A*24:02,TYMDTFFRT,0
HLA-A*24:02,TYMPNGTFTF,0
HLA-A*24:02,TYQIYQEPF,0
HLA-A*24:02,VAKKLQEHF,0
HLA-A*24:02,VANKLKEHF,0
HLA-A*24:02,VFCIKDINTL,0
HLA-A*24:02,VFYKTGDII,0
HLA-A*24:02,VFYKTGNII,0
HLA-A*24:02,VFYRTGDII,0
HLA-A*24:02,VFYRTGEII,0
HLA-A*24:02,VHQPITPRTL,0
HLA-A*24:02,VHWTTYMDTF,0
HLA-A*24:02,VIWGKTPKF,0
HLA-A*24:02,VLENVTENF,0
HLA-A*24:02,VNFLREIMAF,0
HLA-A*24:02,VQMAVFIHNF,0
HLA-A*24:02,VQSLHQYKW,0
HLA-A*24:02,VSFDPIPIHY,0
HLA-A*24:02,VSFGPGQTF,0
HLA-A*24:02,VSKKLAEHF,0
HLA-A*24:02,VSKKLVEHF,0
HLA-A*24:02,VSMGPGQAF,0
HLA-A*24:02,VSMGPGSAF,0
HLA-A*24:02,VTFDPIPIHY,0
HLA-A*24:02,VTGKLKEHF,0
HLA-A*24:02,VTKKLEEHF,0
HLA-A*24:02,VVQKLKEHF,0
HLA-A*24:02,VWASRELERF,0
HLA-A*24:02,VWKDADTTL,0
HLA-A*24:02,VWKDADTTLF,0
HLA-A*24:02,VWKDAETTL,0
HLA-A*24:02,VWKDAETTLF,0
HLA-A*24:02,VWKDATTTL,0
HLA-A*24:02,VWKDATTTLF,0
HLA-A*24:02,VWKEATTTL,0
HLA-A*24:02,VWKEATTTLF,0
HLA-A*24:02,VWRDADTTL,0
HLA-A*24:02,VWRDADTTLF,0
HLA-A*24:02,VWRDAKTTL,0
HLA-A*24:02,VWRDAKTTLF,0
HLA-A*24:02,VWRDANTTL,0
HLA-A*24:02,VWRDANTTLF,0
HLA-A*24:02,VYALFYKLDL,0
HLA-A*24:02,VYGSCVRNI,0
HLA-A*24:02,VYGSHVRNI,0
HLA-A*24:02,VYGSHVRNII,0
HLA-A*24:02,VYLLNRNGDF,0
HLA-A*24:02,VYQLVNNDHL,0
HLA-A*24:02,VYWGQELKI,0
HLA-A*24:02,VYWGQELRI,0
HLA-A*24:02,VYYDPSKDL,0
HLA-A*24:02,VYYDPSKDLV,0
HLA-A*24:02,VYYKTGEII,0
HLA-A*24:02,VYYRPGDVV,0
HLA-A*24:02,WFDISNWLW,0
HLA-A*24:02,WFDITNWLW,0
HLA-A*24:02,WFDITQWLW,0
HLA-A*24:02,WFDITRWLW,0
HLA-A*24:02,WFDITSWLW,0
HLA-A*24:02,WFEISKWLW,0
HLA-A*24:02,WFNITNWLW,0
HLA-A*24:02,WFSISKWLW,0
HLA-A*24:02,WFSITNWLW,0
HLA-A*24:02,WQATWIPEW,0
HLA-A*24:02,WWANVRQEF,0
HLA-A*24:02,WWMDYWQATW,0
HLA-A*24:02,WYIKIFIII,0
HLA-A*24:02,WYIKIFIMI,0
HLA-A*24:02,WYIQIFIMI,0
HLA-A*24:02,WYIRIFIMI,0
HLA-A*24:02,YFIDAANTNI,0
HLA-A*24:02,YFIDVANTNI,0
HLA-A*24:02,YFNCRGEFF,0
HLA-A*24:02,YFSVPLDESF,0
HLA-A*24:02,YLENVTENF,0
HLA-A*24:02,YLGGLVQYW,0
HLA-A*24:02,YLGNILIYW,0
HLA-A*24:02,YLGNLLLYW,0
HLA-A*24:02,YLGNLLVYW,0
HLA-A*24:02,YLGSLVQYW,0
HLA-A*24:02,YMPNGTFTF,0
HLA-A*24:02,YQYNVLPQGW,0
HLA-A*24:02,YSPLSFQTL,0
HLA-A*24:02,YSPLSLQTL,0
HLA-A*24:02,YSPLSPQTL,0
HLA-A*24:02,YTDTIYYLL,0
HLA-A*24:02,YTNQIYELL,0
HLA-A*24:02,YWQATWIPEW,0
HLA-A*24:02,YWWNLLQYW,0
HLA-A*24:02,YYDPSKDLV,0
HLA-A*24:02,YYDPWFLVGV,0
HLA-A*24:02,YYQGSCYIL,0
HLA-A*24:02,YYRDSRDPI,0
HLA-A*24:02,YYRDSRDPIW,0
HLA-B*07:02,AAQGAGRAI,0
HLA-B*07:02,AARTVELLL,0
HLA-B*07:02,AFPQGKAGEL,0
HLA-B*07:02,AISPTSRGL,0
HLA-B*07:02,APEAQQHLL,0
HLA-B*07:02,APGSPTNLEF,0
HLA-B*07:02,APPAESFGF,0
HLA-B*07:02,APPAESFRF,0
HLA-B*07:02,APPAESFRL,0
HLA-B*07:02,APPAPPEESF,0
HLA-B*07:02,APPEESFRF,0
HLA-B*07:02,APPGQHMLL,0
HLA-B*07:02,APRQVAGTG,0
HLA-B*07:02,APRQVAGTGV,0
HLA-B*07:02,APSPKQEPI,0
HLA-B*07:02,APSSGGDLEI,0
HLA-B*07:02,APTEAKRRV,0
HLA-B*07:02,APTEAKRRVV,0
HLA-B*07:02,APTGAKRRV,0
HLA-B*07:02,APTGAKRRVV,0
HLA-B*07:02,APTKAKRRV,0
HLA-B*07:02,APTKAKRRVV,0
HLA-B*07:02,APTRAKRRV,0
HLA-B*07:02,APTRAKRRVV,0
HLA-B*07:02,APTRARRRV,0
HLA-B*07:02,APTRARRRVV,0
HLA-B*07:02,APTRCKRRV,0
HLA-B*07:02,APTRCKRRVV,0
HLA-B*07:02,AQRAGRAIL,0
HLA-B*07:02,ASPSQKQEPI,0
HLA-B*07:02,ATPQDLNMML,0
HLA-B*07:02,ATPQDLNTML,0
HLA-B*07:02,ATPQDLNVML,0
HLA-B*07:02,ATRILGKGL,0
HLA-B*07:02,DHRPPSVSL,0
HLA-B*07:02,DPIWKGPAKL,0
HLA-B*07:02,DPNPIEIPL,0
HLA-B*07:02,DPNPIEISL,0
HLA-B*07:02,DPNPQEIAL,0
HLA-B*07:02,DPNPQEIFL,0
HLA-B*07:02,DPNPQEIHL,0
HLA-B*07:02,DPNPQEIHM,0
HLA-B*07:02,DPNPQEIPL,0
HLA-B*07:02,DPNPQEIPM,0
HLA-B*07:02,DPNPQEIYL,0
HLA-B*07:02,DPNPQELPL,0
HLA-B*07:02,DPNPQELSL,0
HLA-B*07:02,DPNPQEVVL,0
HLA-B*07:02,DPNSTKYIL,0
HLA-B*07:02,DPSPQEIPL,0
HLA-B*07:02,DVRDTKEAL,0
HLA-B*07:02,EIKDTKEAL,0
HLA-B*07:02,EIRDTKEAL,0
HLA-B*07:02,ELRISAISL,0
HLA-B*07:02,ELRTSAISL,0
HLA-B*07:02,ELRTSATSL,0
HLA-B*07:02,EPDKEKYPL,0
HLA-B*07:02,EPITSLKSL,0
HLA-B*07:02,EPSAPPAEDF,0
HLA-B*07:02,EPSAPPAESF,0
HLA-B*07:02,EPSAPPEESF,0
HLA-B*07:02,EPTAPPAESF,0
HLA-B*07:02,EVKDTKEAL,0
HLA-B*07:02,EVRDTKEAL,0
HLA-B*07:02,FPISPIDTV,0
HLA-B*07:02,FPNEIKYKI,0
HLA-B*07:02,FPNEIKYKIL,0
HLA-B*07:02,FPQGKAGEL,0
HLA-B*07:02,FPQSRLEPT,0
HLA-B*07:02,FPQSRPEPSA,0
HLA-B*07:02,FPQSRPEPT,0
HLA-B*07:02,FPQSRPEPTA,0
HLA-B*07:02,FPQSRSEPSA,0
HLA-B*07:02,FPQSRTEPSA,0
HLA-B*07:02,GGPGHKAKVL,0
HLA-B*07:02,GGPGHKARVL,0
HLA-B*07:02,GGPSHKARVL,0
HLA-B*07:02,GIRPVISTQL,0
HLA-B*07:02,GIRPVVSTQL,0
HLA-B*07:02,GIRYQYNVL,0
HLA-B*07:02,GPAATLEEM,0
HLA-B*07:02,GPCHNVSSV,0
HLA-B*07:02,GPCHNVSTV,0
HLA-B*07:02,GPCKDVSSV,0
HLA-B*07:02,GPCKNVSSV,0
HLA-B*07:02,GPCKNVSTV,0
HLA-B*07:02,GPCNNVSSV,0
HLA-B*07:02,GPCPSVSTV,0
HLA-B*07:02,GPCRKVSTV,0
HLA-B*07:02,GPCRNVSSV,0
HLA-B*07:02,GPCSNVSTV,0
HLA-B*07:02,GPCSSVSTV,0
HLA-B*07:02,GPCTNVSSV,0
HLA-B*07:02,GPENPYNTPV,0
HLA-B*07:02,GPGASIEEM,0
HLA-B*07:02,GPGHKAKVL,0
HLA-B*07:02,GPGHKARVL,0
HLA-B*07:02,GPGHKARVLA,0
HLA-B*07:02,GPKEPFRDY,0
HLA-B*07:02,GPKEPFRDYV,0
HLA-B*07:02,GPKRIVKCF,0
HLA-B*07:02,GPKTIGNIT,0
HLA-B*07:02,GPKVKQWPL,0
HLA-B*07:02,GPNRTVKCF,0
HLA-B*07:02,GPRRTIKCF,0
HLA-B*07:02,GPSHKARVL,0
HLA-B*07:02,GPSHKARVLA,0
HLA-B*07:02,GPSNNNSTI,0
HLA-B*07:02,GPYPPGQIR,0
HLA-B*07:02,GSPAIFQSSM,0
HLA-B*07:02,HIPRRIRQGA,0
HLA-B*07:02,HIPRRIRQGF,0
HLA-B*07:02,HIPRRIRQGL,0
HLA-B*07:02,HLPSVSLKSL,0
HLA-B*07:02,HPDRWTVQPI,0
HLA-B*07:02,HPIHAGPVA,0
HLA-B*07:02,HPLTSLKSL,0
HLA-B*07:02,HPLTSLKSLF,0
HLA-B*07:02,HPPSVSLKSL,0
HLA-B*07:02,HPSFVKCNI,0
HLA-B*07:02,HPSFVKCNIL,0
HLA-B*07:02,HPSISLKSL,0
HLA-B*07:02,HPSISLKSLF,0
HLA-B*07:02,HPVHAGPIA,0
HLA-B*07:02,HPVQAGPIA,0
HLA-B*07:02,HPVQAGPVA,0
HLA-B*07:02,HVRNIIASI,0
HLA-B*07:02,IDVRDTKEAL,0
HLA-B*07:02,IEVRDTKEAL,0
HLA-B*07:02,IIRDYGKQM,0
HLA-B*07:02,IKPVISTQLL,0
HLA-B*07:02,IKPVVSTQLL,0
HLA-B*07:02,ILLSKRPSL,0
HLA-B*07:02,IPAETGQET,0
HLA-B*07:02,IPCRIKQII,0
HLA-B*07:02,IPCRIKQIV,0
HLA-B*07:02,IPCRIRQII,0
HLA-B*07:02,IPCSIKQII,0
HLA-B*07:02,IPLDNVTENF,0
HLA-B*07:02,IPLENVTENF,0
HLA-B*07:02,IPMENVIENF,0
HLA-B*07:02,IPMENVTENF,0
HLA-B*07:02,IPMGNVTENF,0
HLA-B*07:02,IPMKNVTENF,0
HLA-B*07:02,IPNPGEPDRL,0
HLA-B*07:02,IPNPGGPDRL,0
HLA-B*07:02,IPRRIRQGA,0
HLA-B*07:02,IPRRIRQGF,0
HLA-B*07:02,IPRRIRQGL,0
HLA-B*07:02,IPRRIRQGLE,0
HLA-B*07:02,IPTDPNPQEI,0
HLA-B*07:02,IPTNVTCAI,0
HLA-B*07:02,IPTRIRQGF,0
HLA-B*07:02,IPYNPQSQGV,0
HLA-B*07:02,IRPVISTQLL,0
HLA-B*07:02,IRPVVSTQLL,0
HLA-B*07:02,KALGPAATL,0
HLA-B*07:02,KALGQGSTL,0
HLA-B*07:02,KALGTGASL,0
HLA-B*07:02,KALGTGATL,0
HLA-B*07:02,KARVLAEAM,0
HLA-B*07:02,KDHRPPSVSL,0
HLA-B*07:02,KDPIIGAETF,0
HLA-B*07:02,KGPRRTIKCF,0
HLA-B*07:02,KIEELRAHL,0
HLA-B*07:02,KPCVELTPL,0
HLA-B*07:02,KPCVKLTPL,0
HLA-B*07:02,KPCVKLTPV,0
HLA-B*07:02,KPCVRLTPL,0
HLA-B*07:02,KPGMDGPKV,0
HLA-B*07:02,KPHSGGDQEI,0
HLA-B*07:02,KPVISTQLL,0
HLA-B*07:02,KPVISTQLLL,0
HLA-B*07:02,KPVVSTQFL,0
HLA-B*07:02,KPVVSTQFLL,0
HLA-B*07:02,KPVVSTQLL,0
HLA-B*07:02,KPVVSTQLLL,0
HLA-B*07:02,KYPLVSLKSL,0
HLA-B*07:02,LIAARTVEL,0
HLA-B*07:02,LIAKRIVEL,0
HLA-B*07:02,LIATRAVEL,0
HLA-B*07:02,LIATRTVEL,0
HLA-B*07:02,LIRKDKVYL,0
HLA-B*07:02,LLPEKDRRAI,0
HLA-B*07:02,LPCKIKQII,0
HLA-B*07:02,LPCKIKQIV,0
HLA-B*07:02,LPCRIKQII,0
HLA-B*07:02,LPCRIKQIV,0
HLA-B*07:02,LPEKDRRAI,0
HLA-B*07:02,LPGKWKPKM,0
HLA-B*07:02,LPLENVTENF,0
HLA-B*07:02,LPPVVAKEI,0
HLA-B*07:02,LPQGWKGSPA,0
HLA-B*07:02,LPSVSLKSL,0
HLA-B*07:02,LPSVSLKSLF,0
HLA-B*07:02,LPYYDPWFL,0
HLA-B*07:02,LRPGGKKHYM,0
HLA-B*07:02,LVRDGGNDL,0
HLA-B*07:02,LYPLASLRSL,0
HLA-B*07:02,LYPMASLKSL,0
HLA-B*07:02,NDPNSTKYIL,0
HLA-B*07:02,NIPRRIRQGL,0
HLA-B*07:02,NPNPQEIHL,0
HLA-B*07:02,NPPIPVGDL,0
HLA-B*07:02,NPPIPVGEI,0
HLA-B*07:02,NPPVPVGEI,0
HLA-B*07:02,NPQEMKNCSF,0
HLA-B*07:02,NPYNTPVFAI,0
HLA-B*07:02,PPAPPEESF,0
HLA-B*07:02,PPLISLKSL,0
HLA-B*07:02,PPLVSLKSL,0
HLA-B*07:02,PPSVSLKSL,0
HLA-B*07:02,QEPITSLKSL,0
HLA-B*07:02,QIRDQAEHL,0
HLA-B*07:02,QPDRSESEI,0
HLA-B*07:02,QPDRSESEIV,0
HLA-B*07:02,QPHSGGDIEI,0
HLA-B*07:02,QPHSGGDLEI,0
HLA-B*07:02,QPHSGGDLEV,0
HLA-B*07:02,QPHSGGDPEI,0
HLA-B*07:02,QPHSGGDPEV,0
HLA-B*07:02,QPISPRTLNA,0
HLA-B*07:02,QPITPRTLNA,0
HLA-B*07:02,QPLSPRTLNA,0
HLA-B*07:02,QPVSPRTLNA,0
HLA-B*07:02,RAIEAQQHL,0
HLA-B*07:02,RAIEAQQQM,0
HLA-B*07:02,RAISPTSRGL,0
HLA-B*07:02,RALGPGASI,0
HLA-B*07:02,RAPEAQQHL,0
HLA-B*07:02,RAPEAQQHLL,0
HLA-B*07:02,RAVGIGAVF,0
HLA-B*07:02,RAVIGIGAM,0
HLA-B*07:02,REPDKEKYPL,0
HLA-B*07:02,RGRQKVVSL,0
HLA-B*07:02,RIIEIGQGL,0
HLA-B*07:02,RIIEIGQRL,0
HLA-B*07:02,RIRQGFELAL,0
HLA-B*07:02,RIRQGFERAL,0
HLA-B*07:02,RIRQGLERAL,0
HLA-B*07:02,RIRQGLERF,0
HLA-B*07:02,RIRQGLERL,0
HLA-B*07:02,RLPYYDPWFL,0
HLA-B*07:02,RMYSPISIL,0
HLA-B*07:02,RMYSPTSIL,0
HLA-B*07:02,RMYSPVSIL,0
HLA-B*07:02,RPEPSAPPA,0
HLA-B*07:02,RPEPTAPPA,0
HLA-B*07:02,RPFNNKRTRT,0
HLA-B*07:02,RPFNNTRES,0
HLA-B*07:02,RPFNNTREST,0
HLA-B*07:02,RPFNNTRTS,0
HLA-B*07:02,RPFNNTRTST,0
HLA-B*07:02,RPFNNTRTSV,0
HLA-B*07:02,RPGDVVGDI,0
HLA-B*07:02,RPGGKKHYM,0
HLA-B*07:02,RPGGKKHYML,0
HLA-B*07:02,RPGGKKKYKL,0
HLA-B*07:02,RPGGKKKYKM,0
HLA-B*07:02,RPGGKKKYNM,0
HLA-B*07:02,RPGGKKKYRI,0
HLA-B*07:02,RPGGKKKYRL,0
HLA-B*07:02,RPGGKKKYRM,0
HLA-B*07:02,RPGGKKQYRL,0
HLA-B*07:02,RPGNFPQNRL,0
HLA-B*07:02,RPGNFPQSRL,0
HLA-B*07:02,RPGNNTRKSI,0
HLA-B*07:02,RPKRAVGIGA,0
HLA-B*07:02,RPNNKIRTRM,0
HLA-B*07:02,RPNNNTRKGI,0
HLA-B*07:02,RPNNNTRKS,0
HLA-B*07:02,RPNNNTRKSI,0
HLA-B*07:02,RPNNNTRRSI,0
HLA-B*07:02,RPNNNTRTS,0
HLA-B*07:02,RPNNNTRTSI,0
HLA-B*07:02,RPPSVSLKSL,0
HLA-B*07:02,RPSLKIMIP,0
HLA-B*07:02,RPSNNTRTRV,0
HLA-B*07:02,RPSNNTRTS,0
HLA-B*07:02,RPSNNTRTST,0
HLA-B*07:02,RPSNNTRTSV,0
HLA-B*07:02,RPVISTQLL,0
HLA-B*07:02,RPVISTQLLL,0
HLA-B*07:02,RPVVSTQLL,0
HLA-B*07:02,RPVVSTQLLL,0
HLA-B*07:02,RVRQGYSPL,0
HLA-B*07:02,RYRQRLISL,0
HLA-B*07:02,SAPPGQHML,0
HLA-B*07:02,SAPPGQHMLL,0
HLA-B*07:02,SIAARTVEL,0
HLA-B*07:02,SIATRTVEL,0
HLA-B*07:02,SIRIGPGQAF,0
HLA-B*07:02,SIRIGPGQTF,0
HLA-B*07:02,SIRLVSGFL,0
HLA-B*07:02,SIVTRTVEL,0
HLA-B*07:02,SPAIFQSSM,0
HLA-B*07:02,SPFNENLTI,0
HLA-B*07:02,SPIDTVPVT,0
HLA-B*07:02,SPIDTVPVTL,0
HLA-B*07:02,SPKQEPITS,0
HLA-B*07:02,SPKQEPITSL,0
HLA-B*07:02,SPLSFQTPL,0
HLA-B*07:02,SPLSFQTRL,0
HLA-B*07:02,SPLSLQTLI,0
HLA-B*07:02,SPLSLQTPF,0
HLA-B*07:02,SPLSLQTPT,0
HLA-B*07:02,SPLSPQTLI,0
HLA-B*07:02,SPMIIATTDI,0
HLA-B*07:02,SPNKGRPGNF,0
HLA-B*07:02,SPQEIPLDNV,0
HLA-B*07:02,SPRTLNAWV,0
HLA-B*07:02,SPSQKQEPI,0
HLA-B*07:02,SPVSQNYPI,0
HLA-B*07:02,STRLVHGFL,0
HLA-B*07:02,SVGGHQAAM,0
HLA-B*07:02,SVRFVSGFL,0
HLA-B*07:02,SVRIGPGQM,0
HLA-B*07:02,SVRIGPGQMF,0
HLA-B*07:02,SVRIGPGQV,0
HLA-B*07:02,SVRIGPGQVF,0
HLA-B*07:02,SVRLVNGFL,0
HLA-B*07:02,SVRLVSGCL,0
HLA-B*07:02,SVRLVSGFL,0
HLA-B*07:02,SVRLVTGFL,0
HLA-B*07:02,SVSMGPGQAF,0
HLA-B*07:02,SVSMGPGSAF,0
HLA-B*07:02,SVTARVVEL,0
HLA-B*07:02,TAPSPKQEPI,0
HLA-B*07:02,TDPNPIEIPL,0
HLA-B*07:02,TDPNPIEISL,0
HLA-B*07:02,TDPNPQEIAL,0
HLA-B*07:02,TDPNPQEIFL,0
HLA-B*07:02,TDPNPQEIHL,0
HLA-B*07:02,TDPNPQEIHM,0
HLA-B*07:02,TDPNPQEIPL,0
HLA-B*07:02,TDPNPQEIPM,0
HLA-B*07:02,TDPNPQEIYL,0
HLA-B*07:02,TDPNPQELPL,0
HLA-B*07:02,TDPNPQELSL,0
HLA-B*07:02,TDPNPQEVVL,0
HLA-B*07:02,TDPSPQEIPL,0
HLA-B*07:02,TGNSSKVSL,0
HLA-B*07:02,TNPNPQEIHL,0
HLA-B*07:02,TPAGYAILM,0
HLA-B*07:02,TPNGTFNSPF,0
HLA-B*07:02,TPQDLNMML,0
HLA-B*07:02,TPQDLNTML,0
HLA-B*07:02,TPQDLNVML,0
HLA-B*07:02,TPRTLNAWV,0
HLA-B*07:02,TPVNIIGRNM,0
HLA-B*07:02,TSIGPGQVL,0
HLA-B*07:02,TSMGPGRAF,0
HLA-B*07:02,VANNTRTSV,0
HLA-B*07:02,VAQRAWRAL,0
HLA-B*07:02,VPAMFTAAL,0
HLA-B*07:02,VPLTEEAEL,0
HLA-B*07:02,VPMGKKSSS,0
HLA-B*07:02,VPPIIENRL,0
HLA-B*07:02,VPRRKAKII,0
HLA-B*07:02,VPTDPNPIEI,0
HLA-B*07:02,VPTDPNPQEI,0
HLA-B*07:02,VPTDPNPQEL,0
HLA-B*07:02,VPTDPNPQEV,0
HLA-B*07:02,VPTDPSPQEI,0
HLA-B*07:02,VPTNPNPQEI,0
HLA-B*07:02,VPVTLKPGM,0
HLA-B*07:02,VSMGPGQAF,0
HLA-B*07:02,VSMGPGSAF,0
HLA-B*07:02,VSSGIRKVL,0
HLA-B*07:02,VVQRAWRAL,0
HLA-B*07:02,VVRDKKQQV,0
HLA-B*07:02,WPNLWKWGIL,0
HLA-B*07:02,WPNLWKWGTL,0
HLA-B*07:02,WPNLWRWGIL,0
HLA-B*07:02,WPNLWRWGTL,0
HLA-B*07:02,WPNLWTWGTL,0
HLA-B*07:02,WPNYRTWGTL,0
HLA-B*07:02,WPSLWTWGTL,0
HLA-B*07:02,YPLASLRSL,0
HLA-B*07:02,YPLASLRSLF,0
HLA-B*07:02,YPLVSLKSL,0
HLA-B*07:02,YPLVSLKSLF,0
HLA-B*07:02,YPMASLKSL,0
HLA-B*07:02,YPMASLKSLF,0
HLA-B*07:02,YSPLSFQTPL,0
HLA-B*07:02,YSPLSFQTRL,0
HLA-B*07:02,YSPLSLQTPF,0
HLA-B*07:02,YVPAMFTAAL,0
HLA-B*08:01,AGLKKKKSV,0
HLA-B*08:01,ALKTGTEEL,0
HLA-B*08:01,ALKYRYGTF,0
HLA-B*08:01,APPGQHMLL,0
HLA-B*08:01,APSPKQEPI,0
HLA-B*08:01,AYDPEVHNV,0
HLA-B*08:01,CSIRRNLAL,0
HLA-B*08:01,DAKAHEAEV,0
HLA-B*08:01,DAKAHEPEV,0
HLA-B*08:01,DAKAHESEV,0
HLA-B*08:01,DAKAHETEV,0
HLA-B*08:01,DAKAHKAEV,0
HLA-B*08:01,DAKAHLTEV,0
HLA-B*08:01,DAKAHSTEA,0
HLA-B*08:01,DAKAHSTEV,0
HLA-B*08:01,DAKAHVPEA,0
HLA-B*08:01,DAKAHVPEV,0
HLA-B*08:01,DAKAYETEV,0
HLA-B*08:01,DAKLSNSSI,0
HLA-B*08:01,DCKSILKAL,0
HLA-B*08:01,DCKTILKAL,0
HLA-B*08:01,DCKTILRAL,0
HLA-B*08:01,DCTERQVNF,0
HLA-B*08:01,DFLSRWPNL,0
HLA-B*08:01,DGPKVKQWPL,0
HLA-B*08:01,DHHPPSVSL,0
HLA-B*08:01,DHPPPLVSL,0
HLA-B*08:01,DHRPPSVSL,0
HLA-B*08:01,DIKDNWRSEL,0
HLA-B*08:01,DIKDTKEAL,0
HLA-B*08:01,DILLSKRPSL,0
HLA-B*08:01,DIRKAHCEI,0
HLA-B*08:01,DIRKAYCEI,0
HLA-B*08:01,DIRKAYCQI,0
HLA-B*08:01,DIYKRWIIL,0
HLA-B*08:01,DKDHRPPSV,0
HLA-B*08:01,DKKHKEYAL,0
HLA-B*08:01,DKKHKVSAL,0
HLA-B*08:01,DKKHKVYAL,0
HLA-B*08:01,DKKKIVYAL,0
HLA-B*08:01,DKKQKFYAL,0
HLA-B*08:01,DKKQKFYALF,0
HLA-B*08:01,DKKQKVHAL,0
HLA-B*08:01,DKKQKVHALF,0
HLA-B*08:01,DKKQKVYAL,0
HLA-B*08:01,DKKQKVYALF,0
HLA-B*08:01,DKKQKVYSL,0
HLA-B*08:01,DKKQKVYSLF,0
HLA-B*08:01,DKKQQVHAL,0
HLA-B*08:01,DKKQQVYAL,0
HLA-B*08:01,DKMQKVYAL,0
HLA-B*08:01,DKQQKVSAL,0
HLA-B*08:01,DKQQRVQAL,0
HLA-B*08:01,DKRQQVYAL,0
HLA-B*08:01,DLEITTHHF,0
HLA-B*08:01,DLEITTHSF,0
HLA-B*08:01,DLEVTTHSF,0
HLA-B*08:01,DLKSLFNTV,0
HLA-B*08:01,DLNTMLNSV,0
HLA-B*08:01,DLRNLCLFL,0
HLA-B*08:01,DLRSLCLFL,0
HLA-B*08:01,DLYKRWIIL,0
HLA-B*08:01,DMRDNWRSEL,0
HLA-B*08:01,DNKLKIQNV,0
HLA-B*08:01,DPIPIHYCA,0
HLA-B*08:01,DPIWKGPAKL,0
HLA-B*08:01,DPNPIEIPL,0
HLA-B*08:01,DPNPIEISL,0
HLA-B*08:01,DPNPQEIAL,0
HLA-B*08:01,DPNPQEIFL,0
HLA-B*08:01,DPNPQEIHL,0
HLA-B*08:01,DPNPQEIHM,0
HLA-B*08:01,DPNPQEIPL,0
HLA-B*08:01,DPNPQEIPM,0
HLA-B*08:01,DPNPQEIYL,0
HLA-B*08:01,DPNPQELPL,0
HLA-B*08:01,DPNPQELSL,0
HLA-B*08:01,DPNPQEVVL,0
HLA-B*08:01,DPNSTKYIL,0
HLA-B*08:01,DPSPQEIPL,0
HLA-B*08:01,DQKKKVYAL,0
HLA-B*08:01,DQKKKVYALF,0
HLA-B*08:01,DRGRQKVVSL,0
HLA-B*08:01,DRKQKVYAL,0
HLA-B*08:01,DRKQKVYALF,0
HLA-B*08:01,DTFFRTSPM,0
HLA-B*08:01,DVKDTKEAL,0
HLA-B*08:01,DVRDTKEAL,0
HLA-B*08:01,DVRQLTEVV,0
HLA-B*08:01,EALDKIEEV,0
HLA-B*08:01,EALDKIKEV,0
HLA-B*08:01,EALDKLEEV,0
HLA-B*08:01,EALDKMEEV,0
HLA-B*08:01,EALKYLGSL,0
HLA-B*08:01,EALKYWWNL,0
HLA-B*08:01,EAQQHLLKL,0
HLA-B*08:01,EAQQHLLQL,0
HLA-B*08:01,EAQQHMLQL,0
HLA-B*08:01,EAQQQMLQL,0
HLA-B*08:01,EAQQRMLQL,0
HLA-B*08:01,EAVDKIEEM,0
HLA-B*08:01,EELKSLFNTL,0
HLA-B*08:01,EGKVILVAV,0
HLA-B*08:01,EGLKYLWNL,0
HLA-B*08:01,EGTDRIIEI,0
HLA-B*08:01,EGTDRIIEV,0
HLA-B*08:01,EGTDRILEI,0
HLA-B*08:01,EGTDRVIEI,0
HLA-B*08:01,EHFKNKTIVF,0
HLA-B*08:01,EHFNKTIEF,0
HLA-B*08:01,EHFNKTIIF,0
HLA-B*08:01,EHFNKTIKF,0
HLA-B*08:01,EHFNKTIRF,0
HLA-B*08:01,EHFNKTKTI,0
HLA-B*08:01,EHFNRTITF,0
HLA-B*08:01,EHIVRHLII,0
HLA-B*08:01,EHPPPLISL,0
HLA-B*08:01,EIGQHRTKI,0
HLA-B*08:01,EIIIRSEDL,0
HLA-B*08:01,EIIIRSENI,0
HLA-B*08:01,EIIIRSENL,0
HLA-B*08:01,EIIIRSQDI,0
HLA-B*08:01,EIIIRSQNI,0
HLA-B*08:01,EIIVRSANI,0
HLA-B*08:01,EIIVRSENI,0
HLA-B*08:01,EIKDKKKIV,0
HLA-B*08:01,EIKDTKEAL,0
HLA-B*08:01,EIKSLFNTV,0
HLA-B*08:01,EIKSLYNAV,0
HLA-B*08:01,EIKSLYNTI,0
HLA-B*08:01,EIKYKILENF,0
HLA-B*08:01,EINEKDLLAL,0
HLA-B*08:01,EIRDKKQKV,0
HLA-B*08:01,EIRDKMQKV,0
HLA-B*08:01,EIRDKRQQV,0
HLA-B*08:01,EIRDTKEAL,0
HLA-B*08:01,EIRGKQQKV,0
HLA-B*08:01,EIVVRSENL,0
HLA-B*08:01,EIYKRWIIL,0
HLA-B*08:01,ELAENREIL,0
HLA-B*08:01,ELFPNKTIKF,0
HLA-B*08:01,ELHPDRWTV,0
HLA-B*08:01,ELIDKKHKV,0
HLA-B*08:01,ELIRKDKVYL,0
HLA-B*08:01,ELKDKQQRV,0
HLA-B*08:01,ELKISAISL,0
HLA-B*08:01,ELKISAISLL,0
HLA-B*08:01,ELKISAVSL,0
HLA-B*08:01,ELKKIIGQI,0
HLA-B*08:01,ELKKSAISL,0
HLA-B*08:01,ELKKSAISLL,0
HLA-B*08:01,ELKNSATSL,0
HLA-B*08:01,ELKNSATSLL,0
HLA-B*08:01,ELKSLFNAV,0
HLA-B*08:01,ELKSLFNTI,0
HLA-B*08:01,ELKSLFNTL,0
HLA-B*08:01,ELKSLFNTV,0
HLA-B*08:01,ELKSLYNAV,0
HLA-B*08:01,ELKSLYNTV,0
HLA-B*08:01,ELKSSAISL,0
HLA-B*08:01,ELKTSAISL,0
HLA-B*08:01,ELKTSAISLL,0
HLA-B*08:01,ELKTSATSL,0
HLA-B*08:01,ELKVSAISL,0
HLA-B*08:01,ELKVSAISLL,0
HLA-B*08:01,ELNKRTQDF,0
HLA-B*08:01,ELQAIKLAL,0
HLA-B*08:01,ELQKQITKL,0
HLA-B*08:01,ELRAHLLSW,0
HLA-B*08:01,ELRDKKHKV,0
HLA-B*08:01,ELRDKKQKV,0
HLA-B*08:01,ELRDRKQKV,0
HLA-B*08:01,ELRISAISL,0
HLA-B*08:01,ELRSLFNTI,0
HLA-B*08:01,ELRSLFNTV,0
HLA-B*08:01,ELRSLYNTI,0
HLA-B*08:01,ELRTSAISL,0
HLA-B*08:01,ELRTSATSL,0
HLA-B*08:01,ELTPLCVTL,0
HLA-B*08:01,ELYKYKIVEI,0
HLA-B*08:01,ELYKYKVVEI,0
HLA-B*08:01,ELYKYKVVEV,0
HLA-B*08:01,ELYKYKVVQI,0
HLA-B*08:01,EMGGKINPL,0
HLA-B*08:01,ENKTKYILI,0
HLA-B*08:01,EPDKEKYPL,0
HLA-B*08:01,EPFRKKNPEI,0
HLA-B*08:01,EPIPIHYCA,0
HLA-B*08:01,EPITSLKSL,0
HLA-B*08:01,EQDRDRSIRL,0
HLA-B*08:01,EQDRDRSVRL,0
HLA-B*08:01,EQGRDRSIRL,0
HLA-B*08:01,EQGRDRSVRL,0
HLA-B*08:01,EQGRTRSVRL,0
HLA-B*08:01,EQKAYVPAM,0
HLA-B*08:01,ERYLKDQKF,0
HLA-B*08:01,ERYLKDQQF,0
HLA-B*08:01,ERYLKDQQL,0
HLA-B*08:01,ERYLRDQQL,0
HLA-B*08:01,ESFIEVISL,0
HLA-B*08:01,ESFRKYTAF,0
HLA-B*08:01,ESYLKHQQF,0
HLA-B*08:01,ESYLKHQQFL,0
HLA-B*08:01,ETIYRLLEV,0
HLA-B*08:01,ETREKDHPL,0
HLA-B*08:01,EVAQRAWRAL,0
HLA-B*08:01,EVIPMFSAL,0
HLA-B*08:01,EVKDTKEAL,0
HLA-B*08:01,EVKDTKEAV,0
HLA-B*08:01,EVKSLYNTI,0
HLA-B*08:01,EVMIRSENI,0
HLA-B*08:01,EVRDTKEAL,0
HLA-B*08:01,FAIKKKDST,0
HLA-B*08:01,FFLDRVLNI,0
HLA-B*08:01,FFRTSPMII,0
HLA-B*08:01,FFYCNTSQL,0
HLA-B*08:01,FFYCNTSTL,0
HLA-B*08:01,FFYCNTTKL,0
HLA-B*08:01,FIDSYLQKL,0
HLA-B*08:01,FLIVRLNQC,0
HLA-B*08:01,FLIVRQNQC,0
HLA-B*08:01,FLIVRQNQCM,0
HLA-B*08:01,FLYHRLRDF,0
HLA-B*08:01,FLYHRLSDF,0
HLA-B*08:01,FMYYAKRML,0
HLA-B*08:01,FNKTKTIKF,0
HLA-B*08:01,FPNEIKYKI,0
HLA-B*08:01,FPNEIKYKIL,0
HLA-B*08:01,FPQGKAGEL,0
HLA-B*08:01,FPQSRPEPT,0
HLA-B*08:01,FSYHRLIDL,0
HLA-B*08:01,FSYHRLRDL,0
HLA-B*08:01,FSYHRLSDL,0
HLA-B*08:01,FWDDLRNLCL,0
HLA-B*08:01,FYKLDIVPL,0
HLA-B*08:01,FYKLDIVQI,0
HLA-B*08:01,FYKLDIVQM,0
HLA-B*08:01,FYKLDLVQM,0
HLA-B*08:01,FYKLDLVSL,0
HLA-B*08:01,FYRLDIVPL,0
HLA-B*08:01,GIRYQYNVL,0
HLA-B*08:01,GKQQKVHAL,0
HLA-B*08:01,GLQTIVKSL,0
HLA-B*08:01,GLRIIFAVL,0
HLA-B*08:01,GLRIVFAVL,0
HLA-B*08:01,GLRIVFTVL,0
HLA-B*08:01,GMGEKINPL,0
HLA-B*08:01,GPCRKVSTV,0
HLA-B*08:01,GPGHKAKVL,0
HLA-B*08:01,GPGHKARVL,0
HLA-B*08:01,GPKRIVKCF,0
HLA-B*08:01,GPKVKQWPL,0
HLA-B*08:01,GPSHKARVL,0
HLA-B*08:01,GQKRKDHPL,0
HLA-B*08:01,HFENKTIKF,0
HLA-B*08:01,HFHNKTIKF,0
HLA-B*08:01,HFKNKTIIF,0
HLA-B*08:01,HFKNKTIVF,0
HLA-B*08:01,HFNNRTIIF,0
HLA-B*08:01,HFPNKTIHF,0
HLA-B*08:01,HFPNKTIKF,0
HLA-B*08:01,HFPNKTIRF,0
HLA-B*08:01,HFQNKTIRF,0
HLA-B*08:01,HFRNKTIKF,0
HLA-B*08:01,HIPRRIRQGL,0
HLA-B*08:01,HIVRHLIIF,0
HLA-B*08:01,HLEGKVILV,0
HLA-B*08:01,HLKTGSEEI,0
HLA-B*08:01,HLNRTKIEF,0
HLA-B*08:01,HMKNVTENF,0
HLA-B*08:01,HPLTSLKSL,0
HLA-B*08:01,HPSFVKCNIL,0
HLA-B*08:01,HPSISLKSL,0
HLA-B*08:01,HQALSPRTL,0
HLA-B*08:01,HQAVSPRTL,0
HLA-B*08:01,HQPISPRTL,0
HLA-B*08:01,HQPITPRTL,0
HLA-B*08:01,HQPLSPRTL,0
HLA-B*08:01,HQSMSPRTL,0
HLA-B*08:01,HSSLKGLRL,0
HLA-B*08:01,HVRNIIASI,0
HLA-B*08:01,HYMLKHLVW,0
HLA-B*08:01,IAKRIVELL,0
HLA-B*08:01,IDKKHKVYAL,0
HLA-B*08:01,IGQFKNCAL,0
HLA-B*08:01,IIRDYGKQM,0
HLA-B*08:01,ILGQLHPSL,0
HLA-B*08:01,ILIATRTVEL,0
HLA-B*08:01,ILKCKDKKF,0
HLA-B*08:01,ILKTPVHGV,0
HLA-B*08:01,ILKYLGNLL,0
HLA-B*08:01,ILLSKRPSL,0
HLA-B*08:01,IMNQLQPAL,0
HLA-B*08:01,IPRRIRQGF,0
HLA-B*08:01,IPRRIRQGL,0
HLA-B*08:01,IPTRIRQGF,0
HLA-B*08:01,IRYRQRLISL,0
HLA-B*08:01,ITKHKQHNA,0
HLA-B*08:01,IWDDLRSLF,0
HLA-B*08:01,IYQEPFKNL,0
HLA-B*08:01,KAKVLAEAM,0
HLA-B*08:01,KDKEHPPPL,0
HLA-B*08:01,KKKKSVTVL,0
HLA-B*08:01,KKKYKLKHL,0
HLA-B*08:01,KKKYKMKHL,0
HLA-B*08:01,KKKYRIKHL,0
HLA-B*08:01,KKKYRLKHL,0
HLA-B*08:01,KLLRGTKAL,0
HLA-B*08:01,KNKQKTQQA,0
HLA-B*08:01,KPCVKLTPL,0
HLA-B*08:01,KPCVRLTPL,0
HLA-B*08:01,KSRQKTQQV,0
HLA-B*08:01,KVHALFYTL,0
HLA-B*08:01,LALDQWASL,0
HLA-B*08:01,LALDRWNNL,0
HLA-B*08:01,LELDKWASL,0
HLA-B*08:01,LELDKWTSL,0
HLA-B*08:01,LFLHYITRL,0
HLA-B*08:01,LFPNKTIKF,0
HLA-B*08:01,LGIPHPAGL,0
HLA-B*08:01,LGLNKIVRM,0
HLA-B*08:01,LIAARTVEL,0
HLA-B*08:01,LIAKRIVEL,0
HLA-B*08:01,LIATRAVEL,0
HLA-B*08:01,LIATRTVEL,0
HLA-B*08:01,LIRKDKVYL,0
HLA-B*08:01,LKDQKFLGL,0
HLA-B*08:01,LKDQRFLGL,0
HLA-B*08:01,LKKKKSVTV,0
HLA-B*08:01,LKKKKSVTVL,0
HLA-B*08:01,LLELDKWTSL,0
HLA-B*08:01,LLIAKRIVEL,0
HLA-B*08:01,LLIATRTVEL,0
HLA-B*08:01,LLKCKDKRF,0
HLA-B*08:01,LLSDKKQKV,0
HLA-B*08:01,LLTDKKQKF,0
HLA-B*08:01,LLTDKKQKV,0
HLA-B*08:01,LLTDKKQQV,0
HLA-B*08:01,LMRYGRHPSF,0
HLA-B*08:01,LPSVSLKSL,0
HLA-B*08:01,LQKLAQHSI,0
HLA-B*08:01,LTEEKIKAL,0
HLA-B*08:01,LVTARAVEL,0
HLA-B*08:01,LVTARVVEL,0
HLA-B*08:01,LVTTRVVEL,0
HLA-B*08:01,LYKYKIVEI,0
HLA-B*08:01,LYKYKVIEI,0
HLA-B*08:01,LYKYKVVEI,0
HLA-B*08:01,LYKYKVVEV,0
HLA-B*08:01,LYKYKVVKI,0
HLA-B*08:01,LYKYKVVQI,0
HLA-B*08:01,MDFFKKEIL,0
HLA-B*08:01,MRYGRHPSF,0
HLA-B*08:01,MWQEVGQAM,0
HLA-B*08:01,MWQKVGQAM,0
HLA-B*08:01,MYYAKRMLF,0
HLA-B*08:01,NAKNIIVHL,0
HLA-B*08:01,NAKNILVQF,0
HLA-B*08:01,NAKTIIVHL,0
HLA-B*08:01,NANLRNNTV,0
HLA-B*08:01,NFDMWKNEM,0
HLA-B*08:01,NFKGPRRTI,0
HLA-B*08:01,NFLREIMAF,0
HLA-B*08:01,NFNMWKNNL,0
HLA-B*08:01,NFNMWKNSM,0
HLA-B*08:01,NGRRTRHFL,0
HLA-B*08:01,NIKDNWRNEL,0
HLA-B*08:01,NIKDNWRSEL,0
HLA-B*08:01,NIKEYVYQL,0
HLA-B*08:01,NIKTIIVHL,0
HLA-B*08:01,NIKTIIVQL,0
HLA-B*08:01,NIMMQRSNF,0
HLA-B*08:01,NINKNRGSF,0
HLA-B*08:01,NKRKRVIGL,0
HLA-B*08:01,NLKTGSEEI,0
HLA-B*08:01,NLVRKYEKV,0
HLA-B*08:01,NMKDNWRSEL,0
HLA-B*08:01,NMRDNWRSEL,0
HLA-B*08:01,NMWQKVGQA,0
HLA-B*08:01,NMWQKVGQAM,0
HLA-B*08:01,NMWQRIGQA,0
HLA-B*08:01,NMWQRIGQAM,0
HLA-B*08:01,NMWQRVGQA,0
HLA-B*08:01,NMWQRVGQAM,0
HLA-B*08:01,NNKRTRTSI,0
HLA-B*08:01,NNNTKYMLI,0
HLA-B*08:01,NNTERIETF,0
HLA-B*08:01,NNTRKSISI,0
HLA-B*08:01,NPNPQEIHL,0
HLA-B*08:01,NPQEMKNCSF,0
HLA-B*08:01,NQKTELQAI,0
HLA-B*08:01,NSSFREYRL,0
HLA-B*08:01,NVGKKLAEL,0
HLA-B*08:01,NVKTIIVHL,0
HLA-B*08:01,NYTEQIYEL,0
HLA-B*08:01,NYTNKIYDL,0
HLA-B*08:01,QDRDRSIRL,0
HLA-B*08:01,QDRDRSVRL,0
HLA-B*08:01,QELKKSAISL,0
HLA-B*08:01,QELKTSATSL,0
HLA-B*08:01,QGKNKRKRV,0
HLA-B*08:01,QGQMVHQAL,0
HLA-B*08:01,QGQMVHQSM,0
HLA-B*08:01,QGRDRSIRL,0
HLA-B*08:01,QGRDRSVRF,0
HLA-B*08:01,QGRDRSVRL,0
HLA-B*08:01,QGRTRSVRL,0
HLA-B*08:01,QGSTRSVRL,0
HLA-B*08:01,QHRTKIEEL,0
HLA-B*08:01,QIRDQAEHL,0
HLA-B*08:01,QLQARILAV,0
HLA-B*08:01,QLQARVLAL,0
HLA-B*08:01,QLQARVLAV,0
HLA-B*08:01,QLQTRILAI,0
HLA-B*08:01,QLQTRVLAI,0
HLA-B*08:01,QMHEDVISL,0
HLA-B*08:01,QMHTDIISL,0
HLA-B*08:01,QMQEDIISL,0
HLA-B*08:01,QMQEDVISL,0
HLA-B*08:01,QQKQKTQQA,0
HLA-B*08:01,QQRMLQLTV,0
HLA-B*08:01,QYDQIPIEI,0
HLA-B*08:01,RDKKQKVHAL,0
HLA-B*08:01,RDKKQKVYAL,0
HLA-B*08:01,RDKKQKVYSL,0
HLA-B*08:01,RDRKQKVYAL,0
HLA-B*08:01,RGKQQKVHAL,0
HLA-B*08:01,RGRQKVVSL,0
HLA-B*08:01,RLGEKINPL,0
HLA-B*08:01,RPGGKKHYM,0
HLA-B*08:01,RPGGKKHYML,0
HLA-B*08:01,RPGGKKKYKL,0
HLA-B*08:01,RPGGKKQYRL,0
HLA-B*08:01,RPNNKIRTRM,0
HLA-B*08:01,RVRQGYSPL,0
HLA-B*08:01,RYRQRLISL,0
HLA-B*08:01,SAGERIVDM,0
HLA-B*08:01,SDKKQKVHAL,0
HLA-B*08:01,SFDPIPIHY,0
HLA-B*08:01,SFDPIPINY,0
HLA-B*08:01,SFNFPQITL,0
HLA-B*08:01,SGIRKVLFL,0
HLA-B*08:01,SGKDWKETL,0
HLA-B*08:01,SGKEWKGTL,0
HLA-B*08:01,SGKQWRETL,0
HLA-B*08:01,SGRNWKETL,0
HLA-B*08:01,SIAARTVEL,0
HLA-B*08:01,SIATRTVEL,0
HLA-B*08:01,SIQTTVNTL,0
HLA-B*08:01,SIRYRQRLI,0
HLA-B*08:01,SIVTRTVEL,0
HLA-B*08:01,SLFNTIVTL,0
HLA-B*08:01,SLFNTVATL,0
HLA-B*08:01,SLFNTVITL,0
HLA-B*08:01,SLFNTVVVL,0
HLA-B*08:01,SLFYRLDVV,0
HLA-B*08:01,SLHQYKWYI,0
HLA-B*08:01,SLIAARTVEL,0
HLA-B*08:01,SLKIMIPSM,0
HLA-B*08:01,SLYNAVVTL,0
HLA-B*08:01,SLYNAVVVL,0
HLA-B*08:01,SLYNTIATL,0
HLA-B*08:01,SLYNTITTL,0
HLA-B*08:01,SLYNTIVTL,0
HLA-B*08:01,SLYNTVAVL,0
HLA-B*08:01,SLYNTVVTL,0
HLA-B*08:01,SMSPRTLNA,0
HLA-B*08:01,SNNIKTIIV,0
HLA-B*08:01,SNNVKTIIV,0
HLA-B*08:01,SNWLRYIQI,0
HLA-B*08:01,SPAIFQSSM,0
HLA-B*08:01,SPIDTVPVTL,0
HLA-B*08:01,SPKQEPITSL,0
HLA-B*08:01,SPLSFQTPL,0
HLA-B*08:01,SPLSFQTRL,0
HLA-B*08:01,SPLSLQTPF,0
HLA-B*08:01,SPNKGRPGNF,0
HLA-B*08:01,SPSQKQEPI,0
HLA-B*08:01,SQAQHTNIL,0
HLA-B*08:01,SQEMKNCSF,0
HLA-B*08:01,SQTNKIIMM,0
HLA-B*08:01,SRELKVSAI,0
HLA-B*08:01,STKSKFNGL,0
HLA-B*08:01,SVTARVVEL,0
HLA-B*08:01,SYDEIWNNM,0
HLA-B*08:01,SYLKHQQFL,0
HLA-B*08:01,SYRLLRDLSL,0
HLA-B*08:01,TDKKQKFYAL,0
HLA-B*08:01,TDKKQKVYAL,0
HLA-B*08:01,TDQKKKVYAL,0
HLA-B*08:01,TFDPIPIHY,0
HLA-B*08:01,TGNSSKVSL,0
HLA-B*08:01,TIQCRIKQI,0
HLA-B*08:01,TLGKVVKQL,0
HLA-B*08:01,TLHNVSKKL,0
HLA-B*08:01,TLIKVVQKL,0
HLA-B*08:01,TLKAGSEEL,0
HLA-B*08:01,TLKQVTGKL,0
HLA-B*08:01,TLKQVTKKL,0
HLA-B*08:01,TLKRVAKKL,0
HLA-B*08:01,TLKTGSEEL,0
HLA-B*08:01,TLNQVAKKL,0
HLA-B*08:01,TLPCRIKQI,0
HLA-B*08:01,TLPNKSDVL,0
HLA-B*08:01,TLRKVAKKL,0
HLA-B*08:01,TLRQVAKKL,0
HLA-B*08:01,TLSERISSKL,0
HLA-B*08:01,TLWQRPLVT,0
HLA-B*08:01,TLYKVSKKL,0
HLA-B*08:01,TPQDLNMML,0
HLA-B*08:01,TPQDLNTML,0
HLA-B*08:01,TPQDLNVML,0
HLA-B*08:01,VAKKLKEHF,0
HLA-B*08:01,VAKKLKEHL,0
HLA-B*08:01,VAKKLQEHF,0
HLA-B*08:01,VAKKLREHF,0
HLA-B*08:01,VIWGKTPKF,0
HLA-B*08:01,VLKYLGNLL,0
HLA-B*08:01,VLRDKKQKV,0
HLA-B*08:01,VLTDKKQQV,0
HLA-B*08:01,VPAMFTAAL,0
HLA-B*08:01,VPRRKAKII,0
HLA-B*08:01,VPTDPNPQEL,0
HLA-B*08:01,VVKQLRKHF,0
HLA-B*08:01,VVRDKKQQV,0
HLA-B*08:01,VVRDKQQKV,0
HLA-B*08:01,VWKDADTTL,0
HLA-B*08:01,VWKDAETTL,0
HLA-B*08:01,VWKDATTTL,0
HLA-B*08:01,VWKEATTTL,0
HLA-B*08:01,VWRDAKTTL,0
HLA-B*08:01,VWRDANTTL,0
HLA-B*08:01,WGKTPKFRL,0
HLA-B*08:01,WPNYRTWGTL,0
HLA-B*08:01,YAGIKVKQL,0
HLA-B*08:01,YARKRSAHT,0
HLA-B*08:01,YHHLRDLIL,0
HLA-B*08:01,YHRLRDFIL,0
HLA-B*08:01,YHRLRDFLL,0
HLA-B*08:01,YHRLRDFSL,0
HLA-B*08:01,YHRLRDFVL,0
HLA-B*08:01,YHRLRDLLL,0
HLA-B*08:01,YHRLRDSVL,0
HLA-B*08:01,YIKNKTVFQL,0
HLA-B*08:01,YIRIFIMVI,0
HLA-B*08:01,YKVVKIEPL,0
HLA-B*08:01,YLKDQKFLGL,0
HLA-B*08:01,YLKDQQFLGL,0
HLA-B*08:01,YLKDQRFLGL,0
HLA-B*08:01,YLKHQQFLGL,0
HLA-B*08:01,YPLASLRSL,0
HLA-B*08:01,YPLVSLKSL,0
HLA-B*08:01,YPMASLKSL,0
HLA-B*08:01,YRLLRDLSL,0
HLA-B*08:01,YSPLSFQTL,0
HLA-B*08:01,YVDRFFKTL,0
HLA-B*08:01,YVDRFYKTL,0
HLA-B*08:01,YYDPSKDLV,0
HLA-B*15:02,AANTNIMIF,0
HLA-B*15:02,AENLWVTVY,0
HLA-B*15:02,AIMMQRSNF,0
HLA-B*15:02,AMYAPPISGM,0
HLA-B*15:02,ANNLWVTVY,0
HLA-B*15:02,APGSPTNLEF,0
HLA-B*15:02,AQWEREISNY,0
HLA-B*15:02,ASDLWVTVY,0
HLA-B*15:02,ASNLWVTVY,0
HLA-B*15:02,AVLSAATETY,0
HLA-B*15:02,AVNASLTNF,0
HLA-B*15:02,CMSNSRLSF,0
HLA-B*15:02,CSAPPGQHM,0
HLA-B*15:02,DIAGSTSTL,0
HLA-B*15:02,DIAGTTSTL,0
HLA-B*15:02,DIEITTHYF,0
HLA-B*15:02,DIIGDIRKAY,0
HLA-B*15:02,DIIGDIRQAY,0
HLA-B*15:02,DIIGDIRSAY,0
HLA-B*15:02,DIIGNIRQAY,0
HLA-B*15:02,DIIGSIRQAY,0
HLA-B*15:02,DIVGNIRQAY,0
HLA-B*15:02,DIVPLEGNF,0
HLA-B*15:02,DIVQMGENEY,0
HLA-B*15:02,DLEITMHHF,0
HLA-B*15:02,DLEITTHHF,0
HLA-B*15:02,DLEITTHSF,0
HLA-B*15:02,DLEITTHYF,0
HLA-B*15:02,DLETTMHHF,0
HLA-B*15:02,DLEVTMHHF,0
HLA-B*15:02,DLEVTTHSF,0
HLA-B*15:02,DLLKMCIKY,0
HLA-B*15:02,DLNNTTEIF,0
HLA-B*15:02,DLRNLCLFSY,0
HLA-B*15:02,DLRSLCLFSY,0
HLA-B*15:02,DLRSLFLFSY,0
HLA-B*15:02,DNFWVTVYY,0
HLA-B*15:02,DPIIGAETF,0
HLA-B*15:02,DPIIGAETFY,0
HLA-B*15:02,DQEIITHHF,0
HLA-B*15:02,DQEITTLHF,0
HLA-B*15:02,DQKKKVYAL,0
HLA-B*15:02,DSNGNHSENY,0
HLA-B*15:02,DSQNDSSKY,0
HLA-B*15:02,DSSENSSKY,0
HLA-B*15:02,DTFFRTSPM,0
HLA-B*15:02,DTGKVSQNY,0
HLA-B*15:02,DVIGDIRKAY,0
HLA-B*15:02,DVSQEVRKY,0
HLA-B*15:02,DVVGDIRKAY,0
HLA-B*15:02,EADKKVSQNY,0
HLA-B*15:02,EAVDKIEEM,0
HLA-B*15:02,EHFNKTIEF,0
HLA-B*15:02,EHFNRTITF,0
HLA-B*15:02,EIDIMKRCY,0
HLA-B*15:02,EIGNYTNQIY,0
HLA-B*15:02,EIIGDIRKAY,0
HLA-B*15:02,EIKDKKKIVY,0
HLA-B*15:02,EIRDKMQKVY,0
HLA-B*15:02,EIRDKRQQVY,0
HLA-B*15:02,EISNSTDTIY,0
HLA-B*15:02,EISNYSETIY,0
HLA-B*15:02,EISNYTDQIY,0
HLA-B*15:02,EISNYTDTIY,0
HLA-B*15:02,EISNYTDVIY,0
HLA-B*15:02,EISNYTEQIY,0
HLA-B*15:02,EISNYTGIIY,0
HLA-B*15:02,EISNYTNKIY,0
HLA-B*15:02,EISNYTNQIY,0
HLA-B*15:02,EISNYTNTIY,0
HLA-B*15:02,EISNYTQIIY,0
HLA-B*15:02,EISNYTSQIY,0
HLA-B*15:02,ELFPNKTIKF,0
HLA-B*15:02,ELIDKKHKVY,0
HLA-B*15:02,ELIRKDKVY,0
HLA-B*15:02,ELKISAISL,0
HLA-B*15:02,ELKISAISLF,0
HLA-B*15:02,ELKISAVSL,0
HLA-B*15:02,ELKISAVSLF,0
HLA-B*15:02,ELKKSAISL,0
HLA-B*15:02,ELKKSAISLF,0
HLA-B*15:02,ELKNSATSL,0
HLA-B*15:02,ELKSLFNTL,0
HLA-B*15:02,ELKSSAISL,0
HLA-B*15:02,ELKSSAISLF,0
HLA-B*15:02,ELKTSAISL,0
HLA-B*15:02,ELKTSAISLF,0
HLA-B*15:02,ELKTSATSL,0
HLA-B*15:02,ELKTSATSLY,0
HLA-B*15:02,ELKVSAISL,0
HLA-B*15:02,ELNKRTQDF,0
HLA-B*15:02,ELRAHLLSW,0
HLA-B*15:02,ELRDKKHKEY,0
HLA-B*15:02,ELRDKKQKVY,0
HLA-B*15:02,ELRDRKQKVY,0
HLA-B*15:02,ELRISAISL,0
HLA-B*15:02,ELRISAISLY,0
HLA-B*15:02,ELRTSAISL,0
HLA-B*15:02,ELRTSAISLF,0
HLA-B*15:02,ELRTSATSL,0
HLA-B*15:02,ELRTSATSLY,0
HLA-B*15:02,EPTAPPAESF,0
HLA-B*15:02,EQIWNNLTW,0
HLA-B*15:02,EQKAYVPAM,0
HLA-B*15:02,EQKAYVPAMF,0
HLA-B*15:02,ESFRKYTAF,0
HLA-B*15:02,ESYLKHQQF,0
HLA-B*15:02,ETKEFKTLY,0
HLA-B*15:02,ETKVGKAGY,0
HLA-B*15:02,ETNDTTEIF,0
HLA-B*15:02,ETPGIRYQY,0
HLA-B*15:02,ETSIYDAVSY,0
HLA-B*15:02,EVHNVWATY,0
HLA-B*15:02,EVIPMFSAL,0
HLA-B*15:02,EVNIVTDSQY,0
HLA-B*15:02,EWDKEISNY,0
HLA-B*15:02,FCASDAKAY,0
HLA-B*15:02,FLENVTENF,0
HLA-B*15:02,FLGAAGSTM,0
HLA-B*15:02,FLGIAGSTM,0
HLA-B*15:02,FLGLAGSTM,0
HLA-B*15:02,FLGVAGSTM,0
HLA-B*15:02,FLSRWPNLF,0
HLA-B*15:02,FLYHRLRDF,0
HLA-B*15:02,FLYHRLSDF,0
HLA-B*15:02,FNDNELTTY,0
HLA-B*15:02,FNSTFNSTY,0
HLA-B*15:02,FSISKWLWY,0
HLA-B*15:02,FSPEVIPMF,0
HLA-B*15:02,FSVPLDESF,0
HLA-B*15:02,FVKCNILDVY,0
HLA-B*15:02,FYIDAEDSY,0
HLA-B*15:02,GENEYSSEY,0
HLA-B*15:02,GIKPVVSTQF,0
HLA-B*15:02,GIRIGPGQTF,0
HLA-B*15:02,GLIGLRIIF,0
HLA-B*15:02,GLIGLRIVF,0
HLA-B*15:02,GLNKIVRMY,0
HLA-B*15:02,GLSSINIKEY,0
HLA-B*15:02,GLTPEQKAY,0
HLA-B*15:02,GLYYQGSCY,0
HLA-B*15:02,GPKEPFRDY,0
HLA-B*15:02,GTEELKSLY,0
HLA-B*15:02,HEAEVHNVW,0
HLA-B*15:02,HESEVHNVW,0
HLA-B*15:02,HFENKTIKF,0
HLA-B*15:02,HFHNKTIKF,0
HLA-B*15:02,HFKNKTIIF,0
HLA-B*15:02,HFKNKTIVF,0
HLA-B*15:02,HFNNRTIIF,0
HLA-B*15:02,HFQNKTIRF,0
HLA-B*15:02,HFQNTTIQF,0
HLA-B*15:02,HFRNKTIKF,0
HLA-B*15:02,HGISLIKLY,0
HLA-B*15:02,HIEEVIGQF,0
HLA-B*15:02,HIGEVIGQF,0
HLA-B*15:02,HIQQTNIMM,0
HLA-B*15:02,HIVRHLIIF,0
HLA-B*15:02,HLDNSIRLM,0
HLA-B*15:02,HLENVTEEF,0
HLA-B*15:02,HLENVTENF,0
HLA-B*15:02,HLNRTKIEF,0
HLA-B*15:02,HLTEVHNVW,0
HLA-B*15:02,HMKNVTENF,0
HLA-B*15:02,HNDSNYSEY,0
HLA-B*15:02,HNISTSQEM,0
HLA-B*15:02,HQALSPRTL,0
HLA-B*15:02,HQAVSPRTL,0
HLA-B*15:02,HQKEPPFLW,0
HLA-B*15:02,HQSMSPRTL,0
HLA-B*15:02,HSFNCGGEF,0
HLA-B*15:02,HSFNCRGEF,0
HLA-B*15:02,HVPEVHNVW,0
HLA-B*15:02,IDVQSLHQY,0
HLA-B*15:02,IGNYTNQIY,0
HLA-B*15:02,IIENRLPYY,0
HLA-B*15:02,IIFDAVESL,0
HLA-B*15:02,IIGDIRKAY,0
HLA-B*15:02,IIGDIRQAY,0
HLA-B*15:02,IIGDIRSAY,0
HLA-B*15:02,IIGNIRQAY,0
HLA-B*15:02,IIGSIRQAY,0
HLA-B*15:02,IIMMQRSNF,0
HLA-B*15:02,IINRVRQGY,0
HLA-B*15:02,IIRDYGKQM,0
HLA-B*15:02,ILAALFMYY,0
HLA-B*15:02,ILHSDYKSF,0
HLA-B*15:02,ILITGLVIM,0
HLA-B*15:02,ILKTPVHGVY,0
HLA-B*15:02,IMNQLQPAL,0
HLA-B*15:02,INIGPGQVF,0
HLA-B*15:02,INIGPGQVFY,0
HLA-B*15:02,IPMENVIENF,0
HLA-B*15:02,IPMENVTENF,0
HLA-B*15:02,IPMGNVTENF,0
HLA-B*15:02,IPMKNVTENF,0
HLA-B*15:02,IPRRIRQGF,0
HLA-B*15:02,IQWEREISNY,0
HLA-B*15:02,ISFDPIPIHY,0
HLA-B*15:02,ISIGPGRVY,0
HLA-B*15:02,ISIGPGRVYY,0
HLA-B*15:02,ISKIGPENPY,0
HLA-B*15:02,ISNSTDTIY,0
HLA-B*15:02,ISNYSETIY,0
HLA-B*15:02,ISNYTDQIY,0
HLA-B*15:02,ISNYTDTIY,0
HLA-B*15:02,ISNYTDVIY,0
HLA-B*15:02,ISNYTEQIY,0
HLA-B*15:02,ISNYTGIIY,0
HLA-B*15:02,ISNYTNKIY,0
HLA-B*15:02,ISNYTNQIY,0
HLA-B*15:02,ISNYTNTIY,0
HLA-B*15:02,ISNYTQIIY,0
HLA-B*15:02,ISNYTSQIY,0
HLA-B*15:02,IVGGHQAAM,0
HLA-B*15:02,IVGNIRQAY,0
HLA-B*15:02,IVHLNESVM,0
HLA-B*15:02,IVKSLNKIY,0
HLA-B*15:02,IVNRVRQGY,0
HLA-B*15:02,IVQMGENEY,0
HLA-B*15:02,IWDDLRSLF,0
HLA-B*15:02,IYDAVSYNAY,0
HLA-B*15:02,KAQEEHERY,0
HLA-B*15:02,KINSTNSKF,0
HLA-B*15:02,KLEKNCNAY,0
HLA-B*15:02,KLNWASQIY,0
HLA-B*15:02,KLQNFRVYY,0
HLA-B*15:02,KMIGGIGGF,0
HLA-B*15:02,KQACPKISF,0
HLA-B*15:02,KQGQDQWTY,0
HLA-B*15:02,KQITKLQNF,0
HLA-B*15:02,KQKFYALFY,0
HLA-B*15:02,KQKVHALFY,0
HLA-B*15:02,KQKVYALFY,0
HLA-B*15:02,KQKVYSLFY,0
HLA-B*15:02,KQQKVSALF,0
HLA-B*15:02,KQQVHALFY,0
HLA-B*15:02,KTPVHGVYY,0
HLA-B*15:02,KTYMSNSTF,0
HLA-B*15:02,KVASSTTQY,0
HLA-B*15:02,KVVSSTTQY,0
HLA-B*15:02,KYLGGLVQY,0
HLA-B*15:02,KYLGNLLAY,0
HLA-B*15:02,KYLGSLVQY,0
HLA-B*15:02,LFNSTFNSTY,0
HLA-B*15:02,LFNTVATLY,0
HLA-B*15:02,LIDKKHKVY,0
HLA-B*15:02,LIDVQSLHQY,0
HLA-B*15:02,LKTPVHGVY,0
HLA-B*15:02,LLHRCIYNY,0
HLA-B*15:02,LLTDKKQKF,0
HLA-B*15:02,LLTDKKQKVY,0
HLA-B*15:02,LMRYGRHPSF,0
HLA-B*15:02,LNDSSSSEY,0
HLA-B*15:02,LQRGWEALKY,0
HLA-B*15:02,LQRGWETLKY,0
HLA-B*15:02,LQWDKEISNY,0
HLA-B*15:02,LSMITMSAF,0
HLA-B*15:02,LSNSNSSEY,0
HLA-B*15:02,LSSINIKEY,0
HLA-B*15:02,LTDKKQKVY,0
HLA-B*15:02,LTDQKKKVY,0
HLA-B*15:02,LVAVHVASGY,0
HLA-B*15:02,LVQMDKSNRY,0
HLA-B*15:02,LVSGFLALF,0
HLA-B*15:02,LWQEVGRAM,0
HLA-B*15:02,LWQGVGQAM,0
HLA-B*15:02,LYNLFIDSY,0
HLA-B*15:02,LYNTIATLY,0
HLA-B*15:02,LYNTVAVLY,0
HLA-B*15:02,MEWDKEISNY,0
HLA-B*15:02,MGENEYSSEY,0
HLA-B*15:02,MQEDIISLW,0
HLA-B*15:02,MQEDVISLW,0
HLA-B*15:02,MQKVYALFY,0
HLA-B*15:02,MQWDKEISNY,0
HLA-B*15:02,MQWDREISNY,0
HLA-B*15:02,MQWEKEISNY,0
HLA-B*15:02,MSHANSNIM,0
HLA-B*15:02,MTIGPGHVF,0
HLA-B*15:02,MTIGPGHVFY,0
HLA-B*15:02,MWQAVGQAIY,0
HLA-B*15:02,MWQEVGQAM,0
HLA-B*15:02,MWQEVGQAMY,0
HLA-B*15:02,MWQEVGRAM,0
HLA-B*15:02,MWQEVGRAMY,0
HLA-B*15:02,MWQGAGQAM,0
HLA-B*15:02,MWQGAGQAMY,0
HLA-B*15:02,MWQGVGQAM,0
HLA-B*15:02,MWQGVGQAMY,0
HLA-B*15:02,MWQKVGQAM,0
HLA-B*15:02,MWQKVGQAMY,0
HLA-B*15:02,MWQRIGQAMY,0
HLA-B*15:02,MWQRVGQAM,0
HLA-B*15:02,MWQRVGQAMY,0
HLA-B*15:02,MYAPPISGM,0
HLA-B*15:02,NAKNILVQF,0
HLA-B*15:02,NANVTSSSM,0
HLA-B*15:02,NASDLWVTVY,0
HLA-B*15:02,NASNLWVTVY,0
HLA-B*15:02,NFLREIMAF,0
HLA-B*15:02,NFNDNELTTY,0
HLA-B*15:02,NFTGTGLCY,0
HLA-B*15:02,NGLYYQGSCY,0
HLA-B*15:02,NHSENYSEY,0
HLA-B*15:02,NIGPGQVFY,0
HLA-B*15:02,NIIGDIRKAY,0
HLA-B*15:02,NIMMQKGIF,0
HLA-B*15:02,NIMMQRSNF,0
HLA-B*15:02,NINKNRGSF,0
HLA-B*15:02,NITKGTETF,0
HLA-B*15:02,NKNDPNSTKY,0
HLA-B*15:02,NLWQEVGRAM,0
HLA-B*15:02,NLWQGVGQAM,0
HLA-B*15:02,NMWQEVGQAM,0
HLA-B*15:02,NMWQEVGRAM,0
HLA-B*15:02,NMWQGAGQAM,0
HLA-B*15:02,NMWQGVGQAM,0
HLA-B*15:02,NMWQKVGQAM,0
HLA-B*15:02,NMWQRIGQAM,0
HLA-B*15:02,NMWQRVGQAM,0
HLA-B*15:02,NPEIIIYQY,0
HLA-B*15:02,NPITKTTSDY,0
HLA-B*15:02,NPPIPVGDIY,0
HLA-B*15:02,NPPIPVGDLY,0
HLA-B*15:02,NPPIPVGEIY,0
HLA-B*15:02,NPPVPVGDIY,0
HLA-B*15:02,NPPVPVGEIY,0
HLA-B*15:02,NQRRPIKCF,0
HLA-B*15:02,NSSKVSLNY,0
HLA-B*15:02,NSSNGTETF,0
HLA-B*15:02,NSSNSNGEY,0
HLA-B*15:02,NSSNVSQNY,0
HLA-B*15:02,NSSPVSQNY,0
HLA-B*15:02,NSSWSNKSY,0
HLA-B*15:02,NSSWSNKTY,0
HLA-B*15:02,NSSWSNRSY,0
HLA-B*15:02,NSTWSNKSY,0
HLA-B*15:02,NTKEENKTKY,0
HLA-B*15:02,NTSGLFNKTY,0
HLA-B*15:02,NTSGLFNSTY,0
HLA-B*15:02,NTSQLFNGTY,0
HLA-B*15:02,NTTNGTETF,0
HLA-B*15:02,NTTNLTASAY,0
HLA-B*15:02,NVMMQRGNF,0
HLA-B*15:02,NVRQEFGIPY,0
HLA-B*15:02,PIIENRLPY,0
HLA-B*15:02,PIIGAETFY,0
HLA-B*15:02,PLDESFRKY,0
HLA-B*15:02,PLNDSSSSEY,0
HLA-B*15:02,PLSENSSEY,0
HLA-B*15:02,PMNDNNSEY,0
HLA-B*15:02,PPIPVGDIY,0
HLA-B*15:02,PPIPVGEIY,0
HLA-B*15:02,PPVPVGEIY,0
HLA-B*15:02,QARILAVESY,0
HLA-B*15:02,QEYNLVRKY,0
HLA-B*15:02,QIIEQLQSH,0
HLA-B*15:02,QLRPGGKKKY,0
HLA-B*15:02,QMAVFIHNF,0
HLA-B*15:02,QMHEDVISL,0
HLA-B*15:02,QMHTDIISL,0
HLA-B*15:02,QMQEDIISL,0
HLA-B*15:02,QMQEDVISL,0
HLA-B*15:02,QQKVHALFY,0
HLA-B*15:02,QQKVSALFY,0
HLA-B*15:02,QQMLQLTVW,0
HLA-B*15:02,QQRVQALFY,0
HLA-B*15:02,QTSVFSATVY,0
HLA-B*15:02,QVAGTGVQF,0
HLA-B*15:02,QVAGTGVQFY,0
HLA-B*15:02,QVNQNTVMM,0
HLA-B*15:02,QWDKEISNY,0
HLA-B*15:02,RAIEAQQHM,0
HLA-B*15:02,RAIEAQQQM,0
HLA-B*15:02,RAIEAQQRM,0
HLA-B*15:02,RAVGIGAVF,0
HLA-B*15:02,RIGPGQAFY,0
HLA-B*15:02,RIGPGQMFY,0
HLA-B*15:02,RIGPGQTFY,0
HLA-B*15:02,RIGPGQVFY,0
HLA-B*15:02,RIHPVQAGPY,0
HLA-B*15:02,RIRQGLERF,0
HLA-B*15:02,RKVASSTTQY,0
HLA-B*15:02,RKVVSSTTQY,0
HLA-B*15:02,RLGWEGLKY,0
HLA-B*15:02,RLGWEILKY,0
HLA-B*15:02,RLRPGGKKHY,0
HLA-B*15:02,RLRPGGKKKY,0
HLA-B*15:02,RLRPGGKKQY,0
HLA-B*15:02,RLWQGVGQAM,0
HLA-B*15:02,RMTIGPGHVF,0
HLA-B*15:02,RMWQGAGQAM,0
HLA-B*15:02,RMYSPISIL,0
HLA-B*15:02,RMYSPTSIL,0
HLA-B*15:02,RMYSPVSIL,0
HLA-B*15:02,RQGWEGLKY,0
HLA-B*15:02,RQGYSPLSF,0
HLA-B*15:02,RQQVYALFY,0
HLA-B*15:02,RQVAGTGVQF,0
HLA-B*15:02,RTIYNETSIY,0
HLA-B*15:02,RVTMGPGRVY,0
HLA-B*15:02,SANNLWVTVY,0
HLA-B*15:02,SCFPNEIKY,0
HLA-B*15:02,SCYILHSDY,0
HLA-B*15:02,SDNLWVTVY,0
HLA-B*15:02,SENLWVTVY,0
HLA-B*15:02,SENSSFREY,0
HLA-B*15:02,SEVHNVWATY,0
HLA-B*15:02,SFDPIPIHY,0
HLA-B*15:02,SFDPIPINY,0
HLA-B*15:02,SFEPIPIHY,0
HLA-B*15:02,SFGPGQTFY,0
HLA-B*15:02,SGLTPEQKAY,0
HLA-B*15:02,SGSKVSQNY,0
HLA-B*15:02,SIAARTVEL,0
HLA-B*15:02,SIGPGQVFY,0
HLA-B*15:02,SIGPGQVLF,0
HLA-B*15:02,SIGPGQVLFY,0
HLA-B*15:02,SIGPGRVYY,0
HLA-B*15:02,SIGQGQVFY,0
HLA-B*15:02,SIINRVRQGY,0
HLA-B*15:02,SILINHRFY,0
HLA-B*15:02,SINIGPGQVF,0
HLA-B*15:02,SINIKEYVY,0
HLA-B*15:02,SIRIGPGQAF,0
HLA-B*15:02,SIRIGPGQTF,0
HLA-B*15:02,SISIGPGRVY,0
HLA-B*15:02,SIVNRVRQGY,0
HLA-B*15:02,SKIGPENPY,0
HLA-B*15:02,SLDNVTENF,0
HLA-B*15:02,SLDSSNSSKY,0
HLA-B*15:02,SLFNAVAVL,0
HLA-B*15:02,SLFNTIAVL,0
HLA-B*15:02,SLFNTIVTL,0
HLA-B*15:02,SLFNTLAVL,0
HLA-B*15:02,SLFNTVATL,0
HLA-B*15:02,SLFNTVATLY,0
HLA-B*15:02,SLFNTVITL,0
HLA-B*15:02,SLIGLRIVF,0
HLA-B*15:02,SLKIMIPSM,0
HLA-B*15:02,SLVNVTENF,0
HLA-B*15:02,SLYNAVVTL,0
HLA-B*15:02,SLYNAVVVL,0
HLA-B*15:02,SLYNTIATL,0
HLA-B*15:02,SLYNTIATLY,0
HLA-B*15:02,SLYNTITTL,0
HLA-B*15:02,SLYNTIVTL,0
HLA-B*15:02,SLYNTVAVL,0
HLA-B*15:02,SLYNTVAVLY,0
HLA-B*15:02,SLYNTVVTL,0
HLA-B*15:02,SMGPGQAFF,0
HLA-B*15:02,SMGPGRAFY,0
HLA-B*15:02,SMGPGSAFY,0
HLA-B*15:02,SMTKILEPF,0
HLA-B*15:02,SMVISLLSM,0
HLA-B*15:02,SNDLWVTVY,0
HLA-B*15:02,SNNLWVTVY,0
HLA-B*15:02,SNSKNSSEY,0
HLA-B*15:02,SNSKVSQNY,0
HLA-B*15:02,SNYTDTIYY,0
HLA-B*15:02,SPAIFQSSM,0
HLA-B*15:02,SPLSLQTPF,0
HLA-B*15:02,SQAQHTNIL,0
HLA-B*15:02,SQAQQTNIM,0
HLA-B*15:02,SQEMKNCSF,0
HLA-B*15:02,SQTNHAIMM,0
HLA-B*15:02,SQVNQNTVM,0
HLA-B*15:02,SSIDTNWTM,0
HLA-B*15:02,SSSKISQNY,0
HLA-B*15:02,SSSKVSQNY,0
HLA-B*15:02,SSSMGNSSF,0
HLA-B*15:02,SSSNNSEEY,0
HLA-B*15:02,SSSSNSSSF,0
HLA-B*15:02,SSTSNSSSF,0
HLA-B*15:02,SSVQQTNVM,0
HLA-B*15:02,STNSTTETF,0
HLA-B*15:02,STRIGPGQVF,0
HLA-B*15:02,STSHIIQEY,0
HLA-B*15:02,STSIGPGQVF,0
HLA-B*15:02,STSMGPGRAF,0
HLA-B*15:02,STYMPNGTF,0
HLA-B*15:02,STYTPNGTF,0
HLA-B*15:02,SVGGHQAAM,0
HLA-B*15:02,SVNTVVRDF,0
HLA-B*15:02,SVQQTNVMM,0
HLA-B*15:02,SVRIGPGQM,0
HLA-B*15:02,SVRIGPGQMF,0
HLA-B*15:02,SVRIGPGQVF,0
HLA-B*15:02,SVRLVSGFF,0
HLA-B*15:02,SVSFGPGQTF,0
HLA-B*15:02,SVSMGPGQAF,0
HLA-B*15:02,SVSMGPGSAF,0
HLA-B*15:02,SYILDTVNIY,0
HLA-B*15:02,TEVHNVWATY,0
HLA-B*15:02,TFDPIPIHY,0
HLA-B*15:02,TIGPGHVFY,0
HLA-B*15:02,TIMMQRGNF,0
HLA-B*15:02,TIMMQRSNF,0
HLA-B*15:02,TIVKSLNKIY,0
HLA-B*15:02,TIYNETSIY,0
HLA-B*15:02,TLIDVQSLH,0
HLA-B*15:02,TLIKVVQKL,0
HLA-B*15:02,TLKAGSEEL,0
HLA-B*15:02,TLNCTNAKF,0
HLA-B*15:02,TLYNLFIDSY,0
HLA-B*15:02,TMDNSTKSKF,0
HLA-B*15:02,TMGPGRVYY,0
HLA-B*15:02,TPNGTFNSPF,0
HLA-B*15:02,TPPLVKLWY,0
HLA-B*15:02,TQACPKVSF,0
HLA-B*15:02,TQACPKVTF,0
HLA-B*15:02,TQLGCTLNF,0
HLA-B*15:02,TQWEREISNY,0
HLA-B*15:02,TRIGPGQVFY,0
HLA-B*15:02,TSGLFNKTY,0
HLA-B*15:02,TSGLFNSTY,0
HLA-B*15:02,TSIGPGQVF,0
HLA-B*15:02,TSIGPGQVFY,0
HLA-B*15:02,TSIGPGQVL,0
HLA-B*15:02,TSIGPGQVLF,0
HLA-B*15:02,TSIGQGQVF,0
HLA-B*15:02,TSIGQGQVFY,0
HLA-B*15:02,TSIYDAVSY,0
HLA-B*15:02,TSMGPGRAF,0
HLA-B*15:02,TSMGPGRAFY,0
HLA-B*15:02,TSQLFNGTY,0
HLA-B*15:02,TSVFSATVY,0
HLA-B*15:02,TTNLTASAY,0
HLA-B*15:02,TVGGHQAAM,0
HLA-B*15:02,TVKNFTNTNF,0
HLA-B*15:02,TVLDVGDAY,0
HLA-B*15:02,TVLDVGDAYF,0
HLA-B*15:02,TVMMQRGNF,0
HLA-B*15:02,TVVRDFENY,0
HLA-B*15:02,TYMPNGTFTF,0
HLA-B*15:02,VAGTGVQFY,0
HLA-B*15:02,VAKKLQEHF,0
HLA-B*15:02,VANTNIMIF,0
HLA-B*15:02,VAVHVASGY,0
HLA-B*15:02,VIGDIRKAY,0
HLA-B*15:02,VIWGKTPKF,0
HLA-B*15:02,VLDVGDAYF,0
HLA-B*15:02,VLSAATETY,0
HLA-B*15:02,VNIVTDSQY,0
HLA-B*15:02,VPLDESFRKY,0
HLA-B*15:02,VPLSENSSEY,0
HLA-B*15:02,VPMNDNNSEY,0
HLA-B*15:02,VQMDKSNRY,0
HLA-B*15:02,VQWEREISNY,0
HLA-B*15:02,VSFDPIPIHY,0
HLA-B*15:02,VSFDPIPINY,0
HLA-B*15:02,VSFEPIPIHY,0
HLA-B*15:02,VSFGPGQTF,0
HLA-B*15:02,VSFGPGQTFY,0
HLA-B*15:02,VSMGPGQAF,0
HLA-B*15:02,VSMGPGQAFF,0
HLA-B*15:02,VSMGPGSAF,0
HLA-B*15:02,VSMGPGSAFY,0
HLA-B*15:02,VTFDPIPIHY,0
HLA-B*15:02,VTMGPGRVY,0
HLA-B*15:02,VTMGPGRVYY,0
HLA-B*15:02,VTVLDVGDAY,0
HLA-B*15:02,VVGDIRKAY,0
HLA-B*15:02,VVRDKKQQVY,0
HLA-B*15:02,WPNLFHILEY,0
HLA-B*15:02,WQAVGQAIY,0
HLA-B*15:02,WQEVGQAMY,0
HLA-B*15:02,WQEVGRAMY,0
HLA-B*15:02,WQGAGQAMY,0
HLA-B*15:02,WQGVGQAMY,0
HLA-B*15:02,WQKVGQAMY,0
HLA-B*15:02,WQRIGQAMY,0
HLA-B*15:02,WQRVGQAMY,0
HLA-B*15:02,WSCFPNEIKY,0
HLA-B*15:02,YDAVSYNAY,0
HLA-B*15:02,YGENILHIY,0
HLA-B*15:02,YILDTVNIY,0
HLA-B*15:02,YILHSDYKSF,0
HLA-B*15:02,YKKSESESY,0
HLA-B*15:02,YLENVTENF,0
HLA-B*15:02,YMPNGTFTF,0
HLA-B*15:02,YNAYNTLVY,0
HLA-B*15:02,YPLASLRSL,0
HLA-B*15:02,YPLASLRSLF,0
HLA-B*15:02,YPMASLKSL,0
HLA-B*15:02,YPMASLKSLF,0
HLA-B*15:02,YRKSESESY,0
HLA-B*15:02,YTNGTFNSTF,0
HLA-B*40:01,AAEWDRIHPV,0
HLA-B*40:01,AAEWDRLHPI,0
HLA-B*40:01,AAEWDRLHPV,0
HLA-B*40:01,AAEWDRVHPV,0
HLA-B*40:01,ADAQLDAVL,0
HLA-B*40:01,AEAMSQTNKI,0
HLA-B*40:01,AEANCGLQTI,0
HLA-B*40:01,AEANNLGNI,0
HLA-B*40:01,AEDEIIIRS,0
HLA-B*40:01,AEDFRLGEKI,0
HLA-B*40:01,AEDSYGCTL,0
HLA-B*40:01,AEDSYGCTLL,0
HLA-B*40:01,AEDWEMGGKI,0
HLA-B*40:01,AEDWGMGEEI,0
HLA-B*40:01,AEDWGMGEEV,0
HLA-B*40:01,AEDWGMGEKI,0
HLA-B*40:01,AEEEIIISS,0
HLA-B*40:01,AEEEIIVSS,0
HLA-B*40:01,AEEWGMGEEI,0
HLA-B*40:01,AEGATPQDL,0
HLA-B*40:01,AEGTDRIIEI,0
HLA-B*40:01,AEGTDRIIEV,0
HLA-B*40:01,AEGTDRILEI,0
HLA-B*40:01,AEGTDRVIEI,0
HLA-B*40:01,AEHFPNKTI,0
HLA-B*40:01,AEHFQNKTI,0
HLA-B*40:01,AEHFRNKTI,0
HLA-B*40:01,AEHLKTAVQM,0
HLA-B*40:01,AELFPNKTI,0
HLA-B*40:01,AELRDKKQKV,0
HLA-B*40:01,AENLWVTVY,0
HLA-B*40:01,AENWGIGEEM,0
HLA-B*40:01,AEQMQEDVI,0
HLA-B*40:01,AETGQETAY,0
HLA-B*40:01,AETGQETAYF,0
HLA-B*40:01,AETKEFKTL,0
HLA-B*40:01,AEVHNVWAT,0
HLA-B*40:01,AEVNNIIDI,0
HLA-B*40:01,AEWDRIHPV,0
HLA-B*40:01,AEWDRLHPA,0
HLA-B*40:01,AEWDRLHPI,0
HLA-B*40:01,AEWDRLHPV,0
HLA-B*40:01,AEWDRVHPV,0
HLA-B*40:01,AEWTDRVIEA,0
HLA-B*40:01,AHEAEVHNVW,0
HLA-B*40:01,AHESEVHNVW,0
HLA-B*40:01,ANEFNLPPVV,0
HLA-B*40:01,AVELLGHGSL,0
HLA-B*40:01,AVELLGRNIL,0
HLA-B*40:01,AVEWDRTHPV,0
HLA-B*40:01,CEINGTNWF,0
HLA-B*40:01,CEINGTNWL,0
HLA-B*40:01,CESNITGIL,0
HLA-B*40:01,CESNITGILL,0
HLA-B*40:01,DEDHPSISL,0
HLA-B*40:01,DKEHLPSVSL,0
HLA-B*40:01,EEAAEWDRL,0
HLA-B*40:01,EEEGKISKI,0
HLA-B*40:01,EEHFKNKTI,0
HLA-B*40:01,EEIIIRSEDL,0
HLA-B*40:01,EEIIIRSENL,0
HLA-B*40:01,EEIIISSENL,0
HLA-B*40:01,EEIIVSSENL,0
HLA-B*40:01,EEIIVSSKNL,0
HLA-B*40:01,EEIKSLFNTV,0
HLA-B*40:01,EEIKSLYNTI,0
HLA-B*40:01,EEIVVRSENL,0
HLA-B*40:01,EEIWENMTWM,0
HLA-B*40:01,EEIWGNMTW,0
HLA-B*40:01,EEIWGNMTWI,0
HLA-B*40:01,EEIWGNMTWM,0
HLA-B*40:01,EEIWNNMTW,0
HLA-B*40:01,EEKAFSPEV,0
HLA-B*40:01,EEKGFNPEV,0
HLA-B*40:01,EEKGFSPEV,0
HLA-B*40:01,EELKSLFNTL,0
HLA-B*40:01,EENEKDLLAL,0
HLA-B*40:01,EENKTKYIL,0
HLA-B*40:01,EESFRFGEEM,0
HLA-B*40:01,EEWGMGEEI,0
HLA-B*40:01,EEYEKYRLI,0
HLA-B*40:01,ENEYSSEYRL,0
HLA-B*40:01,EQMHEDVISL,0
HLA-B*40:01,EQMQEDIISL,0
HLA-B*40:01,FENYVKQTC,0
HLA-B*40:01,GDEVNDTEIF,0
HLA-B*40:01,GEIIIRSENL,0
HLA-B*40:01,GEIYKRWII,0
HLA-B*40:01,GEIYKRWIIL,0
HLA-B*40:01,GELKNCSFNM,0
HLA-B*40:01,GENEYSSEY,0
HLA-B*40:01,GENILHIYF,0
HLA-B*40:01,GEPDRLRRI,0
HLA-B*40:01,GEQDRDRSI,0
HLA-B*40:01,GEQDRDRSV,0
HLA-B*40:01,GEQGRDRSI,0
HLA-B*40:01,GEQGRDRSV,0
HLA-B*40:01,GEQGRTRSV,0
HLA-B*40:01,GEQGSTRSV,0
HLA-B*40:01,GGEQGSTRSV,0
HLA-B*40:01,GNETNDTTEI,0
HLA-B*40:01,GQDQWTYQI,0
HLA-B*40:01,GQNEDHPSI,0
HLA-B*40:01,GTEDNSTITI,0
HLA-B*40:01,GTENNGTITI,0
HLA-B*40:01,HDIDNAELF,0
HLA-B*40:01,HEAEVHNVW,0
HLA-B*40:01,HEPEVHNVW,0
HLA-B*40:01,HESEVHNVW,0
HLA-B*40:01,HETEVHNIW,0
HLA-B*40:01,HETEVHNVW,0
HLA-B*40:01,HKEYALFYRL,0
HLA-B*40:01,HQALSPRTL,0
HLA-B*40:01,HQAVSPRTL,0
HLA-B*40:01,HQPISPRTL,0
HLA-B*40:01,HQPITPRTL,0
HLA-B*40:01,HQPLSPRTL,0
HLA-B*40:01,HQPVSPRTL,0
HLA-B*40:01,HQSMSPRTL,0
HLA-B*40:01,HSENYSEYRL,0
HLA-B*40:01,IEAQQHLLQL,0
HLA-B*40:01,IEAQQHMLQL,0
HLA-B*40:01,IEAQQQMLQL,0
HLA-B*40:01,IEAQQRMLQL,0
HLA-B*40:01,IEELRAHLL,0
HLA-B*40:01,IEICGKKAI,0
HLA-B*40:01,IEIEPLGIA,0
HLA-B*40:01,IEIKDTKEAL,0
HLA-B*40:01,IEIPLVNVT,0
HLA-B*40:01,IEIRDTKEAL,0
HLA-B*40:01,IERYLKDQQL,0
HLA-B*40:01,IEVKDTKEAL,0
HLA-B*40:01,IEVKDTKEAV,0
HLA-B*40:01,IEVRDTKEAL,0
HLA-B*40:01,ILENFNDNEL,0
HLA-B*40:01,KDEDHPSISL,0
HLA-B*40:01,KDHHPPSVSL,0
HLA-B*40:01,KDHPPPLVSL,0
HLA-B*40:01,KDHRPPSVSL,0
HLA-B*40:01,KDKDHPPPL,0
HLA-B*40:01,KDKEHPPPL,0
HLA-B*40:01,KDLYPLASL,0
HLA-B*40:01,KEALDKIEEV,0
HLA-B*40:01,KEALDKIKEV,0
HLA-B*40:01,KEALDKLEEV,0
HLA-B*40:01,KEALDKMEEV,0
HLA-B*40:01,KEAVDKIEEM,0
HLA-B*40:01,KEENKTKYI,0
HLA-B*40:01,KEENKTKYIL,0
HLA-B*40:01,KEFKTLYNL,0
HLA-B*40:01,KEFKTLYNLF,0
HLA-B*40:01,KEHFHNKTI,0
HLA-B*40:01,KEHFNKTIEF,0
HLA-B*40:01,KEHFNKTII,0
HLA-B*40:01,KEHFNKTIIF,0
HLA-B*40:01,KEHFNKTIKF,0
HLA-B*40:01,KEHFNKTIRF,0
HLA-B*40:01,KEHFNKTKTI,0
HLA-B*40:01,KEHFNNRTI,0
HLA-B*40:01,KEHFNNRTII,0
HLA-B*40:01,KEHFNRTITF,0
HLA-B*40:01,KEHFPNKTI,0
HLA-B*40:01,KEHFPNNTI,0
HLA-B*40:01,KEHLNRTKI,0
HLA-B*40:01,KEHLPSVSL,0
HLA-B*40:01,KEHLPSVSLK,0
HLA-B*40:01,KEHPPPLIS,0
HLA-B*40:01,KEHPPPLISL,0
HLA-B*40:01,KEIGNITEDV,0
HLA-B*40:01,KEILDWSIY,0
HLA-B*40:01,KEILDWSIYL,0
HLA-B*40:01,KEISNSTDTI,0
HLA-B*40:01,KEISNYTDTI,0
HLA-B*40:01,KEISNYTNTI,0
HLA-B*40:01,KEISNYTQI,0
HLA-B*40:01,KEISNYTQII,0
HLA-B*40:01,KEIWDNMTW,0
HLA-B*40:01,KEIWDNMTWI,0
HLA-B*40:01,KEKYPLVSL,0
HLA-B*40:01,KELKKIIGQI,0
HLA-B*40:01,KELQKQITKL,0
HLA-B*40:01,KELYPMASL,0
HLA-B*40:01,KEMEEEGKI,0
HLA-B*40:01,KENVHWTTY,0
HLA-B*40:01,KENVHWTTYM,0
HLA-B*40:01,KETINEEAV,0
HLA-B*40:01,KETQMNWPNL,0
HLA-B*40:01,KETQMNWPSL,0
HLA-B*40:01,KETQRNWPNL,0
HLA-B*40:01,KETQRSWPNL,0
HLA-B*40:01,KETQTNWPNL,0
HLA-B*40:01,KEVGNITDDF,0
HLA-B*40:01,KEVGNITEDV,0
HLA-B*40:01,KEWKGTLQNV,0
HLA-B*40:01,KEYALFYRL,0
HLA-B*40:01,KIEELRAHLL,0
HLA-B*40:01,KQACPKISF,0
HLA-B*40:01,KQEPIDKEL,0
HLA-B*40:01,KQEQKDKEHL,0
HLA-B*40:01,KQQKVSALF,0
HLA-B*40:01,KSESESYNEL,0
HLA-B*40:01,LEIDNEHIV,0
HLA-B*40:01,LEIGQHRTKI,0
HLA-B*40:01,LEKDPIIGA,0
HLA-B*40:01,LELAENREI,0
HLA-B*40:01,LELAENREIL,0
HLA-B*40:01,LELDKWASL,0
HLA-B*40:01,LELDKWTNL,0
HLA-B*40:01,LELDKWTSL,0
HLA-B*40:01,LENANIDSV,0
HLA-B*40:01,LENFNDNEL,0
HLA-B*40:01,LERFALNPGL,0
HLA-B*40:01,LERFAVNPGL,0
HLA-B*40:01,LESAEGCQQI,0
HLA-B*40:01,LESAEGCQQL,0
HLA-B*40:01,LESDTELEI,0
HLA-B*40:01,LETAEGCQQL,0
HLA-B*40:01,LEVSQTQQEI,0
HLA-B*40:01,LEYGENILHI,0
HLA-B*40:01,LKEHFPNNTI,0
HLA-B*40:01,LLELDKWASL,0
HLA-B*40:01,LLELDKWTNL,0
HLA-B*40:01,LLELDKWTSL,0
HLA-B*40:01,LSENSSEYRL,0
HLA-B*40:01,MAETKEFKTL,0
HLA-B*40:01,MDFFKKEIL,0
HLA-B*40:01,MEEEGKISKI,0
HLA-B*40:01,MEWDKEISNY,0
HLA-B*40:01,NDNELTTYL,0
HLA-B*40:01,NEDHPSISL,0
HLA-B*40:01,NEDNNTYRL,0
HLA-B*40:01,NEFNLPPVV,0
HLA-B*40:01,NEHIVRHLI,0
HLA-B*40:01,NELTTYLKI,0
HLA-B*40:01,NELTTYLKIL,0
HLA-B*40:01,NETNDTTEI,0
HLA-B*40:01,NETNDTTEIF,0
HLA-B*40:01,NETSIYDAV,0
HLA-B*40:01,NEYSSEYRL,0
HLA-B*40:01,NNEDNNTYRL,0
HLA-B*40:01,QECKNITII,0
HLA-B*40:01,QEENEKDLL,0
HLA-B*40:01,QEFGIPYNP,0
HLA-B*40:01,QEHFENKTI,0
HLA-B*40:01,QEHFKNKTI,0
HLA-B*40:01,QEHFKNKTII,0
HLA-B*40:01,QEHFTNKAI,0
HLA-B*40:01,QEINEKDLL,0
HLA-B*40:01,QEIPLENVT,0
HLA-B*40:01,QEIPMENVI,0
HLA-B*40:01,QEIPMGNVT,0
HLA-B*40:01,QEIPMKNVT,0
HLA-B*40:01,QEKNEKDLL,0
HLA-B*40:01,QEKNEQDLL,0
HLA-B*40:01,QELKISAISL,0
HLA-B*40:01,QELKISAVSL,0
HLA-B*40:01,QELKKSAISL,0
HLA-B*40:01,QELKNSATSL,0
HLA-B*40:01,QELKSSAISL,0
HLA-B*40:01,QELKTSAISL,0
HLA-B*40:01,QELKTSATSL,0
HLA-B*40:01,QELRISAISL,0
HLA-B*40:01,QELRTSAISL,0
HLA-B*40:01,QELRTSATSL,0
HLA-B*40:01,QEPITSLKSL,0
HLA-B*40:01,QEQKDKEHL,0
HLA-B*40:01,QERNEKDLL,0
HLA-B*40:01,QETAYFLLKL,0
HLA-B*40:01,QETREKDHPL,0
HLA-B*40:01,QEYNLVRKY,0
HLA-B*40:01,QNEDHPSISL,0
HLA-B*40:01,QQDKNEKEL,0
HLA-B*40:01,QQDKNEREL,0
HLA-B*40:01,QQDRNEKEL,0
HLA-B*40:01,QQEENEKDLL,0
HLA-B*40:01,QQEINEKDLL,0
HLA-B*40:01,QQEKNEKDLL,0
HLA-B*40:01,QQEKNEQDLL,0
HLA-B*40:01,QQERNEKDLL,0
HLA-B*40:01,RCESNITGIL,0
HLA-B*40:01,REEPDRPERI,0
HLA-B*40:01,REHFPNKTI,0
HLA-B*40:01,REIGNYTNQI,0
HLA-B*40:01,REILKTPVH,0
HLA-B*40:01,REISNYSET,0
HLA-B*40:01,REISNYSETI,0
HLA-B*40:01,REISNYTDQI,0
HLA-B*40:01,REISNYTDV,0
HLA-B*40:01,REISNYTDVI,0
HLA-B*40:01,REISNYTEQI,0
HLA-B*40:01,REISNYTGI,0
HLA-B*40:01,REISNYTGII,0
HLA-B*40:01,REISNYTNKI,0
HLA-B*40:01,REISNYTNQI,0
HLA-B*40:01,REISNYTNTI,0
HLA-B*40:01,REISNYTSQI,0
HLA-B*40:01,REKDHPLTS,0
HLA-B*40:01,REKDHPLTSL,0
HLA-B*40:01,REKRAVIGI,0
HLA-B*40:01,RELKVSAISL,0
HLA-B*40:01,RELNKRTQDF,0
HLA-B*40:01,REPDKEKYPL,0
HLA-B*40:01,REPDKPEGI,0
HLA-B*40:01,REPDKPERI,0
HLA-B*40:01,REPDRPEEI,0
HLA-B*40:01,REPDRPEGI,0
HLA-B*40:01,REPDRPERI,0
HLA-B*40:01,REPDRPGRI,0
HLA-B*40:01,RETQMNWPNL,0
HLA-B*40:01,RETQRNWPNL,0
HLA-B*40:01,RETWETWWM,0
HLA-B*40:01,RKDHPLTSL,0
HLA-B*40:01,RQGYSPLSL,0
HLA-B*40:01,RQYDQIPIEI,0
HLA-B*40:01,RSESEIVNQI,0
HLA-B*40:01,SDATLNASL,0
HLA-B*40:01,SEAVANNNKI,0
HLA-B*40:01,SEDGDYMLV,0
HLA-B*40:01,SEDGEYMLV,0
HLA-B*40:01,SEEYEKYRL,0
HLA-B*40:01,SEGATPQDL,0
HLA-B*40:01,SEIWDNMTW,0
HLA-B*40:01,SEIWDNMTWL,0
HLA-B*40:01,SELNAIGNI,0
HLA-B*40:01,SELYKYKIV,0
HLA-B*40:01,SELYKYKVV,0
HLA-B*40:01,SENLWVTVY,0
HLA-B*40:01,SENSSEYRL,0
HLA-B*40:01,SENSSEYRLI,0
HLA-B*40:01,SENSSFREY,0
HLA-B*40:01,SENSSKYRL,0
HLA-B*40:01,SENSSKYRLI,0
HLA-B*40:01,SENYSEYRL,0
HLA-B*40:01,SENYSEYRLI,0
HLA-B*40:01,SESEIVNQI,0
HLA-B*40:01,SESEIVNQII,0
HLA-B*40:01,SESESYNEL,0
HLA-B*40:01,SESESYNELI,0
HLA-B*40:01,SESYNELIKI,0
HLA-B*40:01,SEVHNVWAT,0
HLA-B*40:01,SQAQHTNIL,0
HLA-B*40:01,SQAQQTNIL,0
HLA-B*40:01,SQAQQTNIM,0
HLA-B*40:01,SQEEIWENM,0
HLA-B*40:01,SQTEIWENM,0
HLA-B*40:01,SQTNKIIMM,0
HLA-B*40:01,SQVNQNTVM,0
HLA-B*40:01,SSENSSKYRL,0
HLA-B*40:01,TEDNSTITI,0
HLA-B*40:01,TEDVRNCSF,0
HLA-B*40:01,TEEVKNCTF,0
HLA-B*40:01,TEGFNGTII,0
HLA-B*40:01,TEGFNGTIIL,0
HLA-B*40:01,TEGLNGTII,0
HLA-B*40:01,TEGLNGTIIL,0
HLA-B*40:01,TEIKDKKKI,0
HLA-B*40:01,TEIRDKKQKV,0
HLA-B*40:01,TEIRDKMQKV,0
HLA-B*40:01,TEIRDKRQQV,0
HLA-B*40:01,TEIRGKQQKV,0
HLA-B*40:01,TEIWENMTW,0
HLA-B*40:01,TEIWENMTWM,0
HLA-B*40:01,TELEIDNEHI,0
HLA-B*40:01,TELIDKKHKV,0
HLA-B*40:01,TELQAIKLAL,0
HLA-B*40:01,TENNGTITI,0
HLA-B*40:01,TEPDRPERI,0
HLA-B*40:01,TEQIYELLI,0
HLA-B*40:01,TERLNDTII,0
HLA-B*40:01,TERLNDTIIL,0
HLA-B*40:01,TETTNQKTEL,0
HLA-B*40:01,TEVVQKIAM,0
HLA-B*40:01,TEWGKTLKQV,0
HLA-B*40:01,TEWNETIIQV,0
HLA-B*40:01,TEWNETLNQV,0
HLA-B*40:01,TKEFKTLYNL,0
HLA-B*40:01,TQACPKVSF,0
HLA-B*40:01,TQACPKVTF,0
HLA-B*40:01,TQDFWEVQL,0
HLA-B*40:01,TQEQIWNNL,0
HLA-B*40:01,TQFLLNGSL,0
HLA-B*40:01,TVELLGHSSL,0
HLA-B*40:01,TVELLGRRSL,0
HLA-B*40:01,TVELLGRSSL,0
HLA-B*40:01,VDFNGYTPL,0
HLA-B*40:01,VEHFQNTTI,0
HLA-B*40:01,VEIEPLGLA,0
HLA-B*40:01,VEIKPLGVA,0
HLA-B*40:01,VEINCTRPF,0
HLA-B*40:01,VELLGHGSL,0
HLA-B*40:01,VELLGHSSL,0
HLA-B*40:01,VELLGRNIL,0
HLA-B*40:01,VELLGRNSL,0
HLA-B*40:01,VELLGRRSL,0
HLA-B*40:01,VELLGRSSL,0
HLA-B*40:01,VELTPLCVTL,0
HLA-B*40:01,VEQMHEDVI,0
HLA-B*40:01,VEQMHTDII,0
HLA-B*40:01,VEQMQEDII,0
HLA-B*40:01,VEQMQEDVI,0
HLA-B*40:01,VERYLKDQQF,0
HLA-B*40:01,VERYLRDQQL,0
HLA-B*40:01,VESFIEVISL,0
HLA-B*40:01,VESYLKHQQF,0
HLA-B*40:01,VEWDRTHPV,0
HLA-B*40:01,VQFNTPVQI,0
HLA-B*40:01,VVELLGRNIL,0
HLA-B*40:01,VVELLGRNSL,0
HLA-B*40:01,VVELLGRSSL,0
HLA-B*40:01,WEALKYLGSL,0
HLA-B*40:01,WEDLRSLCL,0
HLA-B*40:01,WEFVNTPPL,0
HLA-B*40:01,WEMGGKINPL,0
HLA-B*40:01,WETLKYLGSL,0
HLA-B*40:01,YCEINGTNWF,0
HLA-B*40:01,YCEINGTNWL,0
HLA-B*40:01,YEKVDKTIV,0
HLA-B*40:01,YELHPDRWTV,0
HLA-B*40:01,YETEKHNVW,0
HLA-B*40:01,YETEVHNVW,0
HLA-B*40:01,YLESDTELEI,0
HLA-B*40:01,YQLVNNDHL,0
HLA-C*04:01,AADKLWVTV,0
HLA-C*04:01,AEDSYGCTL,0
HLA-C*04:01,AFSPEVIPM,0
HLA-C*04:01,AHEPEVHNV,0
HLA-C*04:01,AIEAQQHLL,0
HLA-C*04:01,AIEAQQHML,0
HLA-C*04:01,ALDQWASLW,0
HLA-C*04:01,ALDSWKNLW,0
HLA-C*04:01,ALENVTENF,0
HLA-C*04:01,ALQDSGSEV,0
HLA-C*04:01,ALQTGTEEL,0
HLA-C*04:01,AMDAPPISGM,0
HLA-C*04:01,APEAQQHLL,0
HLA-C*04:01,APGSPTNLEF,0
HLA-C*04:01,APPAPPEESF,0
HLA-C*04:01,APPEESFRF,0
HLA-C*04:01,APPGQHMLL,0
HLA-C*04:01,ASDLWVTVY,0
HLA-C*04:01,ASDNFWVTV,0
HLA-C*04:01,ASDNLWVTV,0
HLA-C*04:01,ATDIQTKEL,0
HLA-C*04:01,AWDDLRNLC,0
HLA-C*04:01,AWDDLRNLCL,0
HLA-C*04:01,AWDDLRSLC,0
HLA-C*04:01,AWDDLRSLCL,0
HLA-C*04:01,AYAEVNNII,0
HLA-C*04:01,AYDPEVHNV,0
HLA-C*04:01,AYDPEVHNVW,0
HLA-C*04:01,AYDTEVHNV,0
HLA-C*04:01,AYDTEVHNVW,0
HLA-C*04:01,AYETEKHNV,0
HLA-C*04:01,AYETEVHNV,0
HLA-C*04:01,AYNTLVYLL,0
HLA-C*04:01,DEDHPSISL,0
HLA-C*04:01,DHHPPSVSL,0
HLA-C*04:01,DHPPPLVSL,0
HLA-C*04:01,DHRPPSVSL,0
HLA-C*04:01,DIEITTHYF,0
HLA-C*04:01,DLDDVPSVV,0
HLA-C*04:01,DLEITTHHF,0
HLA-C*04:01,DLEITTHSF,0
HLA-C*04:01,DLEITTHYF,0
HLA-C*04:01,DLETTMHHF,0
HLA-C*04:01,DLEVTTHSF,0
HLA-C*04:01,DPEVTMHHF,0
HLA-C*04:01,DPNPIEISL,0
HLA-C*04:01,DPNPQEIAL,0
HLA-C*04:01,DPNPQEIFL,0
HLA-C*04:01,DPNPQEIHL,0
HLA-C*04:01,DPNPQEIHM,0
HLA-C*04:01,DPNPQEIYL,0
HLA-C*04:01,DPNPQELSL,0
HLA-C*04:01,DPNPQEVVL,0
HLA-C*04:01,DQEIITHHF,0
HLA-C*04:01,EAQQHLLQL,0
HLA-C*04:01,EAVDKIEEM,0
HLA-C*04:01,EHPPPLISL,0
HLA-C*04:01,EKDHPLTSL,0
HLA-C*04:01,EPDKEKYPL,0
HLA-C*04:01,EWDKEISNY,0
HLA-C*04:01,EWNETIIQV,0
HLA-C*04:01,EWNETLNQV,0
HLA-C*04:01,FFLDRVLNI,0
HLA-C*04:01,FFYCNTSKL,0
HLA-C*04:01,FFYCNTSQL,0
HLA-C*04:01,FFYCNTSTL,0
HLA-C*04:01,FFYCNTTKL,0
HLA-C*04:01,FGEETTTPL,0
HLA-C*04:01,FGNNTIIRF,0
HLA-C*04:01,FIDAANTNI,0
HLA-C*04:01,FIDSYLQKL,0
HLA-C*04:01,FIDVANTNI,0
HLA-C*04:01,FLENVTENF,0
HLA-C*04:01,FLSRWPNLF,0
HLA-C*04:01,FNDNELTTY,0
HLA-C*04:01,FNDNELTTYL,0
HLA-C*04:01,FNDNETITI,0
HLA-C*04:01,FNPEVIPMF,0
HLA-C*04:01,FPISPIDTV,0
HLA-C*04:01,FPNEIKYKI,0
HLA-C*04:01,FPQGKAGEL,0
HLA-C*04:01,FQPPSGGDL,0
HLA-C*04:01,FQPPVGGDL,0
HLA-C*04:01,FRDYVDRFF,0
HLA-C*04:01,FRDYVDRFY,0
HLA-C*04:01,FSPEVIPMF,0
HLA-C*04:01,FWDDLRNLC,0
HLA-C*04:01,FWDDLRNLCL,0
HLA-C*04:01,FYCNTSQLF,0
HLA-C*04:01,FYCNTSTLF,0
HLA-C*04:01,FYCNTTKLF,0
HLA-C*04:01,FYIDAEDSY,0
HLA-C*04:01,FYKLDIVQM,0
HLA-C*04:01,FYKLDLVSL,0
HLA-C*04:01,GAPGSPTNL,0
HLA-C*04:01,GGDPEITMF,0
HLA-C*04:01,GGDPEITML,0
HLA-C*04:01,GGDQEITTL,0
HLA-C*04:01,GQDQWTYQI,0
HLA-C*04:01,GTDNSTITI,0
HLA-C*04:01,GWTDRIIEV,0
HLA-C*04:01,GWTDRVIEV,0
HLA-C*04:01,GYSPLSLQI,0
HLA-C*04:01,HFENKTIKF,0
HLA-C*04:01,HFHNKTIKF,0
HLA-C*04:01,HFKNKTIVF,0
HLA-C*04:01,HFNCGGEFF,0
HLA-C*04:01,HFNNRTIIF,0
HLA-C*04:01,HFPNKTIHF,0
HLA-C*04:01,HFPNKTIKF,0
HLA-C*04:01,HFPNKTIRF,0
HLA-C*04:01,HFPNNTINF,0
HLA-C*04:01,HFQNKTIRF,0
HLA-C*04:01,HFQNTTIQF,0
HLA-C*04:01,HFRNKTIKF,0
HLA-C*04:01,HFTNKAIKF,0
HLA-C*04:01,HIEEVIGQF,0
HLA-C*04:01,HLDNSIRLM,0
HLA-C*04:01,HLEGKVILV,0
HLA-C*04:01,HLENVTEEF,0
HLA-C*04:01,HLENVTENF,0
HLA-C*04:01,HNDSNYSEY,0
HLA-C*04:01,HPLTSLKSL,0
HLA-C*04:01,HPSISLKSL,0
HLA-C*04:01,HQALSPRTL,0
HLA-C*04:01,HQAVSPRTL,0
HLA-C*04:01,HQPISPRTL,0
HLA-C*04:01,HQPITPRTL,0
HLA-C*04:01,HQPLSPRTL,0
HLA-C*04:01,HQPVSPRTL,0
HLA-C*04:01,HQSMSPRTL,0
HLA-C*04:01,HVPEVHNVW,0
HLA-C*04:01,HWEETLYKV,0
HLA-C*04:01,IAEEIGIDL,0
HLA-C*04:01,IDLDDVPSVV,0
HLA-C*04:01,IFDAVESLDY,0
HLA-C*04:01,IFQSSMTKI,0
HLA-C*04:01,IHTDNGSNF,0
HLA-C*04:01,IIDIQKLNI,0
HLA-C*04:01,IIEQLQPTL,0
HLA-C*04:01,IIEQLQSHL,0
HLA-C*04:01,IIEQLQSNL,0
HLA-C*04:01,IIEQLQSTL,0
HLA-C*04:01,IIFDAVESL,0
HLA-C*04:01,IKDKKKIVY,0
HLA-C*04:01,IKDNWRNEL,0
HLA-C*04:01,IKDNWRSEL,0
HLA-C*04:01,ILDTVNIYI,0
HLA-C*04:01,ILDVYGSCV,0
HLA-C*04:01,ILDVYGSHV,0
HLA-C*04:01,ILDWSIYLF,0
HLA-C*04:01,ILLSKRPSL,0
HLA-C*04:01,IMNQLQPAL,0
HLA-C*04:01,IPLDNVTENF,0
HLA-C*04:01,IPNPGEPDRL,0
HLA-C*04:01,IPNPGGPDRL,0
HLA-C*04:01,IPTDPNPQEI,0
HLA-C*04:01,IQDNSDIKV,0
HLA-C*04:01,IRDKMQKVY,0
HLA-C*04:01,IRDKRQQVY,0
HLA-C*04:01,IRDPRGSDI,0
HLA-C*04:01,IRIGPGQTF,0
HLA-C*04:01,IRPVISTQL,0
HLA-C*04:01,IRPVVSTQL,0
HLA-C*04:01,ISDNAKTII,0
HLA-C*04:01,ISFDPIPIHY,0
HLA-C*04:01,ITDDFRNCSF,0
HLA-C*04:01,ITDDMRGEL,0
HLA-C*04:01,ITDDVKNCSF,0
HLA-C*04:01,ITDDVRNCSF,0
HLA-C*04:01,ITDEVKNCSF,0
HLA-C*04:01,ITDEVRNCSF,0
HLA-C*04:01,ITDEVRNCTF,0
HLA-C*04:01,ITDNAKTII,0
HLA-C*04:01,ITDNVKTII,0
HLA-C*04:01,IVEIEPLGL,0
HLA-C*04:01,IVNQIIEEL,0
HLA-C*04:01,IVTDSQYAL,0
HLA-C*04:01,IWDDIRSLC,0
HLA-C*04:01,IWDDIRSLCL,0
HLA-C*04:01,IWDDLRSLC,0
HLA-C*04:01,IWDDLRSLCL,0
HLA-C*04:01,IWDDLRSLF,0
HLA-C*04:01,IWDDLRSLFL,0
HLA-C*04:01,IWDNMTWVQW,0
HLA-C*04:01,IWQVDCTHL,0
HLA-C*04:01,IYDAVSYNA,0
HLA-C*04:01,IYDAVSYNAY,0
HLA-C*04:01,IYDILTESQ,0
HLA-C*04:01,IYDLITKSQ,0
HLA-C*04:01,IYDLLIESQ,0
HLA-C*04:01,IYDLLIKSQ,0
HLA-C*04:01,IYDLLTESQ,0
HLA-C*04:01,IYNPPISGV,0
HLA-C*04:01,IYQEPFKNL,0
HLA-C*04:01,KALGPAATL,0
HLA-C*04:01,KAYDPEVHNV,0
HLA-C*04:01,KAYDTEVHNV,0
HLA-C*04:01,KHDIDNAEL,0
HLA-C*04:01,KHDIDNAELF,0
HLA-C*04:01,KHQKEPPFL,0
HLA-C*04:01,KIEELRAHL,0
HLA-C*04:01,KLTPVCVTL,0
HLA-C*04:01,KNDPNSTKY,0
HLA-C*04:01,KPVISTQLL,0
HLA-C*04:01,KPVVSTQFL,0
HLA-C*04:01,KPVVSTQLL,0
HLA-C*04:01,KQEPIDKEL,0
HLA-C*04:01,KSDVLTTWL,0
HLA-C*04:01,KSYDEIWNNM,0
HLA-C*04:01,KTDSDTITI,0
HLA-C*04:01,KVDKTIVDF,0
HLA-C*04:01,KWDETLKRV,0
HLA-C*04:01,KWNETLIKV,0
HLA-C*04:01,KWNETLRKV,0
HLA-C*04:01,KWNETLRQV,0
HLA-C*04:01,KWNETLSRV,0
HLA-C*04:01,KWSKVLQQV,0
HLA-C*04:01,KYDFVKLLI,0
HLA-C*04:01,KYEKVDKTI,0
HLA-C*04:01,KYLGGLVQY,0
HLA-C*04:01,KYLGNILIY,0
HLA-C*04:01,KYLGNLLLY,0
HLA-C*04:01,KYLGSLVQY,0
HLA-C*04:01,LFDAAAIAI,0
HLA-C*04:01,LFDAVAIAV,0
HLA-C*04:01,LFDAVAIVV,0
HLA-C*04:01,LFDHLAIAV,0
HLA-C*04:01,LFDTIAIVV,0
HLA-C*04:01,LFDTTAIAV,0
HLA-C*04:01,LFIDSYLQKL,0
HLA-C*04:01,LFLHYITRL,0
HLA-C*04:01,LFNYTENEL,0
HLA-C*04:01,LFPNKTIKF,0
HLA-C*04:01,LGDGGRDNL,0
HLA-C*04:01,LIAARTVEL,0
HLA-C*04:01,LIAKRIVEL,0
HLA-C*04:01,LIATRTVEL,0
HLA-C*04:01,LIDKKHKVY,0
HLA-C*04:01,LIDTNWTKI,0
HLA-C*04:01,LIEQLQSTL,0
HLA-C*04:01,LIWDDIRSL,0
HLA-C*04:01,LIWDDLRSLF,0
HLA-C*04:01,LKDQKFLGL,0
HLA-C*04:01,LKDQQFLGL,0
HLA-C*04:01,LKDQRFLGL,0
HLA-C*04:01,LLDAIAITI,0
HLA-C*04:01,LLDHLAITV,0
HLA-C*04:01,LLDTIAIAV,0
HLA-C*04:01,LLSDKKQKV,0
HLA-C*04:01,LLTDKKQKF,0
HLA-C*04:01,LLTDKKQQV,0
HLA-C*04:01,LNDSSSSEY,0
HLA-C*04:01,LPSVSLKSL,0
HLA-C*04:01,LPYYDPWFL,0
HLA-C*04:01,LRDKKHKEY,0
HLA-C*04:01,LTDKKQKVY,0
HLA-C*04:01,LTDNVKTII,0
HLA-C*04:01,LTDQKKKVY,0
HLA-C*04:01,LTEEAELEL,0
HLA-C*04:01,LTEEKIKAL,0
HLA-C*04:01,LVDHLAITV,0
HLA-C*04:01,LWQEVGRAM,0
HLA-C*04:01,LWQGVGQAM,0
HLA-C*04:01,LWQRPLVTV,0
HLA-C*04:01,LYDAVAIAV,0
HLA-C*04:01,LYDTTAIAV,0
HLA-C*04:01,LYDTTAVAV,0
HLA-C*04:01,LYLESDTEL,0
HLA-C*04:01,LYNTIATLY,0
HLA-C*04:01,LYNTVAVLY,0
HLA-C*04:01,MGEETTSSL,0
HLA-C*04:01,MGEGTTSVL,0
HLA-C*04:01,MHEDVISLW,0
HLA-C*04:01,MKDNWRSEL,0
HLA-C*04:01,MRDNWRSEL,0
HLA-C*04:01,MTIGPGHVF,0
HLA-C*04:01,MWQEVGQAM,0
HLA-C*04:01,MWQEVGRAM,0
HLA-C*04:01,MWQGAGQAM,0
HLA-C*04:01,MWQGVGQAM,0
HLA-C*04:01,MWQKVGQAM,0
HLA-C*04:01,MWQRIGQAM,0
HLA-C*04:01,MWQRVGQAM,0
HLA-C*04:01,MYAPPIKGI,0
HLA-C*04:01,MYAPPIQGV,0
HLA-C*04:01,MYAPPIRGI,0
HLA-C*04:01,MYAPPISGI,0
HLA-C*04:01,MYAPPISGM,0
HLA-C*04:01,NANVTSSSM,0
HLA-C*04:01,NAYNTLVYL,0
HLA-C*04:01,NEDHPSISL,0
HLA-C*04:01,NEDNNTYRL,0
HLA-C*04:01,NFDMWKNEM,0
HLA-C*04:01,NFLREIMAF,0
HLA-C*04:01,NFNDNELTTY,0
HLA-C*04:01,NFNMWNNEM,0
HLA-C*04:01,NNDTGHIIL,0
HLA-C*04:01,NNDTGHLIL,0
HLA-C*04:01,NPEIIIYQY,0
HLA-C*04:01,NPNPQEIHL,0
HLA-C*04:01,NWFDISNWL,0
HLA-C*04:01,NWFDITNWL,0
HLA-C*04:01,NWTDNNTIIL,0
HLA-C*04:01,NYSETIYRL,0
HLA-C*04:01,NYTDQIYDL,0
HLA-C*04:01,NYTDTIYRL,0
HLA-C*04:01,NYTDTIYRLL,0
HLA-C*04:01,NYTDTIYYL,0
HLA-C*04:01,NYTDTIYYLL,0
HLA-C*04:01,NYTDVIYGL,0
HLA-C*04:01,NYTENELNY,0
HLA-C*04:01,NYTEQIYEL,0
HLA-C*04:01,NYTNQIYEL,0
HLA-C*04:01,NYTNTIYEL,0
HLA-C*04:01,PIDTVPVTL,0
HLA-C*04:01,PLDESFRKY,0
HLA-C*04:01,PLDNVTENF,0
HLA-C*04:01,PPAPPEESF,0
HLA-C*04:01,PTDPNPIEI,0
HLA-C*04:01,PTDPNPQEI,0
HLA-C*04:01,PTDPNPQEL,0
HLA-C*04:01,PTDPNPQEV,0
HLA-C*04:01,PTDPSPQEI,0
HLA-C*04:01,QKDEDHPSI,0
HLA-C*04:01,QMHEDVISL,0
HLA-C*04:01,QMQEDIISL,0
HLA-C*04:01,QMQEDVINL,0
HLA-C*04:01,QMQEDVISL,0
HLA-C*04:01,QNDSSKYRL,0
HLA-C*04:01,QPDRSESEI,0
HLA-C*04:01,QQDKNEKDL,0
HLA-C*04:01,QQDKNEKEL,0
HLA-C*04:01,QQDKNEREL,0
HLA-C*04:01,QQDRNEKEL,0
HLA-C*04:01,QWDKEISNY,0
HLA-C*04:01,QWDREISNY,0
HLA-C*04:01,QYDQIPIEI,0
HLA-C*04:01,RAEQATQEV,0
HLA-C*04:01,RAIEAQQHL,0
HLA-C*04:01,RAIEAQQHM,0
HLA-C*04:01,RAIEAQQQM,0
HLA-C*04:01,RAPEAQQHL,0
HLA-C*04:01,RFVSGFLAL,0
HLA-C*04:01,RKDHPLTSL,0
HLA-C*04:01,RMYSPISIL,0
HLA-C*04:01,RMYSPTSIL,0
HLA-C*04:01,RMYSPVSIL,0
HLA-C*04:01,RPGGKKHYM,0
HLA-C*04:01,RPVISTQLL,0
HLA-C*04:01,RPVVSTQLL,0
HLA-C*04:01,RQYDQIPIEI,0
HLA-C*04:01,RSYDEIWENM,0
HLA-C*04:01,RVIEIVQRV,0
HLA-C*04:01,RWPNLFHIL,0
HLA-C*04:01,RWTVQPIEL,0
HLA-C*04:01,RYLKDQQFL,0
HLA-C*04:01,RYLKDQQLL,0
HLA-C*04:01,RYLRDQQLL,0
HLA-C*04:01,RYRQRLISL,0
HLA-C*04:01,SAPPGQHML,0
HLA-C*04:01,SFDPIPIHY,0
HLA-C*04:01,SFDPIPIHYC,0
HLA-C*04:01,SFDPIPINY,0
HLA-C*04:01,SFDPIPINYC,0
HLA-C*04:01,SFEEIWDNM,0
HLA-C*04:01,SFEEIWNNM,0
HLA-C*04:01,SFEPIPIHY,0
HLA-C*04:01,SFGPGQTFY,0
HLA-C*04:01,SFIEVISLL,0
HLA-C*04:01,SFNCGGEFF,0
HLA-C*04:01,SFNCRGEFF,0
HLA-C*04:01,SFNFPQITL,0
HLA-C*04:01,SFNVTTELI,0
HLA-C*04:01,SFTLMVESF,0
HLA-C*04:01,SIAARTVEL,0
HLA-C*04:01,SIATRTVEL,0
HLA-C*04:01,SIQTTVNTL,0
HLA-C*04:01,SIVTRTVEL,0
HLA-C*04:01,SLDNVTENF,0
HLA-C*04:01,SLFDAAAIAI,0
HLA-C*04:01,SLFDAVAIAV,0
HLA-C*04:01,SLFDAVAIVV,0
HLA-C*04:01,SLFDTIAIVV,0
HLA-C*04:01,SLFDTTAIAV,0
HLA-C*04:01,SLFNTIVTL,0
HLA-C*04:01,SLFNTVATL,0
HLA-C*04:01,SLFNTVITL,0
HLA-C*04:01,SLFNTVVVL,0
HLA-C*04:01,SLQTGSEEL,0
HLA-C*04:01,SLYDAVAIAV,0
HLA-C*04:01,SLYDTTAIAV,0
HLA-C*04:01,SLYDTTAVAV,0
HLA-C*04:01,SLYNAVVTL,0
HLA-C*04:01,SLYNAVVVL,0
HLA-C*04:01,SLYNTIATL,0
HLA-C*04:01,SLYNTITTL,0
HLA-C*04:01,SLYNTIVTL,0
HLA-C*04:01,SLYNTVVTL,0
HLA-C*04:01,SNDTILKEI,0
HLA-C*04:01,SNDTVLKEV,0
HLA-C*04:01,SPAIFQSSM,0
HLA-C*04:01,SPIDTVPVTL,0
HLA-C*04:01,SPKQEPITSL,0
HLA-C*04:01,SPLSFQTRL,0
HLA-C*04:01,SPLSPQTLI,0
HLA-C*04:01,SSEDGDYML,0
HLA-C*04:01,SSEDGEYML,0
HLA-C*04:01,STDTIYMLL,0
HLA-C*04:01,STNSTTETF,0
HLA-C*04:01,SVTARVVEL,0
HLA-C*04:01,SWFDISNWL,0
HLA-C*04:01,SWFDITNWL,0
HLA-C*04:01,SWFDITSWL,0
HLA-C*04:01,SWMTETLLV,0
HLA-C*04:01,SYDEIWENM,0
HLA-C*04:01,SYDEIWNNM,0
HLA-C*04:01,SYEDIWNNM,0
HLA-C*04:01,SYEEIWDNM,0
HLA-C*04:01,SYEEIWGNM,0
HLA-C*04:01,SYEEIWNNM,0
HLA-C*04:01,SYLKHQQFL,0
HLA-C*04:01,SYNAYNTLV,0
HLA-C*04:01,SYNELIKIL,0
HLA-C*04:01,TADGCKQIM,0
HLA-C*04:01,TEDNSTITI,0
HLA-C*04:01,TEDVRNCSF,0
HLA-C*04:01,TFDPIPIHY,0
HLA-C*04:01,TFDPIPIHYC,0
HLA-C*04:01,TFNDNETITI,0
HLA-C*04:01,TKWDETLKRV,0
HLA-C*04:01,TLDCSDAKL,0
HLA-C*04:01,TLDCSDATL,0
HLA-C*04:01,TLIKVVQKL,0
HLA-C*04:01,TLNQVTEKL,0
HLA-C*04:01,TMDNSTKSKF,0
HLA-C*04:01,TNDKIKLIL,0
HLA-C*04:01,TPAGYAILM,0
HLA-C*04:01,TPQDLNMML,0
HLA-C*04:01,TPQDLNTML,0
HLA-C*04:01,TPQDLNVML,0
HLA-C*04:01,TQDFWEVQL,0
HLA-C*04:01,TSDNSSGIL,0
HLA-C*04:01,TWDDLRNLC,0
HLA-C*04:01,TWDDLRNLCL,0
HLA-C*04:01,TWFDITQWL,0
HLA-C*04:01,TYGNTPFIL,0
HLA-C*04:01,TYMPNGTFTF,0
HLA-C*04:01,VANTNIMIF,0
HLA-C*04:01,VIDINYRTI,0
HLA-C*04:01,VIWGKTPKF,0
HLA-C*04:01,VLAEAMSHV,0
HLA-C*04:01,VLAEAMSQV,0
HLA-C*04:01,VLAEAMSSV,0
HLA-C*04:01,VLDVGDAYF,0
HLA-C*04:01,VLENVTENF,0
HLA-C*04:01,VLTDKKQQV,0
HLA-C*04:01,VNTPPLVKL,0
HLA-C*04:01,VPAMFTAAL,0
HLA-C*04:01,VPLDESFRKY,0
HLA-C*04:01,VPLTEEAEL,0
HLA-C*04:01,VPPIIENRL,0
HLA-C*04:01,VPTDPNPIEI,0
HLA-C*04:01,VPTDPNPQEI,0
HLA-C*04:01,VPTDPNPQEL,0
HLA-C*04:01,VPTDPNPQEV,0
HLA-C*04:01,VPTDPSPQEI,0
HLA-C*04:01,VQFNTPVQI,0
HLA-C*04:01,VRDKKQQVY,0
HLA-C*04:01,VSFDPIPIHY,0
HLA-C*04:01,VSFDPIPINY,0
HLA-C*04:01,VSFEPIPIHY,0
HLA-C*04:01,VSFGPGQTF,0
HLA-C*04:01,VSMGPGQAF,0
HLA-C*04:01,VSMGPGSAF,0
HLA-C*04:01,VTDEVKNCSF,0
HLA-C*04:01,VTDRGRQKV,0
HLA-C*04:01,VTFDPIPIHY,0
HLA-C*04:01,VVDREKRAV,0
HLA-C*04:01,VVDRQKRAV,0
HLA-C*04:01,VVESMNKEL,0
HLA-C*04:01,VWDDLRSLC,0
HLA-C*04:01,VWDDLRSLCL,0
HLA-C*04:01,VWEDLRSLCL,0
HLA-C*04:01,VWKDADTTL,0
HLA-C*04:01,VWKDADTTLF,0
HLA-C*04:01,VWKDAETTL,0
HLA-C*04:01,VWKDAETTLF,0
HLA-C*04:01,VWKDATTTL,0
HLA-C*04:01,VWKDATTTLF,0
HLA-C*04:01,VWKEATTTL,0
HLA-C*04:01,VWKEATTTLF,0
HLA-C*04:01,VWRDADTTL,0
HLA-C*04:01,VWRDADTTLF,0
HLA-C*04:01,VWRDAKTTL,0
HLA-C*04:01,VWRDAKTTLF,0
HLA-C*04:01,VWRDANTTL,0
HLA-C*04:01,VWRDANTTLF,0
HLA-C*04:01,VYYDPSKDL,0
HLA-C*04:01,VYYDPSKDLV,0
HLA-C*04:01,WEDLRSLCL,0
HLA-C*04:01,WFDISNWLRY,0
HLA-C*04:01,WFDISNWLW,0
HLA-C*04:01,WFDITNWLW,0
HLA-C*04:01,WFDITQWLW,0
HLA-C*04:01,WFDITRWLW,0
HLA-C*04:01,WFDITSWLW,0
HLA-C*04:01,WKDADTTLF,0
HLA-C*04:01,WKDAETTLF,0
HLA-C*04:01,WKDATTTLF,0
HLA-C*04:01,WRDADTTLF,0
HLA-C*04:01,WRDAKTTLF,0
HLA-C*04:01,WRDANTTLF,0
HLA-C*04:01,WTDNNTIIL,0
HLA-C*04:01,WWANVRQEF,0
HLA-C*04:01,YAPPIAGNI,0
HLA-C*04:01,YAPPIQGVI,0
HLA-C*04:01,YAPPISGAI,0
HLA-C*04:01,YAPPISGII,0
HLA-C*04:01,YAPPISGKI,0
HLA-C*04:01,YAPPISGMI,0
HLA-C*04:01,YAPPISGRI,0
HLA-C*04:01,YAPPISGSI,0
HLA-C*04:01,YCTPAGYAL,0
HLA-C*04:01,YFIDAANTNI,0
HLA-C*04:01,YFIDVANTNI,0
HLA-C*04:01,YFNCRGEFF,0
HLA-C*04:01,YFSVPLDESF,0
HLA-C*04:01,YGNTPFILL,0
HLA-C*04:01,YLENVTENF,0
HLA-C*04:01,YMPNGTFTF,0
HLA-C*04:01,YPLASLRSL,0
HLA-C*04:01,YPLVSLKSL,0
HLA-C*04:01,YPMASLKSL,0
HLA-C*04:01,YQDSDVSQEV,0
HLA-C*04:01,YQLEKDPII,0
HLA-C*04:01,YRDSRDPIW,0
HLA-C*04:01,YRLLRDLSL,0
HLA-C*04:01,YRYGTFLYV,0
HLA-C*04:01,YSETIYRLL,0
HLA-C*04:01,YSPLSFQTL,0
HLA-C*04:01,YSPLSLQTL,0
HLA-C*04:01,YSPLSPQTL,0
HLA-C*04:01,YTDQIYDLI,0
HLA-C*04:01,YTDTIYRLL,0
HLA-C*04:01,YTDTIYYLL,0
HLA-C*04:01,YTDVIYGLL,0
HLA-C*04:01,YTEQIYELL,0
HLA-C*04:01,YVDRFFKTL,0
HLA-C*04:01,YVDRFYKTL,0
HLA-C*04:01,YYDPSKDLV,0
HLA-C*04:01,YYDPSKDLVA,0
HLA-C*04:01,YYDPWFLVG,0
HLA-C*04:01,YYDPWFLVGV,0
HLA-C*04:01,YYQGSCYIL,0
HLA-C*04:01,YYRDSRDPIW,0
HLA-C*07:01,AAASIQTTV,0
HLA-C*07:01,AANTNIMIF,0
HLA-C*07:01,AHEPEVHNV,0
HLA-C*07:01,AHTNDVRQL,0
HLA-C*07:01,AHVPEAHNV,0
HLA-C*07:01,AHVPEVHNV,0
HLA-C*07:01,AKRQGTSSSF,0
HLA-C*07:01,AQHSIPTNV,0
HLA-C*07:01,ARILAVESY,0
HLA-C*07:01,ARNRFGTTPF,0
HLA-C*07:01,ARVLALERY,0
HLA-C*07:01,ARVLAVERY,0
HLA-C*07:01,ASDLWVTVY,0
HLA-C*07:01,ASNLWVTVY,0
HLA-C*07:01,AYAEVNNII,0
HLA-C*07:01,AYDPEVHNV,0
HLA-C*07:01,AYDPEVHNVW,0
HLA-C*07:01,AYDTEVHNV,0
HLA-C*07:01,AYNTLVYLL,0
HLA-C*07:01,CRIKQIINM,0
HLA-C*07:01,CRIKQIVNL,0
HLA-C*07:01,CRIKQIVNM,0
HLA-C*07:01,CRIRQIINM,0
HLA-C*07:01,CRSNITGLL,0
HLA-C*07:01,CSAPPGQHM,0
HLA-C*07:01,CYIKNKTVF,0
HLA-C*07:01,DHHPPSVSL,0
HLA-C*07:01,DHPPPLVSL,0
HLA-C*07:01,DHRPPSVSL,0
HLA-C*07:01,DKKQKVHAL,0
HLA-C*07:01,DKKQKVYAL,0
HLA-C*07:01,DKKQKVYSL,0
HLA-C*07:01,DKMQKVYAL,0
HLA-C*07:01,DQKKKVYAL,0
HLA-C*07:01,DREPDKEKY,0
HLA-C*07:01,DRKQKVYAL,0
HLA-C*07:01,DRWNNLWSW,0
HLA-C*07:01,EALDKIKEV,0
HLA-C*07:01,EAQQHLLKL,0
HLA-C*07:01,EAQQHLLQL,0
HLA-C*07:01,EAQQHMLQL,0
HLA-C*07:01,EAQQRMLQL,0
HLA-C*07:01,EAVDKIEEM,0
HLA-C*07:01,EHFNKTIEF,0
HLA-C*07:01,EHFNKTIIF,0
HLA-C*07:01,EHFNKTIKF,0
HLA-C*07:01,EHFNKTIRF,0
HLA-C*07:01,EHFNKTKTI,0
HLA-C*07:01,EHFNRTITF,0
HLA-C*07:01,EHFPNKTIHF,0
HLA-C*07:01,EHFPNKTIKF,0
HLA-C*07:01,EHPPPLISL,0
HLA-C*07:01,ERFALNPGF,0
HLA-C*07:01,ERFALNPGL,0
HLA-C*07:01,ERFAVNPGL,0
HLA-C*07:01,ERLNDTIIL,0
HLA-C*07:01,ERNEKDLLEL,0
HLA-C*07:01,ERYLKDQKF,0
HLA-C*07:01,ERYLKDQQF,0
HLA-C*07:01,ERYLKDQQL,0
HLA-C*07:01,ERYLKDQRF,0
HLA-C*07:01,ERYLRDQQL,0
HLA-C*07:01,ESYLKHQQF,0
HLA-C*07:01,ETKEFKTLY,0
HLA-C*07:01,ETPGIRYQY,0
HLA-C*07:01,FFLDRVLNI,0
HLA-C*07:01,FFYCNTSKL,0
HLA-C*07:01,FFYCNTSQL,0
HLA-C*07:01,FFYCNTSTL,0
HLA-C*07:01,FFYCNTTKL,0
HLA-C*07:01,FGNNTIIRF,0
HLA-C*07:01,FHFNCRGEF,0
HLA-C*07:01,FIDSYLQKL,0
HLA-C*07:01,FKNLKTGKY,0
HLA-C*07:01,FKRKGGIGGY,0
HLA-C*07:01,FLFSYHRLI,0
HLA-C*07:01,FLSRWPNLF,0
HLA-C*07:01,FLYHRLRDF,0
HLA-C*07:01,FMYYAKRML,0
HLA-C*07:01,FNDNELTTY,0
HLA-C*07:01,FNFPQITLW,0
HLA-C*07:01,FNKTKTIKF,0
HLA-C*07:01,FNPEVIPMF,0
HLA-C*07:01,FNSPFNENL,0
HLA-C*07:01,FNSTFNSTY,0
HLA-C*07:01,FPNEIKYKI,0
HLA-C*07:01,FQSSMTKIL,0
HLA-C*07:01,FRDYVDRFF,0
HLA-C*07:01,FRDYVDRFY,0
HLA-C*07:01,FRFGEEMTA,0
HLA-C*07:01,FRKKNPEII,0
HLA-C*07:01,FRKYTAFTI,0
HLA-C*07:01,FRLGEKINPL,0
HLA-C*07:01,FRLPIQRET,0
HLA-C*07:01,FRLPIQRETW,0
HLA-C*07:01,FRTSPMIIA,0
HLA-C*07:01,FSISKWLWY,0
HLA-C*07:01,FSPEVIPMF,0
HLA-C*07:01,FSYHHLRDL,0
HLA-C*07:01,FSYHRLIDL,0
HLA-C*07:01,FSYHRLRDF,0
HLA-C*07:01,FSYHRLRDL,0
HLA-C*07:01,FSYHRLSDL,0
HLA-C*07:01,FYCGIIHGI,0
HLA-C*07:01,FYCNTSGLF,0
HLA-C*07:01,FYCNTSKLF,0
HLA-C*07:01,FYCNTSQLF,0
HLA-C*07:01,FYCNTSTLF,0
HLA-C*07:01,FYCNTTKLF,0
HLA-C*07:01,FYIDAEDSY,0
HLA-C*07:01,FYKLDIEQV,0
HLA-C*07:01,FYKLDIVPL,0
HLA-C*07:01,FYKLDIVQI,0
HLA-C*07:01,FYKLDIVQM,0
HLA-C*07:01,FYKLDLVQM,0
HLA-C*07:01,FYKLDLVSL,0
HLA-C*07:01,FYRLDVVQI,0
HLA-C*07:01,GGFIKVRQY,0
HLA-C*07:01,GIRIGPGQTF,0
HLA-C*07:01,GKQQKVHAL,0
HLA-C*07:01,GLNKIVRMY,0
HLA-C*07:01,GPKEPFRDY,0
HLA-C*07:01,GRDRSIRLV,0
HLA-C*07:01,GRDRSVRFV,0
HLA-C*07:01,GRDRSVRLV,0
HLA-C*07:01,GRHPSFVKC,0
HLA-C*07:01,GRRGWEALKY,0
HLA-C*07:01,GRRTRHFLSY,0
HLA-C*07:01,GRTRSVRLV,0
HLA-C*07:01,GRWPVKVIH,0
HLA-C*07:01,GYSPLSLQI,0
HLA-C*07:01,HFENKTIKF,0
HLA-C*07:01,HFHNKTIKF,0
HLA-C*07:01,HFKNKTIIF,0
HLA-C*07:01,HFKNKTIVF,0
HLA-C*07:01,HFNNRTIIF,0
HLA-C*07:01,HFPNKTIHF,0
HLA-C*07:01,HFPNKTIKF,0
HLA-C*07:01,HFPNKTIRF,0
HLA-C*07:01,HFPNNTINF,0
HLA-C*07:01,HFQNKTIRF,0
HLA-C*07:01,HFQNTTIQF,0
HLA-C*07:01,HFRNKTIKF,0
HLA-C*07:01,HFTNKAIKF,0
HLA-C*07:01,HGISLIKLY,0
HLA-C*07:01,HHFNCGGEF,0
HLA-C*07:01,HHFNCRGEF,0
HLA-C*07:01,HHPPSVSLK,0
HLA-C*07:01,HKAEVHNVW,0
HLA-C*07:01,HLDNSIRLM,0
HLA-C*07:01,HNDSNYSEY,0
HLA-C*07:01,HQALSPRTL,0
HLA-C*07:01,HQAVSPRTL,0
HLA-C*07:01,HQKEPPFLW,0
HLA-C*07:01,HQPISPRTL,0
HLA-C*07:01,HQPITPRTL,0
HLA-C*07:01,HQPLSPRTL,0
HLA-C*07:01,HQPVSPRTL,0
HLA-C*07:01,HQSMSPRTL,0
HLA-C*07:01,HRLIDLLLI,0
HLA-C*07:01,HRLRDFILI,0
HLA-C*07:01,HRLRDFLLI,0
HLA-C*07:01,HRLRDFSLI,0
HLA-C*07:01,HRLRDFVLV,0
HLA-C*07:01,HRLRDLASI,0
HLA-C*07:01,HRLRDLLLI,0
HLA-C*07:01,HRLRDSVLI,0
HLA-C*07:01,HRLSDFSSI,0
HLA-C*07:01,HRLSDLISI,0
HLA-C*07:01,HRPPSVSLK,0
HLA-C*07:01,HSSLKGLRL,0
HLA-C*07:01,HVPEVHNVW,0
HLA-C*07:01,HYFNCRGEF,0
HLA-C*07:01,HYMLKHLVW,0
HLA-C*07:01,HYVSCRNKY,0
HLA-C*07:01,IERYLKDQQL,0
HLA-C*07:01,IGPGQVLFY,0
HLA-C*07:01,IHQPVSPRTL,0
HLA-C*07:01,IHTDNGSNF,0
HLA-C*07:01,IIFDAVESL,0
HLA-C*07:01,IKDKKKIVY,0
HLA-C*07:01,IKDNWRNEL,0
HLA-C*07:01,IKDNWRSEL,0
HLA-C*07:01,IKNKTVFQL,0
HLA-C*07:01,IKPVISTQL,0
HLA-C*07:01,IKPVVSTQF,0
HLA-C*07:01,IKPVVSTQL,0
HLA-C*07:01,INIGPGQVF,0
HLA-C*07:01,IQMSWPSLW,0
HLA-C*07:01,IRDKKQKVH,0
HLA-C*07:01,IRDKMQKVY,0
HLA-C*07:01,IRDKRQQVY,0
HLA-C*07:01,IRDPRGSDI,0
HLA-C*07:01,IRIGPGQAF,0
HLA-C*07:01,IRIGPGQAFY,0
HLA-C*07:01,IRIGPGQTF,0
HLA-C*07:01,IRIGPGQTFF,0
HLA-C*07:01,IRIGPGQTFY,0
HLA-C*07:01,IRISMVISL,0
HLA-C*07:01,IRKDKVYLSW,0
HLA-C*07:01,IRPVISTQL,0
HLA-C*07:01,IRPVISTQLL,0
HLA-C*07:01,IRPVVSTQL,0
HLA-C*07:01,IRPVVSTQLL,0
HLA-C*07:01,IRQGAERAW,0
HLA-C*07:01,IRQGFELAL,0
HLA-C*07:01,IRQGFERAL,0
HLA-C*07:01,IRQGLERAL,0
HLA-C*07:01,IRQGLERFL,0
HLA-C*07:01,IRQGLERFLL,0
HLA-C*07:01,IRQGLERLL,0
HLA-C*07:01,IRQGLERLLL,0
HLA-C*07:01,IRQGPKEPF,0
HLA-C*07:01,IRQNHGCNI,0
HLA-C*07:01,IRRNLALKY,0
HLA-C*07:01,IRSLCLFSY,0
HLA-C*07:01,IRYRQRLISL,0
HLA-C*07:01,ISFDPIPIHY,0
HLA-C*07:01,ISIGPGRVY,0
HLA-C*07:01,ISNYTNQIY,0
HLA-C*07:01,ISNYTQIIY,0
HLA-C*07:01,ISNYTSQIY,0
HLA-C*07:01,IVNQIIEEL,0
HLA-C*07:01,IWDDLRSLF,0
HLA-C*07:01,IYNPPISGV,0
HLA-C*07:01,IYQEPFKNL,0
HLA-C*07:01,KALGPAATL,0
HLA-C*07:01,KDHHPPSVSL,0
HLA-C*07:01,KDHPPPLVSL,0
HLA-C*07:01,KEHPPPLISL,0
HLA-C*07:01,KHKEYALFY,0
HLA-C*07:01,KHKVSALFY,0
HLA-C*07:01,KHKVYALFY,0
HLA-C*07:01,KHQKEPPFL,0
HLA-C*07:01,KHYMLKHLV,0
HLA-C*07:01,KKHKVSALF,0
HLA-C*07:01,KKHKVYALF,0
HLA-C*07:01,KKIVYALFY,0
HLA-C*07:01,KKKKSVTVL,0
HLA-C*07:01,KKKVYALFY,0
HLA-C*07:01,KKNPEIIIY,0
HLA-C*07:01,KKQKVHALF,0
HLA-C*07:01,KKQKVYSLF,0
HLA-C*07:01,KKQQVHALF,0
HLA-C*07:01,KKYKLKHLV,0
HLA-C*07:01,KKYKMKHLL,0
HLA-C*07:01,KKYNMKHLV,0
HLA-C*07:01,KLQNFRVYY,0
HLA-C*07:01,KNDPNSTKY,0
HLA-C*07:01,KQITKLQNF,0
HLA-C*07:01,KQKFYALFY,0
HLA-C*07:01,KQKVHALFY,0
HLA-C*07:01,KQKVYALFY,0
HLA-C*07:01,KQKVYSLFY,0
HLA-C*07:01,KQQVHALFY,0
HLA-C*07:01,KQQVYALFY,0
HLA-C*07:01,KRAVGIGAM,0
HLA-C*07:01,KRAVGIGAVF,0
HLA-C*07:01,KRAVGIGVM,0
HLA-C*07:01,KRHWEETLY,0
HLA-C*07:01,KRKDHPLTS,0
HLA-C*07:01,KRKDHPLTSL,0
HLA-C*07:01,KRKGGIGGY,0
HLA-C*07:01,KRPSLKIMI,0
HLA-C*07:01,KRQGTSSSF,0
HLA-C*07:01,KRQQVYALF,0
HLA-C*07:01,KRQQVYALFY,0
HLA-C*07:01,KRSAHTNDV,0
HLA-C*07:01,KRTQDFWEV,0
HLA-C*07:01,KSRQKTQQV,0
HLA-C*07:01,KTNNNTKYM,0
HLA-C*07:01,KTPVHGVYY,0
HLA-C*07:01,KTYMSNSTF,0
HLA-C*07:01,KVASSTTQY,0
HLA-C*07:01,KVKETQMNW,0
HLA-C*07:01,KVVSSTTQY,0
HLA-C*07:01,KYDFVKLLI,0
HLA-C*07:01,KYHMKHLVW,0
HLA-C*07:01,KYLGGLVQY,0
HLA-C*07:01,KYLGNILIY,0
HLA-C*07:01,KYLGNLLAY,0
HLA-C*07:01,KYLGNLLIY,0
HLA-C*07:01,KYLGNLLLY,0
HLA-C*07:01,KYLGNLLVY,0
HLA-C*07:01,KYLGSLVQY,0
HLA-C*07:01,KYLWNLLLY,0
HLA-C*07:01,KYNMKHLVW,0
HLA-C*07:01,KYRYGTFLY,0
HLA-C*07:01,KYWWNLLQY,0
HLA-C*07:01,LAWDDLRSL,0
HLA-C*07:01,LFNTVATLY,0
HLA-C*07:01,LFPNKTIKF,0
HLA-C*07:01,LIAKRIVEL,0
HLA-C*07:01,LIATRTVEL,0
HLA-C*07:01,LIDKKHKVY,0
HLA-C*07:01,LIWDDIRSL,0
HLA-C*07:01,LKKSAISLF,0
HLA-C*07:01,LKTPVHGVY,0
HLA-C*07:01,LMRYGRHPSF,0
HLA-C*07:01,LRAIEAQQHL,0
HLA-C*07:01,LRAIEAQQHM,0
HLA-C*07:01,LRAIEAQQQM,0
HLA-C*07:01,LRAPEAQQH,0
HLA-C*07:01,LRAPEAQQHL,0
HLA-C*07:01,LRDKKHKEY,0
HLA-C*07:01,LRDKKQKVY,0
HLA-C*07:01,LRDRKQKVY,0
HLA-C*07:01,LRISAISLY,0
HLA-C*07:01,LRLGWEGLKY,0
HLA-C*07:01,LRLGWEILKY,0
HLA-C*07:01,LRNLCLFLY,0
HLA-C*07:01,LRNLCLFSY,0
HLA-C*07:01,LRPGGKKHY,0
HLA-C*07:01,LRPGGKKHYM,0
HLA-C*07:01,LRPGGKKKY,0
HLA-C*07:01,LRPGGKKQY,0
HLA-C*07:01,LRQGWEGLKY,0
HLA-C*07:01,LRRGWEGLKY,0
HLA-C*07:01,LRRGWEILKY,0
HLA-C*07:01,LRRGWEVLKY,0
HLA-C*07:01,LRSLCLFLY,0
HLA-C*07:01,LRSLCLFSY,0
HLA-C*07:01,LRSLFLFSY,0
HLA-C*07:01,LRTSAISLF,0
HLA-C*07:01,LRTSATSLY,0
HLA-C*07:01,LRYIQIFIM,0
HLA-C*07:01,LSNSNSSEY,0
HLA-C*07:01,LTDKKQKFY,0
HLA-C*07:01,LTDKKQKVY,0
HLA-C*07:01,LTDQKKKVY,0
HLA-C*07:01,LVTARVVEL,0
HLA-C*07:01,LVTTRVVEL,0
HLA-C*07:01,LVWDDLRSL,0
HLA-C*07:01,LYKYKIVEI,0
HLA-C*07:01,LYKYKVIEI,0
HLA-C*07:01,LYKYKVVEI,0
HLA-C*07:01,LYKYKVVEV,0
HLA-C*07:01,LYKYKVVKI,0
HLA-C*07:01,LYKYKVVQI,0
HLA-C*07:01,LYLESDTEL,0
HLA-C*07:01,LYNLFIDSY,0
HLA-C*07:01,LYNTIATLY,0
HLA-C*07:01,LYNTITTLW,0
HLA-C*07:01,LYNTIVTLW,0
HLA-C*07:01,LYNTVAVLY,0
HLA-C*07:01,LYNTVVTLW,0
HLA-C*07:01,LYWSRELKV,0
HLA-C*07:01,MHEDVISLW,0
HLA-C*07:01,MHTDIISLW,0
HLA-C*07:01,MKDNWRSEL,0
HLA-C*07:01,MRDNWRSEL,0
HLA-C*07:01,MRDNWRSELY,0
HLA-C*07:01,MRNNWRSEL,0
HLA-C*07:01,MRNNWRSELY,0
HLA-C*07:01,MRYGRHPSF,0
HLA-C*07:01,MRYGRHPSFV,0
HLA-C*07:01,MSWPNLWTW,0
HLA-C*07:01,MSWPNYRTW,0
HLA-C*07:01,MTIGPGHVF,0
HLA-C*07:01,MYAPPIKGI,0
HLA-C*07:01,MYAPPIQGV,0
HLA-C*07:01,MYAPPIRGI,0
HLA-C*07:01,MYAPPISGI,0
HLA-C*07:01,MYAPPISGM,0
HLA-C*07:01,MYYAKRMLF,0
HLA-C*07:01,NAKNIIVHL,0
HLA-C*07:01,NAKNILVQF,0
HLA-C*07:01,NAKTIIVHL,0
HLA-C*07:01,NAYNTLVYL,0
HLA-C*07:01,NFDMWKNEM,0
HLA-C*07:01,NFKGPNRTV,0
HLA-C*07:01,NFNMWKNEM,0
HLA-C*07:01,NGYTPLHYV,0
HLA-C*07:01,NHNDSNYSEY,0
HLA-C*07:01,NHSENYSEY,0
HLA-C*07:01,NIKEYVYQL,0
HLA-C*07:01,NKSDVLTTW,0
HLA-C*07:01,NKTVFQLVF,0
HLA-C*07:01,NKYDFVKLL,0
HLA-C*07:01,NPNPQEIHL,0
HLA-C*07:01,NRFGTTPFY,0
HLA-C*07:01,NRGSFIHNL,0
HLA-C*07:01,NRNGDFETI,0
HLA-C*07:01,NRQEIKNCSF,0
HLA-C*07:01,NRSNNSNKEY,0
HLA-C*07:01,NRTKWNETL,0
HLA-C*07:01,NSSKVSLNY,0
HLA-C*07:01,NSSNVSQNY,0
HLA-C*07:01,NSSPVSQNY,0
HLA-C*07:01,NSSWSNRSY,0
HLA-C*07:01,NSTDTIYML,0
HLA-C*07:01,NTPPLVKLW,0
HLA-C*07:01,NVKTIIVHL,0
HLA-C*07:01,NWFDITNWL,0
HLA-C*07:01,NWFDITRWL,0
HLA-C*07:01,NYSETIYRL,0
HLA-C*07:01,NYTDQIYDL,0
HLA-C*07:01,NYTDTIYRL,0
HLA-C*07:01,NYTDTIYYL,0
HLA-C*07:01,NYTDVIYGL,0
HLA-C*07:01,NYTENELNY,0
HLA-C*07:01,NYTEQIYEL,0
HLA-C*07:01,NYTGIIYDL,0
HLA-C*07:01,NYTNKIYDL,0
HLA-C*07:01,NYTNQIYDL,0
HLA-C*07:01,NYTNQIYEI,0
HLA-C*07:01,NYTNQIYEL,0
HLA-C*07:01,NYTNTIYEL,0
HLA-C*07:01,NYTQIIYGL,0
HLA-C*07:01,QEYNLVRKY,0
HLA-C*07:01,QHRTKIEEL,0
HLA-C*07:01,QNYPIVQNI,0
HLA-C*07:01,QNYPIVQNL,0
HLA-C*07:01,QNYPIVQNM,0
HLA-C*07:01,QQKVHALFY,0
HLA-C*07:01,QRAGRAILH,0
HLA-C*07:01,QRAWRAFIH,0
HLA-C*07:01,QRAWRAFLH,0
HLA-C*07:01,QRAWRAIIH,0
HLA-C*07:01,QRAWRAILH,0
HLA-C*07:01,QRAWRALLH,0
HLA-C*07:01,QRGWEALKY,0
HLA-C*07:01,QRGWETLKY,0
HLA-C*07:01,QRMLQLTVW,0
HLA-C*07:01,QRPLVTVKI,0
HLA-C*07:01,QRTWRAILH,0
HLA-C*07:01,QRVWRGILH,0
HLA-C*07:01,QYDQIPIEI,0
HLA-C*07:01,RAIEAQQHL,0
HLA-C*07:01,RAIEAQQHM,0
HLA-C*07:01,RAIEAQQQM,0
HLA-C*07:01,RAIEAQQRM,0
HLA-C*07:01,RAPEAQQHL,0
HLA-C*07:01,RDRKQKVYAL,0
HLA-C*07:01,RGRQKVVSL,0
HLA-C*07:01,RIGPGQMFY,0
HLA-C*07:01,RIIEIGQRL,0
HLA-C*07:01,RIRQGFELAL,0
HLA-C*07:01,RIRQGFERAL,0
HLA-C*07:01,RIRQGLERLL,0
HLA-C*07:01,RKAKIIRDY,0
HLA-C*07:01,RKDHPLTSL,0
HLA-C*07:01,RKDKVYLSW,0
HLA-C*07:01,RLRPGGKKHY,0
HLA-C*07:01,RLRPGGKKKY,0
HLA-C*07:01,RLRPGGKKQY,0
HLA-C*07:01,RMYSPISIL,0
HLA-C*07:01,RMYSPTSIL,0
HLA-C*07:01,RMYSPVSIL,0
HLA-C*07:01,RNRFGTTPFY,0
HLA-C*07:01,RQQVYALFY,0
HLA-C*07:01,RRGWEALKY,0
HLA-C*07:01,RRGWEGLKY,0
HLA-C*07:01,RRGWEGLKYL,0
HLA-C*07:01,RRGWEILKY,0
HLA-C*07:01,RRGWEILKYL,0
HLA-C*07:01,RRGWEVLKY,0
HLA-C*07:01,RRGWEVLKYL,0
HLA-C*07:01,RRIRQGLER,0
HLA-C*07:01,RRIRQGLERF,0
HLA-C*07:01,RRIRQGLERL,0
HLA-C*07:01,RRKAKIIRDY,0
HLA-C*07:01,RRNLALKYRY,0
HLA-C*07:01,RRTRHFLSY,0
HLA-C*07:01,RSNITGLLL,0
HLA-C*07:01,RSNNSNKEY,0
HLA-C*07:01,RSSLKGLRL,0
HLA-C*07:01,RSWPNLWKW,0
HLA-C*07:01,RVIEIVQRV,0
HLA-C*07:01,RVKETQMNW,0
HLA-C*07:01,RVKETQRNW,0
HLA-C*07:01,RVKETQRSW,0
HLA-C*07:01,RVKGIQMSW,0
HLA-C*07:01,RVMGIQRNW,0
HLA-C*07:01,RVRETQMNW,0
HLA-C*07:01,RYHSNWRAM,0
HLA-C*07:01,RYLKDQQFL,0
HLA-C*07:01,RYLKDQQLL,0
HLA-C*07:01,RYLKDQRFL,0
HLA-C*07:01,RYLRDQQLL,0
HLA-C*07:01,RYRQRLISL,0
HLA-C*07:01,SAPPGQHML,0
HLA-C*07:01,SCFPNEIKY,0
HLA-C*07:01,SENSSFREY,0
HLA-C*07:01,SFDPIPIHY,0
HLA-C*07:01,SFDPIPINY,0
HLA-C*07:01,SFEPIPIHY,0
HLA-C*07:01,SFGPGQTFY,0
HLA-C*07:01,SFIEVISLL,0
HLA-C*07:01,SFNFPQITL,0
HLA-C*07:01,SGIRKVLFL,0
HLA-C*07:01,SGSKVSQNY,0
HLA-C*07:01,SHANNTIMM,0
HLA-C*07:01,SHANSNIMM,0
HLA-C*07:01,SHIQQTNIM,0
HLA-C*07:01,SHKGRPGNF,0
HLA-C*07:01,SHVQNTNIM,0
HLA-C*07:01,SIAARTVEL,0
HLA-C*07:01,SIATRTVEL,0
HLA-C*07:01,SIGPGQVFY,0
HLA-C*07:01,SIGPGRVYY,0
HLA-C*07:01,SIRIGPGQAF,0
HLA-C*07:01,SIRIGPGQTF,0
HLA-C*07:01,SIRRNLALKY,0
HLA-C*07:01,SIVTRTVEL,0
HLA-C*07:01,SKKDWNETL,0
HLA-C*07:01,SKNSSEYRL,0
HLA-C*07:01,SKRHWEETLY,0
HLA-C*07:01,SKRPSLKIM,0
HLA-C*07:01,SLFNTIVTL,0
HLA-C*07:01,SLFNTVATL,0
HLA-C*07:01,SLFNTVITL,0
HLA-C*07:01,SLFNTVVVL,0
HLA-C*07:01,SLYNAVVTL,0
HLA-C*07:01,SLYNAVVVL,0
HLA-C*07:01,SLYNTIATL,0
HLA-C*07:01,SLYNTITTL,0
HLA-C*07:01,SLYNTIVTL,0
HLA-C*07:01,SLYNTVAVL,0
HLA-C*07:01,SLYNTVVTL,0
HLA-C*07:01,SNNLWVTVY,0
HLA-C*07:01,SNYTDTIYY,0
HLA-C*07:01,SQAQHTNIL,0
HLA-C*07:01,SQTNHAIMM,0
HLA-C*07:01,SQTNKIIMM,0
HLA-C*07:01,SRELERFAL,0
HLA-C*07:01,SRELKVSAI,0
HLA-C*07:01,SRGVIDINY,0
HLA-C*07:01,SRLSFTLMV,0
HLA-C*07:01,SRWPNLFHI,0
HLA-C*07:01,SRWPNLFHIL,0
HLA-C*07:01,SSIDTNWTM,0
HLA-C*07:01,SSNSSKYRL,0
HLA-C*07:01,SSSKISQNY,0
HLA-C*07:01,SSSKVSQNY,0
HLA-C*07:01,SSSNNSEEY,0
HLA-C*07:01,SSSSNSSSF,0
HLA-C*07:01,STDTIYMLL,0
HLA-C*07:01,STFNSTYNL,0
HLA-C*07:01,STNDKIKLI,0
HLA-C*07:01,STNSTTETF,0
HLA-C*07:01,STRIGPGQVF,0
HLA-C*07:01,STSHIIQEY,0
HLA-C*07:01,STYMPNGTF,0
HLA-C*07:01,STYTPNGTF,0
HLA-C*07:01,SVNTVVRDF,0
HLA-C*07:01,SVRIGPGQMF,0
HLA-C*07:01,SVRIGPGQVF,0
HLA-C*07:01,SVSFGPGQTF,0
HLA-C*07:01,SVTARVVEL,0
HLA-C*07:01,SWFDISNWL,0
HLA-C*07:01,SWFDITNWL,0
HLA-C*07:01,SWFDITSWL,0
HLA-C*07:01,SYDEIWENM,0
HLA-C*07:01,SYDEIWNNM,0
HLA-C*07:01,SYEDIWNNM,0
HLA-C*07:01,SYEEIWNNM,0
HLA-C*07:01,SYHRLIDLL,0
HLA-C*07:01,SYHRLRDLL,0
HLA-C*07:01,SYILDTVNIY,0
HLA-C*07:01,SYLKHQQFL,0
HLA-C*07:01,SYNAYNTLV,0
HLA-C*07:01,SYNELIKIL,0
HLA-C*07:01,TFDPIPIHY,0
HLA-C*07:01,THLEGKVIL,0
HLA-C*07:01,TIGPGHVFY,0
HLA-C*07:01,TIYNETSIY,0
HLA-C*07:01,TKLQNFRVY,0
HLA-C*07:01,TLIKVVQKL,0
HLA-C*07:01,TMGPGRVYY,0
HLA-C*07:01,TRHFLSYIL,0
HLA-C*07:01,TRIGPGQVF,0
HLA-C*07:01,TRIGPGQVFY,0
HLA-C*07:01,TRILAIERY,0
HLA-C*07:01,TRILAIERYL,0
HLA-C*07:01,TRIRQGFEL,0
HLA-C*07:01,TRMSWLNLW,0
HLA-C*07:01,TRVLAIERY,0
HLA-C*07:01,TSIGPGQVF,0
HLA-C*07:01,TSIGPGQVL,0
HLA-C*07:01,TSIGQGQVF,0
HLA-C*07:01,TSMGPGRAF,0
HLA-C*07:01,TTIDPKITV,0
HLA-C*07:01,TVNDIQKLV,0
HLA-C*07:01,TWFDITQWL,0
HLA-C*07:01,TYGNTPFIL,0
HLA-C*07:01,TYMPNGTFTF,0
HLA-C*07:01,VAGTGVQFY,0
HLA-C*07:01,VANTNIMIF,0
HLA-C*07:01,VERYLKDQQF,0
HLA-C*07:01,VHLNKSVEI,0
HLA-C*07:01,VHLNKSVVI,0
HLA-C*07:01,VHQPISPRTL,0
HLA-C*07:01,VHQPITPRTL,0
HLA-C*07:01,VHQPVSPRTL,0
HLA-C*07:01,VIWGKTPKF,0
HLA-C*07:01,VNTPPLVKL,0
HLA-C*07:01,VQFNTPVQI,0
HLA-C*07:01,VQMDKSNRY,0
HLA-C*07:01,VRDKKQQVY,0
HLA-C*07:01,VRFVSGFLAL,0
HLA-C*07:01,VRIGPGQMF,0
HLA-C*07:01,VRIGPGQMFY,0
HLA-C*07:01,VRIGPGQVF,0
HLA-C*07:01,VRIGPGQVFY,0
HLA-C*07:01,VRLTPLCVTL,0
HLA-C*07:01,VRMYCPVSI,0
HLA-C*07:01,VRMYSPISI,0
HLA-C*07:01,VRMYSPISIL,0
HLA-C*07:01,VRMYSPTCI,0
HLA-C*07:01,VRMYSPTCIL,0
HLA-C*07:01,VRMYSPTSI,0
HLA-C*07:01,VRMYSPTSIL,0
HLA-C*07:01,VRMYSPVGI,0
HLA-C*07:01,VRMYSPVGIL,0
HLA-C*07:01,VRMYSPVSI,0
HLA-C*07:01,VRMYSPVSIL,0
HLA-C*07:01,VRQEFGIPY,0
HLA-C*07:01,VRQGYSPLSF,0
HLA-C*07:01,VRQGYSPLSL,0
HLA-C*07:01,VSFDPIPIH,0
HLA-C*07:01,VSFDPIPIHY,0
HLA-C*07:01,VSFDPIPINY,0
HLA-C*07:01,VSFEPIPIHY,0
HLA-C*07:01,VSFGPGQTF,0
HLA-C*07:01,VSFGPGQTFY,0
HLA-C*07:01,VSMGPGQAF,0
HLA-C*07:01,VSMGPGSAF,0
HLA-C*07:01,VSQEVRKYF,0
HLA-C*07:01,VSSGIRKVL,0
HLA-C*07:01,VSYNAYNTL,0
HLA-C*07:01,VTFDPIPIH,0
HLA-C*07:01,VTFDPIPIHY,0
HLA-C*07:01,VTMGPGRVY,0
HLA-C*07:01,VVGDIRKAY,0
HLA-C*07:01,VVRDKKQQV,0
HLA-C*07:01,VVRDKKQQVY,0
HLA-C*07:01,VVRDKQQKV,0
HLA-C*07:01,VWKDAETTL,0
HLA-C*07:01,VWKDATTTL,0
HLA-C*07:01,VWKEATTTL,0
HLA-C*07:01,VWRDAKTTLF,0
HLA-C*07:01,VWRDANTTLF,0
HLA-C*07:01,VYGSHVRNI,0
HLA-C*07:01,VYWGQELKI,0
HLA-C*07:01,VYWGQELRI,0
HLA-C*07:01,VYYDPSKDL,0
HLA-C*07:01,WKDATTTLF,0
HLA-C*07:01,WKNEMVNQM,0
HLA-C*07:01,WRDADTTLF,0
HLA-C*07:01,WRDAKTTLF,0
HLA-C*07:01,WRDANTTLF,0
HLA-C*07:01,YAGIKVKQL,0
HLA-C*07:01,YAPPIQGVI,0
HLA-C*07:01,YAPPISGAI,0
HLA-C*07:01,YAPPISGKI,0
HLA-C*07:01,YAPPISGMI,0
HLA-C*07:01,YAPPISGRI,0
HLA-C*07:01,YAPPISGSI,0
HLA-C*07:01,YGENILHIY,0
HLA-C*07:01,YGNTPFILL,0
HLA-C*07:01,YHHLRDLIL,0
HLA-C*07:01,YHRLIDLLL,0
HLA-C*07:01,YHRLRDFIL,0
HLA-C*07:01,YHRLRDFLL,0
HLA-C*07:01,YHRLRDFSL,0
HLA-C*07:01,YHRLRDFVL,0
HLA-C*07:01,YHRLRDLLL,0
HLA-C*07:01,YHRLRDSVL,0
HLA-C*07:01,YILDTVNIY,0
HLA-C*07:01,YKKSESESY,0
HLA-C*07:01,YKRWIILGL,0
HLA-C*07:01,YKVVEIKSL,0
HLA-C*07:01,YMPNGTFTF,0
HLA-C*07:01,YNAYNTLVY,0
HLA-C*07:01,YPMASLKSL,0
HLA-C*07:01,YRDSRDPIW,0
HLA-C*07:01,YRIKHLVWA,0
HLA-C*07:01,YRKSESESY,0
HLA-C*07:01,YRLKHLVWA,0
HLA-C*07:01,YRLLRDLSL,0
HLA-C*07:01,YRMKHLVWA,0
HLA-C*07:01,YRQRLISLL,0
HLA-C*07:01,YRTWGTLII,0
HLA-C*07:01,YRYGTFLYV,0
HLA-C*07:01,YSETIYRLL,0
HLA-C*07:01,YSPLSFQTL,0
HLA-C*07:01,YSPLSLQTL,0
HLA-C*07:01,YSPLSPQTL,0
HLA-C*07:01,YTDTIYRLL,0
HLA-C*07:01,YTDTIYYLL,0
HLA-C*07:01,YTNQIYEIL,0
HLA-C*07:01,YTNQIYELL,0
HLA-C*07:01,YTNTIYELL,0
HLA-C*07:01,YVDRFFKTL,0
HLA-C*07:01,YVDRFYKTL,0
HLA-C*07:01,YYDPSKDLV,0
HLA-C*07:01,YYQGSCYIL,0
