mhc,pep,tgt,len,BigMHC_IM
HLA-A*01:01,AADKLWVTVY,0,10,0.06524271
HLA-A*01:01,AAENLWVTVY,0,10,0.0431129
HLA-A*01:01,ADKKVSQNY,0,9,0.11671163
HLA-A*01:01,ADTGKVSQNY,0,10,0.07067597
HLA-A*01:01,AENLWVTVY,0,9,0.033446323
HLA-A*01:01,AETKEFKTLY,0,10,0.099017724
HLA-A*01:01,ALDNWKNLW,0,9,0.043314587
HLA-A*01:01,ALDQWASLW,0,9,0.011213152
HLA-A*01:01,ALDRWNNLW,0,9,0.021238951
HLA-A*01:01,ALDSWKNLW,0,9,0.027432963
HLA-A*01:01,ANNEDNNTY,0,9,0.0054675518
HLA-A*01:01,AQWEREISNY,0,10,0.009220655
HLA-A*01:01,ASDAKAHEA,0,9,0.003557146
HLA-A*01:01,ASDAKAHKA,0,9,0.0040243366
HLA-A*01:01,ASDLWVTVY,0,9,0.40455222
HLA-A*01:01,ASDLWVTVYY,0,10,0.43489605
HLA-A*01:01,ASDNFWVTV,0,9,0.03719359
HLA-A*01:01,ASDNFWVTVY,0,10,0.41001153
HLA-A*01:01,ASDNLWVTIY,0,10,0.22804543
HLA-A*01:01,ASDNLWVTV,0,9,0.03576624
HLA-A*01:01,ASDNLWVTVY,0,10,0.31368068
HLA-A*01:01,ASENLWVTVY,0,10,0.13830101
HLA-A*01:01,ASNDLWVTVY,0,10,0.064021625
HLA-A*01:01,ASNLWVTVY,0,9,0.05895127
HLA-A*01:01,ASNLWVTVYY,0,10,0.07513954
HLA-A*01:01,ASNNLWVTVY,0,10,0.03922495
HLA-A*01:01,ATDIQTKEL,0,9,0.10118843
HLA-A*01:01,AVLSAATETY,0,10,0.022549463
HLA-A*01:01,CDIEIGNFY,0,9,0.021916294
HLA-A*01:01,CSAPPGQHM,0,9,0.0013167588
HLA-A*01:01,CTLLHRCIY,0,9,0.059551418
HLA-A*01:01,DIEITTHYF,0,9,0.0061968463
HLA-A*01:01,DKAQEEHERY,0,10,0.028273176
HLA-A*01:01,DLEITTHHF,0,9,0.009063875
HLA-A*01:01,DLEITTHSF,0,9,0.0028343075
HLA-A*01:01,DLEITTHYF,0,9,0.009465839
HLA-A*01:01,DLETTMHHF,0,9,0.011058011
HLA-A*01:01,DLEVTTHSF,0,9,0.0021183416
HLA-A*01:01,DSNGNHSENY,0,10,0.023586314
HLA-A*01:01,DSQNDSSKY,0,9,0.021259995
HLA-A*01:01,DSSENSSKY,0,9,0.026054846
HLA-A*01:01,DTGKVSQNY,0,9,0.033893857
HLA-A*01:01,DVSQEVRKY,0,9,0.014958306
HLA-A*01:01,EADKKVSQNY,0,10,0.03446729
HLA-A*01:01,EIDIMKRCY,0,9,0.065874375
HLA-A*01:01,EIGNYTNQIY,0,10,0.0030402804
HLA-A*01:01,EIKDKKKIVY,0,10,0.014167623
HLA-A*01:01,EIRDKMQKVY,0,10,0.010927187
HLA-A*01:01,EIRDKRQQVY,0,10,0.020073665
HLA-A*01:01,EISNSTDTIY,0,10,0.0042406037
HLA-A*01:01,EISNYSETIY,0,10,0.0028215428
HLA-A*01:01,EISNYTDQIY,0,10,0.0042948816
HLA-A*01:01,EISNYTDTIY,0,10,0.0037835166
HLA-A*01:01,EISNYTDVIY,0,10,0.0036754922
HLA-A*01:01,EISNYTEQIY,0,10,0.002425583
HLA-A*01:01,EISNYTGIIY,0,10,0.0056319316
HLA-A*01:01,EISNYTNKIY,0,10,0.0041584335
HLA-A*01:01,EISNYTNQIY,0,10,0.0047263233
HLA-A*01:01,EISNYTNTIY,0,10,0.0040817717
HLA-A*01:01,EISNYTQIIY,0,10,0.0034198693
HLA-A*01:01,EISNYTSQIY,0,10,0.0050434503
HLA-A*01:01,ELDKWASLW,0,9,0.006286417
HLA-A*01:01,ELDKWTNLW,0,9,0.010687856
HLA-A*01:01,ELDKWTSLW,0,9,0.009830567
HLA-A*01:01,ELIDKKHKVY,0,10,0.052170835
HLA-A*01:01,ELKTSATSLY,0,10,0.0077146627
HLA-A*01:01,ELRDKKHKEY,0,10,0.023654932
HLA-A*01:01,ELRDKKQKVY,0,10,0.018214213
HLA-A*01:01,ELRDRKQKVY,0,10,0.022892212
HLA-A*01:01,ELRTSATSLY,0,10,0.0069122314
HLA-A*01:01,ETKEFKTLY,0,9,0.037425406
HLA-A*01:01,ETKVGKAGY,0,9,0.041720815
HLA-A*01:01,ETNDTTEIF,0,9,0.0023288417
HLA-A*01:01,ETPGIRYQY,0,9,0.028318772
HLA-A*01:01,ETSIYDAVSY,0,10,0.010585897
HLA-A*01:01,ETWETWWMDY,0,10,0.007899799
HLA-A*01:01,EVHNVWATY,0,9,0.003607658
HLA-A*01:01,EVNIVTDSQY,0,10,0.008904249
HLA-A*01:01,EWDKEISNY,0,9,0.03378138
HLA-A*01:01,EYGENILHIY,0,10,0.004003083
HLA-A*01:01,FCASDAKAY,0,9,0.01617347
HLA-A*01:01,FDAVESLDY,0,9,0.022447228
HLA-A*01:01,FDISNWLRY,0,9,0.039575823
HLA-A*01:01,FIDSYLQKL,0,9,0.020890659
HLA-A*01:01,FLENVTENF,0,9,0.010302286
HLA-A*01:01,FNCGGEFFY,0,9,0.00610447
HLA-A*01:01,FNCRGEFFY,0,9,0.0073754364
HLA-A*01:01,FNDNELTTY,0,9,0.025161311
HLA-A*01:01,FNGYTPLHY,0,9,0.007225819
HLA-A*01:01,FNSTFNSTY,0,9,0.0068529183
HLA-A*01:01,FNYTENELNY,0,10,0.0014661219
HLA-A*01:01,FRDYVDRFY,0,9,0.062858865
HLA-A*01:01,FSENSSFREY,0,10,0.23778446
HLA-A*01:01,FSISKWLWY,0,9,0.03417266
HLA-A*01:01,FSITNWLWY,0,9,0.02483696
HLA-A*01:01,GDIEITTHY,0,9,0.0388275
HLA-A*01:01,GDLEITTHY,0,9,0.034333047
HLA-A*01:01,GENEYSSEY,0,9,0.016681887
HLA-A*01:01,GGDIEITTHY,0,10,0.048989974
HLA-A*01:01,GGDLEITTHY,0,10,0.029255556
HLA-A*01:01,GGNNSSSEY,0,9,0.010437016
HLA-A*01:01,GGNSNSSEY,0,9,0.0061994526
HLA-A*01:01,GLNKIVRMY,0,9,0.013039915
HLA-A*01:01,GLSSINIKEY,0,10,0.0133771505
HLA-A*01:01,GLTPEQKAY,0,9,0.003276568
HLA-A*01:01,GLYYQGSCY,0,9,0.007841492
HLA-A*01:01,GNSSKVSLNY,0,10,0.004657226
HLA-A*01:01,GNSSNVSQNY,0,10,0.0076435627
HLA-A*01:01,GNSSPVSQNY,0,10,0.0039041664
HLA-A*01:01,GQDQWTYQIY,0,10,0.0296563
HLA-A*01:01,GSDGNPITK,0,9,0.07176847
HLA-A*01:01,GSDVDKKDTY,0,10,0.14032595
HLA-A*01:01,GSEDLKSLF,0,9,0.01067651
HLA-A*01:01,GSEEIKSLF,0,9,0.0040546656
HLA-A*01:01,GSEEIKSLY,0,9,0.12910117
HLA-A*01:01,GSEEIKSLYN,0,10,0.0069236667
HLA-A*01:01,GSEELKSLF,0,9,0.0048302733
HLA-A*01:01,GSEELKSLY,0,9,0.09571806
HLA-A*01:01,GSEELRSLF,0,9,0.0030511417
HLA-A*01:01,GSEELRSLY,0,9,0.082781635
HLA-A*01:01,GSEEVKSLY,0,9,0.12219646
HLA-A*01:01,GSEEVKSLYN,0,10,0.005695195
HLA-A*01:01,GSGSKVSQNY,0,10,0.017214734
HLA-A*01:01,GSNSKVSQNY,0,10,0.02311979
HLA-A*01:01,GSSSKISQNY,0,10,0.018769743
HLA-A*01:01,GSSSKVSQNY,0,10,0.019648667
HLA-A*01:01,GTDEVKNCSF,0,10,0.020632276
HLA-A*01:01,GTDNSTITI,0,9,0.040148288
HLA-A*01:01,GTEELKSLY,0,9,0.20117508
HLA-A*01:01,GTEELKSLYN,0,10,0.015912184
HLA-A*01:01,GTEELRSLF,0,9,0.0077716582
HLA-A*01:01,HLDNSIRLM,0,9,0.025521716
HLA-A*01:01,HLENVTEEF,0,9,0.006940148
HLA-A*01:01,HLENVTENF,0,9,0.0054441467
HLA-A*01:01,HNDSNYSEY,0,9,0.021408347
HLA-A*01:01,HTDNGSNFT,0,9,0.060725387
HLA-A*01:01,IDVQSLHQY,0,9,0.030232342
HLA-A*01:01,IFDAVESLDY,0,10,0.02656925
HLA-A*01:01,IGNYTNQIY,0,9,0.004016522
HLA-A*01:01,IGPGQVLFY,0,9,0.0068317293
HLA-A*01:01,IIENRLPYY,0,9,0.089418985
HLA-A*01:01,IIGDIRQAY,0,9,0.0075683375
HLA-A*01:01,IIGDIRSAY,0,9,0.003988025
HLA-A*01:01,IIGSIRQAY,0,9,0.002730441
HLA-A*01:01,IINRVRQGY,0,9,0.00363005
HLA-A*01:01,IKDNWRSELY,0,10,0.037585102
HLA-A*01:01,ILAALFMYY,0,9,0.054976095
HLA-A*01:01,ILDWSIYLF,0,9,0.02363068
HLA-A*01:01,INIGPGQVFY,0,10,0.001053037
HLA-A*01:01,INNETPGIRY,0,10,0.0017965928
HLA-A*01:01,IPTDPNPQEI,0,10,4.7406622e-05
HLA-A*01:01,IQEYNLVRKY,0,10,0.008693863
HLA-A*01:01,IRDKRQQVY,0,9,0.018475402
HLA-A*01:01,IRIGPGQAFY,0,10,0.0014292289
HLA-A*01:01,IRIGPGQTFY,0,10,0.002691853
HLA-A*01:01,ISFDPIPIHY,0,10,0.06843896
HLA-A*01:01,ISIGPGRVY,0,9,0.0069440603
HLA-A*01:01,ISIGPGRVYY,0,10,0.028670853
HLA-A*01:01,ISILINHRFY,0,10,0.005039435
HLA-A*01:01,ISKIGPENPY,0,10,0.0011326984
HLA-A*01:01,ISNSTDTIY,0,9,0.02136254
HLA-A*01:01,ISNYSETIY,0,9,0.016629156
HLA-A*01:01,ISNYTDQIY,0,9,0.018781057
HLA-A*01:01,ISNYTDTIY,0,9,0.021084845
HLA-A*01:01,ISNYTDTIYY,0,10,0.038919203
HLA-A*01:01,ISNYTDVIY,0,9,0.017956877
HLA-A*01:01,ISNYTEQIY,0,9,0.015349672
HLA-A*01:01,ISNYTGIIY,0,9,0.023298353
HLA-A*01:01,ISNYTNKIY,0,9,0.013081575
HLA-A*01:01,ISNYTNQIY,0,9,0.027616754
HLA-A*01:01,ISNYTNTIY,0,9,0.028348127
HLA-A*01:01,ISNYTQIIY,0,9,0.014988879
HLA-A*01:01,ISNYTSQIY,0,9,0.02604142
HLA-A*01:01,ITDDFRNCSF,0,10,0.049572177
HLA-A*01:01,ITDDMRGEL,0,9,0.05705965
HLA-A*01:01,ITDDMRGELK,0,10,0.27740964
HLA-A*01:01,ITDDVKNCSF,0,10,0.045530826
HLA-A*01:01,ITDDVRNCSF,0,10,0.046682965
HLA-A*01:01,ITDEVKNCSF,0,10,0.03348197
HLA-A*01:01,ITDEVRNCSF,0,10,0.03389802
HLA-A*01:01,ITDEVRNCTF,0,10,0.03752781
HLA-A*01:01,ITDSAVAVA,0,9,0.012416114
HLA-A*01:01,ITEDVRNCSF,0,10,0.023469882
HLA-A*01:01,ITKLQNFRVY,0,10,0.0027456896
HLA-A*01:01,IVGNIRQAY,0,9,0.0054243393
HLA-A*01:01,IVNRVRQGY,0,9,0.0056657
HLA-A*01:01,IVQMGENEY,0,9,0.0077365516
HLA-A*01:01,IYDAVSYNAY,0,10,0.010969455
HLA-A*01:01,KANNEDNNTY,0,10,0.016200466
HLA-A*01:01,KAQEEHERY,0,9,0.012693172
HLA-A*01:01,KCDIEIGNFY,0,10,0.22233663
HLA-A*01:01,KDINTLMRY,0,9,0.10882417
HLA-A*01:01,KDNWRNELY,0,9,0.03720377
HLA-A*01:01,KDNWRSELY,0,9,0.04534818
HLA-A*01:01,KESCNGLYY,0,9,0.15798764
HLA-A*01:01,KLEKNCNAY,0,9,0.034403853
HLA-A*01:01,KLNWASQIY,0,9,0.00749327
HLA-A*01:01,KLQNFRVYY,0,9,0.036420703
HLA-A*01:01,KNDPNSTKY,0,9,0.044812154
HLA-A*01:01,KNSSNSNGEY,0,10,0.004700634
HLA-A*01:01,KQEPIDKELY,0,10,0.013636625
HLA-A*01:01,KQEQTDKDLY,0,10,0.024405863
HLA-A*01:01,KQGQDQWTY,0,9,0.010931997
HLA-A*01:01,KQKVHALFY,0,9,0.007873686
HLA-A*01:01,KQQVHALFY,0,9,0.017550385
HLA-A*01:01,KQQVYALFY,0,9,0.015601655
HLA-A*01:01,KSSSNNSEEY,0,10,0.020682039
HLA-A*01:01,KTDSDTITI,0,9,0.045356628
HLA-A*01:01,KTPVHGVYY,0,9,0.11022136
HLA-A*01:01,KVASSTTQY,0,9,0.058084004
HLA-A*01:01,KVDKTIVDF,0,9,0.04226732
HLA-A*01:01,KVVSSTTQY,0,9,0.030657828
HLA-A*01:01,LDSSENSSKY,0,10,0.012051485
HLA-A*01:01,LDSSNSSKY,0,9,0.024194803
HLA-A*01:01,LFNTVATLY,0,9,0.014105155
HLA-A*01:01,LIDKKHKVY,0,9,0.044019364
HLA-A*01:01,LIDVQSLHQY,0,10,0.13751966
HLA-A*01:01,LKTPVHGVYY,0,10,0.0110478755
HLA-A*01:01,LLTDKKQKFY,0,10,0.031729557
HLA-A*01:01,LLTDKKQKVY,0,10,0.02181743
HLA-A*01:01,LLTDQKKKVY,0,10,0.021342034
HLA-A*01:01,LNDSSSSEY,0,9,0.015708877
HLA-A*01:01,LQWDKEISNY,0,10,0.009976504
HLA-A*01:01,LSDFSSIAA,0,9,0.0059212227
HLA-A*01:01,LSLDNVTENF,0,10,0.0032017834
HLA-A*01:01,LSNSKNSSEY,0,10,0.017406125
HLA-A*01:01,LSNSNSSEY,0,9,0.040639106
HLA-A*01:01,LSSINIKEY,0,9,0.038836006
HLA-A*01:01,LTDIVPLTE,0,9,0.033665694
HLA-A*01:01,LTDKKQKFY,0,9,0.48289207
HLA-A*01:01,LTDKKQKFYA,0,10,0.041748878
HLA-A*01:01,LTDKKQKVY,0,9,0.20541902
HLA-A*01:01,LTDKKQKVYA,0,10,0.019845173
HLA-A*01:01,LTDKKQQVH,0,9,0.018275563
HLA-A*01:01,LTDQKKKVY,0,9,0.13232562
HLA-A*01:01,LTEEAELEL,0,9,0.011825586
HLA-A*01:01,LVQMDKSNRY,0,10,0.013139678
HLA-A*01:01,MEWDKEISNY,0,10,0.023322625
HLA-A*01:01,MGENEYSSEY,0,10,0.010566644
HLA-A*01:01,MGGNNSSSEY,0,10,0.010986133
HLA-A*01:01,MKDNWRSELY,0,10,0.034347534
HLA-A*01:01,MQKVYALFY,0,9,0.0037325993
HLA-A*01:01,MQWDKEISNY,0,10,0.0069150343
HLA-A*01:01,MQWDREISNY,0,10,0.009345979
HLA-A*01:01,MQWEKEISNY,0,10,0.0032629927
HLA-A*01:01,MRDNWRSELY,0,10,0.049728386
HLA-A*01:01,MTIGPGHVF,0,9,0.0012939913
HLA-A*01:01,MTIGPGHVFY,0,10,0.034960262
HLA-A*01:01,MWQEVGQAMY,0,10,0.0057305056
HLA-A*01:01,MWQEVGRAMY,0,10,0.0067542833
HLA-A*01:01,NASDLWVTVY,0,10,0.009701667
HLA-A*01:01,NASNLWVTVY,0,10,0.007991714
HLA-A*01:01,NETPGIRYQY,0,10,0.091779865
HLA-A*01:01,NFNDNELTTY,0,10,0.008721867
HLA-A*01:01,NHNDSNYSEY,0,10,0.014325241
HLA-A*01:01,NIDSVDFNGY,0,10,0.047422078
HLA-A*01:01,NIGPGQVFY,0,9,0.004536286
HLA-A*01:01,NKNDPNSTKY,0,10,0.028696608
HLA-A*01:01,NNETPGIRY,0,9,0.009892656
HLA-A*01:01,NNSEEYEKY,0,9,0.003174788
HLA-A*01:01,NPEIIIYQY,0,9,0.02302983
HLA-A*01:01,NRSNNSNKEY,0,10,0.004380238
HLA-A*01:01,NSSKVSLNY,0,9,0.02951242
HLA-A*01:01,NSSNGTETF,0,9,0.0024535765
HLA-A*01:01,NSSNSNGEY,0,9,0.028142137
HLA-A*01:01,NSSNVSQNY,0,9,0.04264021
HLA-A*01:01,NSSPVSQNY,0,9,0.02308573
HLA-A*01:01,NSSWSNKSY,0,9,0.008680315
HLA-A*01:01,NSSWSNKTY,0,9,0.007392584
HLA-A*01:01,NSSWSNRSY,0,9,0.008366758
HLA-A*01:01,NSTWSNKSY,0,9,0.008047928
HLA-A*01:01,NTKEENKTKY,0,10,0.07459296
HLA-A*01:01,NTPPLVKLWY,0,10,0.032153778
HLA-A*01:01,NTSGLFNKTY,0,10,0.012083962
HLA-A*01:01,NTSGLFNSTY,0,10,0.012585745
HLA-A*01:01,NTSQLFNGTY,0,10,0.018234227
HLA-A*01:01,NTTNLTASAY,0,10,0.019442754
HLA-A*01:01,NTVVRDFENY,0,10,0.051919866
HLA-A*01:01,PAETGQETAY,0,10,0.013745301
HLA-A*01:01,PLDESFRKY,0,9,0.08260773
HLA-A*01:01,PLNDSSSSEY,0,10,0.018054355
HLA-A*01:01,PLSENSSEY,0,9,0.006186605
HLA-A*01:01,PLSNSNSSEY,0,10,0.014028688
HLA-A*01:01,PMNDNNSEY,0,9,0.012504444
HLA-A*01:01,PTDPNPIEI,0,9,0.0091099
HLA-A*01:01,PTDPNPQEI,0,9,0.010067233
HLA-A*01:01,PTDPNPQEIF,0,10,0.007567807
HLA-A*01:01,PTDPNPQEIH,0,10,0.0021064077
HLA-A*01:01,PTDPNPQEIY,0,10,0.062214542
HLA-A*01:01,PTDPNPQEL,0,9,0.025839815
HLA-A*01:01,PTDPNPQEV,0,9,0.022214705
HLA-A*01:01,PTDPSPQEI,0,9,0.007551514
HLA-A*01:01,QDQWTYQIY,0,9,0.007819844
HLA-A*01:01,QEYNLVRKY,0,9,0.1470131
HLA-A*01:01,QQKVHALFY,0,9,0.013740009
HLA-A*01:01,QQKVSALFY,0,9,0.008920209
HLA-A*01:01,QQRVQALFY,0,9,0.005683898
HLA-A*01:01,QTDKDLYPL,0,9,0.019500956
HLA-A*01:01,QTRILAIERY,0,10,0.037236128
HLA-A*01:01,QTRVLAIERY,0,10,0.020777395
HLA-A*01:01,QTSVFSATVY,0,10,0.034321018
HLA-A*01:01,QVAGTGVQFY,0,10,0.033147376
HLA-A*01:01,QWDKEISNY,0,9,0.07802824
HLA-A*01:01,QWDREISNY,0,9,0.07110854
HLA-A*01:01,RDNWRSELY,0,9,0.04232921
HLA-A*01:01,RIGPGQAFY,0,9,0.013926409
HLA-A*01:01,RIGPGQMFY,0,9,0.028811108
HLA-A*01:01,RIGPGQTFY,0,9,0.01641055
HLA-A*01:01,RIGPGQVFY,0,9,0.01936323
HLA-A*01:01,RKVASSTTQY,0,10,0.00304719
HLA-A*01:01,RKVVSSTTQY,0,10,0.0035079455
HLA-A*01:01,RLGWEGLKY,0,9,0.040396024
HLA-A*01:01,RLGWEILKY,0,9,0.08775463
HLA-A*01:01,RNDSSEDGEY,0,10,0.010774755
HLA-A*01:01,RNNWRSELY,0,9,0.0080893235
HLA-A*01:01,RQGWEGLKY,0,9,0.014976098
HLA-A*01:01,RQQVYALFY,0,9,0.017016932
HLA-A*01:01,RSNNSNKEY,0,9,0.026658343
HLA-A*01:01,RSNSSEDGDY,0,10,0.020603338
HLA-A*01:01,RTIYNETSIY,0,10,0.017802838
HLA-A*01:01,RVTMGPGRVY,0,10,0.0083132265
HLA-A*01:01,SANNLWVTVY,0,10,0.012984999
HLA-A*01:01,SCFPNEIKY,0,9,0.011374475
HLA-A*01:01,SDLWVTVYY,0,9,0.015012222
HLA-A*01:01,SDNFWVTVY,0,9,0.025849657
HLA-A*01:01,SDNFWVTVYY,0,10,0.030835668
HLA-A*01:01,SDNLWVTIY,0,9,0.014745702
HLA-A*01:01,SDNLWVTIYY,0,10,0.014687636
HLA-A*01:01,SDNLWVTVHY,0,10,0.020506412
HLA-A*01:01,SDNLWVTVY,0,9,0.028624257
HLA-A*01:01,SDNLWVTVYY,0,10,0.02102071
HLA-A*01:01,SDSQNDSSKY,0,10,0.011461221
HLA-A*01:01,SDVDKKDTY,0,9,0.28083697
HLA-A*01:01,SDVSQEVRKY,0,10,0.13749532
HLA-A*01:01,SENLWVTVY,0,9,0.0263787
HLA-A*01:01,SENSSFREY,0,9,0.056206252
HLA-A*01:01,SFDPIPIHY,0,9,0.21446905
HLA-A*01:01,SFDPIPIHYC,0,10,0.007467251
HLA-A*01:01,SFDPIPINY,0,9,0.07860879
HLA-A*01:01,SFEPIPIHY,0,9,0.036519516
HLA-A*01:01,SFGPGQTFY,0,9,0.009263896
HLA-A*01:01,SGSKVSQNY,0,9,0.014687843
HLA-A*01:01,SIGPGQVFY,0,9,0.009660857
HLA-A*01:01,SIGPGQVLFY,0,10,0.011463885
HLA-A*01:01,SIGPGRVYY,0,9,0.016720545
HLA-A*01:01,SIGQGQVFY,0,9,0.009593503
HLA-A*01:01,SINIKEYVY,0,9,0.010954253
HLA-A*01:01,SISIGPGRVY,0,10,0.006872255
HLA-A*01:01,SKLEKNCNAY,0,10,0.008719853
HLA-A*01:01,SLDNVTENF,0,9,0.038646054
HLA-A*01:01,SLDSSNSSKY,0,10,0.124777935
HLA-A*01:01,SLFNTVATLY,0,10,0.021271225
HLA-A*01:01,SLYNTIATLY,0,10,0.016267302
HLA-A*01:01,SLYNTVAVLY,0,10,0.010287778
HLA-A*01:01,SMGPGRAFY,0,9,0.007826161
HLA-A*01:01,SMGPGSAFY,0,9,0.014635717
HLA-A*01:01,SNDLWVTVY,0,9,0.02108916
HLA-A*01:01,SNDLWVTVYY,0,10,0.016814474
HLA-A*01:01,SNGNHSENY,0,9,0.011914139
HLA-A*01:01,SNNLWVTVY,0,9,0.007195463
HLA-A*01:01,SNNSEEYEKY,0,10,0.0048471736
HLA-A*01:01,SNSKNSSEY,0,9,0.00622441
HLA-A*01:01,SNSKVSQNY,0,9,0.009471125
HLA-A*01:01,SNYTDTIYY,0,9,0.0073797954
HLA-A*01:01,SSEDGDYML,0,9,0.02185926
HLA-A*01:01,SSEDGDYMLV,0,10,0.032508753
HLA-A*01:01,SSEDGEYML,0,9,0.0229857
HLA-A*01:01,SSEDGEYMLV,0,10,0.031196324
HLA-A*01:01,SSINIKEYVY,0,10,0.016916867
HLA-A*01:01,SSKNHNDSNY,0,10,0.016357595
HLA-A*01:01,SSSKISQNY,0,9,0.028960928
HLA-A*01:01,SSSKVSQNY,0,9,0.02752682
HLA-A*01:01,SSSNNSEEY,0,9,0.029620977
HLA-A*01:01,SSSSNSSSF,0,9,0.0017916281
HLA-A*01:01,SSTSHIIQEY,0,10,0.03161991
HLA-A*01:01,STDTIYMLL,0,9,0.122682795
HLA-A*01:01,STENKTMNW,0,9,0.055720795
HLA-A*01:01,STNSTTETF,0,9,0.006427839
HLA-A*01:01,STSHIIQEY,0,9,0.10847147
HLA-A*01:01,STSHIIQEYN,0,10,0.0018043804
HLA-A*01:01,TDPNPQEIY,0,9,0.0035756237
HLA-A*01:01,TDREPDKEKY,0,10,0.2371086
HLA-A*01:01,TFDPIPIHY,0,9,0.2876239
HLA-A*01:01,TFDPIPIHYC,0,10,0.010894145
HLA-A*01:01,TGSEDLKSLF,0,10,0.00079507334
HLA-A*01:01,TGSEEIKSLF,0,10,0.0006155428
HLA-A*01:01,TGSEEIKSLY,0,10,0.026755841
HLA-A*01:01,TGSEELKSLY,0,10,0.019243816
HLA-A*01:01,TGSEELRSLY,0,10,0.011710334
HLA-A*01:01,TGSEEVKSLY,0,10,0.023406979
HLA-A*01:01,TGTEELKSLY,0,10,0.022930635
HLA-A*01:01,TGTEELRSLF,0,10,0.00036294054
HLA-A*01:01,TIGPGHVFY,0,9,0.020863308
HLA-A*01:01,TIYNETSIY,0,9,0.008598311
HLA-A*01:01,TLYNLFIDSY,0,10,0.021205252
HLA-A*01:01,TMDNSTKSKF,0,10,0.010428039
HLA-A*01:01,TMGPGRVYY,0,9,0.033151545
HLA-A*01:01,TQWEREISNY,0,10,0.010326362
HLA-A*01:01,TRIGPGQVFY,0,10,0.0056926967
HLA-A*01:01,TSDNSSGIL,0,9,0.02856907
HLA-A*01:01,TSETDKETF,0,9,0.015947307
HLA-A*01:01,TSGLFNKTY,0,9,0.021198502
HLA-A*01:01,TSGLFNSTY,0,9,0.024493882
HLA-A*01:01,TSIGPGQVFY,0,10,0.018997807
HLA-A*01:01,TSIGQGQVFY,0,10,0.035953138
HLA-A*01:01,TSIYDAVSY,0,9,0.015376645
HLA-A*01:01,TSMGPGRAFY,0,10,0.019688206
HLA-A*01:01,TSNNLWVTVY,0,10,0.03503575
HLA-A*01:01,TSQLFNGTY,0,9,0.03518862
HLA-A*01:01,TSVFSATVY,0,9,0.03187136
HLA-A*01:01,TTNLTASAY,0,9,0.047819365
HLA-A*01:01,TVLDVGDAY,0,9,0.040284853
HLA-A*01:01,TVVRDFENY,0,9,0.010573757
HLA-A*01:01,VAGTGVQFY,0,9,0.019726824
HLA-A*01:01,VAVHVASGY,0,9,0.0043979962
HLA-A*01:01,VIDINYRTIY,0,10,0.04996302
HLA-A*01:01,VLDVGDAYF,0,9,0.05870072
HLA-A*01:01,VLSAATETY,0,9,0.022268489
HLA-A*01:01,VLTDKKQQVH,0,10,0.00061739114
HLA-A*01:01,VPLDESFRKY,0,10,0.010850789
HLA-A*01:01,VPLSENSSEY,0,10,0.0035972018
HLA-A*01:01,VPMNDNNSEY,0,10,0.0052934512
HLA-A*01:01,VPTDPNPIEI,0,10,6.987407e-05
HLA-A*01:01,VPTDPNPQEI,0,10,6.8369365e-05
HLA-A*01:01,VPTDPNPQEL,0,10,0.00015448514
HLA-A*01:01,VPTDPNPQEV,0,10,0.00010415564
HLA-A*01:01,VPTDPSPQEI,0,10,6.8910405e-05
HLA-A*01:01,VQMDKSNRY,0,9,0.06266959
HLA-A*01:01,VRDKKQQVY,0,9,0.030285394
HLA-A*01:01,VRIGPGQMFY,0,10,0.007470685
HLA-A*01:01,VRIGPGQVFY,0,10,0.0047531477
HLA-A*01:01,VSFDPIPIHY,0,10,0.091459535
HLA-A*01:01,VSFDPIPINY,0,10,0.038838524
HLA-A*01:01,VSFEPIPIHY,0,10,0.034951247
HLA-A*01:01,VSFGPGQTFY,0,10,0.04229585
HLA-A*01:01,VSMGPGSAFY,0,10,0.035251115
HLA-A*01:01,VTDEVKNCSF,0,10,0.050864786
HLA-A*01:01,VTDRGRQKV,0,9,0.032168213
HLA-A*01:01,VTEKLKEHF,0,9,0.051539518
HLA-A*01:01,VTFDPIPIHY,0,10,0.1999182
HLA-A*01:01,VTMGPGRVY,0,9,0.03007474
HLA-A*01:01,VTMGPGRVYY,0,10,0.17092565
HLA-A*01:01,VTVLDVGDAY,0,10,0.10694306
HLA-A*01:01,VVRDKKQQVY,0,10,0.02128088
HLA-A*01:01,WFDISNWLRY,0,10,0.027699243
HLA-A*01:01,WFDISNWLWY,0,10,0.018906746
HLA-A*01:01,WFDITNWLWY,0,10,0.015803985
HLA-A*01:01,WFDITQWLWY,0,10,0.017323421
HLA-A*01:01,WFDITRWLWY,0,10,0.022988765
HLA-A*01:01,WFDITSWLWY,0,10,0.020117383
HLA-A*01:01,WGSDGNPITK,0,10,0.0014040052
HLA-A*01:01,WNSSWSNKSY,0,10,0.0010459085
HLA-A*01:01,WNSSWSNKTY,0,10,0.0011284875
HLA-A*01:01,WNSSWSNRSY,0,10,0.0010772435
HLA-A*01:01,WQAVGQAIY,0,9,0.002389096
HLA-A*01:01,WQEVGQAMY,0,9,0.009239041
HLA-A*01:01,WQEVGRAMY,0,9,0.008064842
HLA-A*01:01,WQGAGQAMY,0,9,0.004462018
HLA-A*01:01,WSCFPNEIKY,0,10,0.004836235
HLA-A*01:01,WSIYLFLHY,0,9,0.012797495
HLA-A*01:01,WTDNNTIIL,0,9,0.063898616
HLA-A*01:01,WTDRIIEVA,0,9,0.007992818
HLA-A*01:01,WTDRVIEAA,0,9,0.0070178523
HLA-A*01:01,WTDRVIEVV,0,9,0.024390535
HLA-A*01:01,YCNTSTLFNY,0,10,0.04357463
HLA-A*01:01,YDAVSYNAY,0,9,0.032262135
HLA-A*01:01,YGENILHIY,0,9,0.024031429
HLA-A*01:01,YILDTVNIY,0,9,0.024189636
HLA-A*01:01,YLENVTENF,0,9,0.014479707
HLA-A*01:01,YNAYNTLVY,0,9,0.012063421
HLA-A*01:01,YTDQIYDLI,0,9,0.08244222
HLA-A*01:01,YTDTIYRLL,0,9,0.23015478
HLA-A*01:01,YTDTIYYLL,0,9,0.17933156
HLA-A*01:01,YTDVIYGLL,0,9,0.09675729
HLA-A*01:01,YTDVIYGLLT,0,10,0.031599257
HLA-A*01:01,YTEQIYELL,0,9,0.03743869
HLA-A*01:01,YTNGTFNSTF,0,10,0.0067051626
HLA-A*01:01,YTNKIYDLL,0,9,0.03521716
HLA-A*01:01,YTNQIYDLL,0,9,0.018303024
HLA-A*01:01,YTNQIYELL,0,9,0.014477549
HLA-A*01:01,YTNTIYELL,0,9,0.019457584
HLA-A*02:01,AAASIQTTV,0,9,0.2828048
HLA-A*02:01,AALNIQTSV,0,9,0.23564534
HLA-A*02:01,AEWDRIHPV,0,9,0.17350975
HLA-A*02:01,AIAGWTDRV,0,9,0.3732321
HLA-A*02:01,AIGNITDEV,0,9,0.34912935
HLA-A*02:01,AIILVIFTV,0,9,0.5057667
HLA-A*02:01,AITDSAVAV,0,9,0.43413302
HLA-A*02:01,AIVNIPTRI,0,9,0.11750048
HLA-A*02:01,AIYNPPISGV,0,10,0.2493411
HLA-A*02:01,ALAWDDLRNL,0,10,0.20588662
HLA-A*02:01,ALAWDDLRSL,0,10,0.20774464
HLA-A*02:01,ALFWDDLRNL,0,10,0.32509118
HLA-A*02:01,ALFYKLDIV,0,9,0.26041973
HLA-A*02:01,ALFYKLDLV,0,9,0.3841477
HLA-A*02:01,ALFYRLDIV,0,9,0.25904202
HLA-A*02:01,ALFYTLDIV,0,9,0.35129768
HLA-A*02:01,ALIWDDIRSL,0,10,0.27682918
HLA-A*02:01,ALIWDDLRSL,0,10,0.28369683
HLA-A*02:01,ALKTGTEEL,0,9,0.25022417
HLA-A*02:01,ALLHIPRRI,0,9,0.2134268
HLA-A*02:01,ALMQLTTKA,0,9,0.25436047
HLA-A*02:01,ALNPGFLDTA,0,10,0.38614056
HLA-A*02:01,ALNPGLLES,0,9,0.39210865
HLA-A*02:01,ALNPGLLESA,0,10,0.4240976
HLA-A*02:01,ALNPGLLET,0,9,0.41836548
HLA-A*02:01,ALNPGLLETA,0,10,0.5065936
HLA-A*02:01,ALQDSGSEV,0,9,0.47312286
HLA-A*02:01,ALQTGTEEL,0,9,0.2197039
HLA-A*02:01,ALSPRTLNA,0,9,0.20625196
HLA-A*02:01,ALTDIVPLT,0,9,0.4308751
HLA-A*02:01,ALTEICKEM,0,9,0.14886943
HLA-A*02:01,ALTWDDLRNL,0,10,0.10927973
HLA-A*02:01,ALVWDDLRSL,0,10,0.1865406
HLA-A*02:01,ALVWEDLRSL,0,10,0.14436544
HLA-A*02:01,AMDAPPISGM,0,10,0.12668791
HLA-A*02:01,AMFTAALNI,0,9,0.32443193
HLA-A*02:01,AMIFGFLGA,0,9,0.42768773
HLA-A*02:01,AMSQTNHAI,0,9,0.09638053
HLA-A*02:01,AMSSVQQTNV,0,10,0.15601315
HLA-A*02:01,AMYAPPIKGI,0,10,0.17802158
HLA-A*02:01,AMYAPPIQGV,0,10,0.35583815
HLA-A*02:01,AMYAPPIRGI,0,10,0.17308648
HLA-A*02:01,AMYAPPISGA,0,10,0.16330421
HLA-A*02:01,AMYAPPISGI,0,10,0.20436922
HLA-A*02:01,AMYAPPISGM,0,10,0.14352985
HLA-A*02:01,AQHSIPTNV,0,9,0.19246146
HLA-A*02:01,AQLDAVLSA,0,9,0.27498335
HLA-A*02:01,ATLEEMMTA,0,9,0.22763595
HLA-A*02:01,AVAEGTDRV,0,9,0.13340183
HLA-A*02:01,AVAEWTDRV,0,9,0.2716764
HLA-A*02:01,AVAGWTDRV,0,9,0.30237818
HLA-A*02:01,AVEWDRTHPV,0,10,0.029726641
HLA-A*02:01,AVFLGFLGL,0,9,0.20570669
HLA-A*02:01,AVFLGFLGV,0,9,0.33463594
HLA-A*02:01,AVFSIVNRV,0,9,0.2728995
HLA-A*02:01,AVISIVNRV,0,9,0.3567541
HLA-A*02:01,AVLSIINRV,0,9,0.34075695
HLA-A*02:01,AVLSIVNRV,0,9,0.3443268
HLA-A*02:01,AYDPEVHNV,0,9,0.48407358
HLA-A*02:01,DLDDVPSVV,0,9,0.48878923
HLA-A*02:01,EILDWSIYL,0,9,0.64290106
HLA-A*02:01,EIWDNMTWV,0,9,0.67125803
HLA-A*02:01,ELHPDRWTV,0,9,0.41239122
HLA-A*02:01,ELIDKKHKV,0,9,0.21580355
HLA-A*02:01,FALNPGLLET,0,10,0.31290203
HLA-A*02:01,FFLDRVLNI,0,9,0.55357385
HLA-A*02:01,FIDAANTNI,0,9,0.30705616
HLA-A*02:01,FIDSYLQKL,0,9,0.36257344
HLA-A*02:01,FIDVANTNI,0,9,0.26577076
HLA-A*02:01,FILIATRTV,0,9,0.25778115
HLA-A*02:01,FLFSYHRLI,0,9,0.2526929
HLA-A*02:01,FLGAAGSTM,0,9,0.3747528
HLA-A*02:01,FLIVRLNQC,0,9,0.3419092
HLA-A*02:01,FLLIATRAV,0,9,0.2744401
HLA-A*02:01,FLQSRPEPSA,0,10,0.11903507
HLA-A*02:01,FLQSRPEPT,0,9,0.20023356
HLA-A*02:01,FLQSRPEPTA,0,10,0.1622157
HLA-A*02:01,FLSYILDTV,0,9,0.5319535
HLA-A*02:01,FLVGVAIIL,0,9,0.66173995
HLA-A*02:01,FLVGVAIILV,0,10,0.63655794
HLA-A*02:01,FLYHRLRDFV,0,10,0.37026396
HLA-A*02:01,FQNTTIQFA,0,9,0.24260665
HLA-A*02:01,FRLGEKINPL,0,10,0.1349007
HLA-A*02:01,FTASDVPNI,0,9,0.2901278
HLA-A*02:01,FVNTPPLVKL,0,10,0.22679575
HLA-A*02:01,FVSGFLALA,0,9,0.6092229
HLA-A*02:01,GAASITLTV,0,9,0.32322517
HLA-A*02:01,GAASVTLTV,0,9,0.411084
HLA-A*02:01,GIDLDDVPSV,0,10,0.14713189
HLA-A*02:01,GIIGNIRQA,0,9,0.4403345
HLA-A*02:01,GIIHGISLI,0,9,0.3179168
HLA-A*02:01,GILISGLVTI,0,10,0.444868
HLA-A*02:01,GLAGSTMGA,0,9,0.3864405
HLA-A*02:01,GLCYNVSSV,0,9,0.45159608
HLA-A*02:01,GLFNKTYMS,0,9,0.2131597
HLA-A*02:01,GLIAARTVEL,0,10,0.31168637
HLA-A*02:01,GLIGLRIIFA,0,10,0.5402567
HLA-A*02:01,GLIGLRIVFA,0,10,0.54497063
HLA-A*02:01,GLKYLGNLLL,0,10,0.27794152
HLA-A*02:01,GLKYLGNLLV,0,10,0.25639325
HLA-A*02:01,GLLETSEGC,0,9,0.29023504
HLA-A*02:01,GLQRGWEAL,0,9,0.29011935
HLA-A*02:01,GLQRGWETL,0,9,0.33114293
HLA-A*02:01,GLQTIVKSL,0,9,0.19528246
HLA-A*02:01,GLTPEQKAYV,0,10,0.18557048
HLA-A*02:01,GLWGCSNKI,0,9,0.3651163
HLA-A*02:01,GMFKGPRKI,0,9,0.19985394
HLA-A*02:01,GMGEEIAPL,0,9,0.36039114
HLA-A*02:01,GMGEEITSL,0,9,0.4036989
HLA-A*02:01,GMGEGTTSV,0,9,0.46927336
HLA-A*02:01,GMGEGTTSVL,0,10,0.16119817
HLA-A*02:01,GMGEKINPL,0,9,0.21537034
HLA-A*02:01,GMINCVSNI,0,9,0.6102968
HLA-A*02:01,GMWGCSGKL,0,9,0.27065364
HLA-A*02:01,GQDQWTYQI,0,9,0.077409185
HLA-A*02:01,GQNEDHPSI,0,9,0.10356081
HLA-A*02:01,GQVDCSPGI,0,9,0.15477638
HLA-A*02:01,GSLAEEEIIV,0,10,0.16927996
HLA-A*02:01,GSLAEEEIVV,0,10,0.15108326
HLA-A*02:01,GSLAEEEVMI,0,10,0.09815235
HLA-A*02:01,HLDNSIRLM,0,9,0.31193
HLA-A*02:01,HLDNSIRLML,0,10,0.3032916
HLA-A*02:01,HLEGKVILV,0,9,0.42071486
HLA-A*02:01,HLLSWGFTT,0,9,0.2838919
HLA-A*02:01,HLLWASREL,0,9,0.24649273
HLA-A*02:01,HLNKSVEIV,0,9,0.416673
HLA-A*02:01,IDLDDVPSVV,0,10,0.129436
HLA-A*02:01,IIEQLQPTL,0,9,0.13136792
HLA-A*02:01,IIFDAVESL,0,9,0.20389166
HLA-A*02:01,IIGAETFYV,0,9,0.4107544
HLA-A*02:01,IIVGGLIGL,0,9,0.5345642
HLA-A*02:01,IIVGSLIGL,0,9,0.53063774
HLA-A*02:01,IIVHLNESV,0,9,0.26699585
HLA-A*02:01,IIVHLNTSV,0,9,0.42389542
HLA-A*02:01,ILDTVNIYI,0,9,0.48141792
HLA-A*02:01,ILDVYGSCV,0,9,0.4463884
HLA-A*02:01,ILDVYGSHV,0,9,0.42735067
HLA-A*02:01,ILDWSIYLF,0,9,0.49684614
HLA-A*02:01,ILDWSIYLFL,0,10,0.45627323
HLA-A*02:01,ILGQLHPSL,0,9,0.3025973
HLA-A*02:01,ILIAARTVEL,0,10,0.30044413
HLA-A*02:01,ILIATRTVEL,0,10,0.28954458
HLA-A*02:01,ILINCNTSV,0,9,0.50241554
HLA-A*02:01,ILINHRFYI,0,9,0.42386168
HLA-A*02:01,ILISGLVTI,0,9,0.6656761
HLA-A*02:01,ILITGLVIM,0,9,0.49463823
HLA-A*02:01,ILIYWGQEL,0,9,0.5183155
HLA-A*02:01,ILKDVINEEA,0,10,0.24537973
HLA-A*02:01,ILKTPVHGV,0,9,0.4194258
HLA-A*02:01,ILKYLGNLLV,0,10,0.30539125
HLA-A*02:01,ILLSKRPSL,0,9,0.34947675
HLA-A*02:01,ILVQFNTPV,0,9,0.42448798
HLA-A*02:01,IMIFFLDRV,0,9,0.47902656
HLA-A*02:01,IMIIGGLIGL,0,10,0.5112286
HLA-A*02:01,IMIPSMIAI,0,9,0.56096375
HLA-A*02:01,IMIVGGLIGL,0,10,0.5734533
HLA-A*02:01,IMNQLQPAL,0,9,0.40064484
HLA-A*02:01,IMVIGGLIGL,0,10,0.42236915
HLA-A*02:01,IQDNSDIKV,0,9,0.17723064
HLA-A*02:01,ISLFDAVAIV,0,10,0.29753318
HLA-A*02:01,ISLFDHLAIA,0,10,0.12828112
HLA-A*02:01,ISLFDTIAIV,0,10,0.2857068
HLA-A*02:01,IVIGVIILA,0,9,0.62800854
HLA-A*02:01,IVNQIIEEL,0,9,0.23133795
HLA-A*02:01,IVTDSQYAL,0,9,0.17970586
HLA-A*02:01,IVYALFYRL,0,9,0.22087403
HLA-A*02:01,KAYDPEVHNV,0,10,0.34270284
HLA-A*02:01,KAYDTEVHNV,0,10,0.24983609
HLA-A*02:01,KAYETEVHNV,0,10,0.15906744
HLA-A*02:01,KEILDWSIYL,0,10,0.4258635
HLA-A*02:01,KILGQLHPSL,0,10,0.3150182
HLA-A*02:01,KIVEIEPLGL,0,10,0.18899027
HLA-A*02:01,KIYDLLIES,0,9,0.38225442
HLA-A*02:01,KLAGRWPVKV,0,10,0.4068474
HLA-A*02:01,KLDAWEKIQL,0,10,0.18431458
HLA-A*02:01,KLDAWEKIRL,0,10,0.16704664
HLA-A*02:01,KLDIEPVEPV,0,10,0.14279559
HLA-A*02:01,KLDKWEKIRL,0,10,0.11913829
HLA-A*02:01,KLDKWERIRL,0,10,0.1371934
HLA-A*02:01,KLGQVAKKL,0,9,0.15797885
HLA-A*02:01,KLLRGTKAL,0,9,0.25643614
HLA-A*02:01,KLNWASQIYA,0,10,0.19391611
HLA-A*02:01,KLQEHFTNKA,0,10,0.089752115
HLA-A*02:01,KLTPLCVTL,0,9,0.64011437
HLA-A*02:01,KLTPVCVTL,0,9,0.68723136
HLA-A*02:01,KLVEHFQNT,0,9,0.2000445
HLA-A*02:01,KLVGKLNWA,0,9,0.39298275
HLA-A*02:01,KLVSSGIRKV,0,10,0.29330224
HLA-A*02:01,KLYLESDTEL,0,10,0.22146316
HLA-A*02:01,KMVDQMHEDV,0,10,0.15767576
HLA-A*02:01,KQIVNMWQA,0,9,0.20073803
HLA-A*02:01,KQWRETLQNV,0,10,0.21754792
HLA-A*02:01,KQYRLKHLV,0,9,0.08335731
HLA-A*02:01,KSLFGNDPLL,0,10,0.10067343
HLA-A*02:01,KSLFNAVAVL,0,10,0.1546114
HLA-A*02:01,KSLFNTIAVL,0,10,0.11699037
HLA-A*02:01,KSLFNTIVTL,0,10,0.16512047
HLA-A*02:01,KSLFNTLAVL,0,10,0.12602358
HLA-A*02:01,KSLFNTVATL,0,10,0.1651069
HLA-A*02:01,KSLFNTVITL,0,10,0.17418489
HLA-A*02:01,KSLFNTVVVL,0,10,0.16487685
HLA-A*02:01,KSLYNAVVTL,0,10,0.22998248
HLA-A*02:01,KSLYNAVVVL,0,10,0.2062025
HLA-A*02:01,KSLYNTITTL,0,10,0.21207063
HLA-A*02:01,KSLYNTIVTL,0,10,0.20460765
HLA-A*02:01,KSLYNTVAVL,0,10,0.18744485
HLA-A*02:01,KSLYNTVVTL,0,10,0.24370193
HLA-A*02:01,KTDSDTITI,0,9,0.13621563
HLA-A*02:01,KVHALFYKL,0,9,0.20606698
HLA-A*02:01,KVHALFYTL,0,9,0.39242083
HLA-A*02:01,KVIEIEPLGI,0,10,0.17050433
HLA-A*02:01,KVILVAVHV,0,9,0.39684108
HLA-A*02:01,KVSALFYKL,0,9,0.17455785
HLA-A*02:01,KVSALFYRL,0,9,0.17158349
HLA-A*02:01,KVSQNFPIV,0,9,0.23607387
HLA-A*02:01,KVVEIKPLGV,0,10,0.20680697
HLA-A*02:01,KVVEINPLGV,0,10,0.24576233
HLA-A*02:01,KVVEVKPLGV,0,10,0.22836676
HLA-A*02:01,KVYALFYKL,0,9,0.26218867
HLA-A*02:01,KVYALFYRL,0,9,0.29731306
HLA-A*02:01,KVYSLFYRL,0,9,0.28231978
HLA-A*02:01,LIAARTVEL,0,9,0.28675947
HLA-A*02:01,LIAKRIVEL,0,9,0.32696587
HLA-A*02:01,LIATRTVEL,0,9,0.24813175
HLA-A*02:01,LIWDDIRSL,0,9,0.57543766
HLA-A*02:01,LIWDDLRSL,0,9,0.53266865
HLA-A*02:01,LLALDQWASL,0,10,0.23904385
HLA-A*02:01,LLAYWGQEL,0,9,0.410412
HLA-A*02:01,LLDAIAITI,0,9,0.5179807
HLA-A*02:01,LLDHLAITV,0,9,0.665773
HLA-A*02:01,LLDTIAIAV,0,9,0.46205303
HLA-A*02:01,LLELDKWTSL,0,10,0.24553943
HLA-A*02:01,LLIAKRIVEL,0,10,0.317276
HLA-A*02:01,LLISKGANV,0,9,0.33919904
HLA-A*02:01,LLIYWGQEL,0,9,0.48986474
HLA-A*02:01,LLLIATRTV,0,9,0.3752037
HLA-A*02:01,LLLYWGQEL,0,9,0.45262107
HLA-A*02:01,LLLYWSREL,0,9,0.48096088
HLA-A*02:01,LLNTIAIAV,0,9,0.4881733
HLA-A*02:01,LLNTTAIAV,0,9,0.4964545
HLA-A*02:01,LLQYWSQEL,0,9,0.40824565
HLA-A*02:01,LLSDKKQKV,0,9,0.25535747
HLA-A*02:01,LLSMITMSA,0,9,0.3461561
HLA-A*02:01,LLTDKKQKV,0,9,0.2846175
HLA-A*02:01,LLTDKKQQV,0,9,0.28304797
HLA-A*02:01,LLVYWGQEL,0,9,0.3663672
HLA-A*02:01,LLWKGEGAV,0,9,0.37563658
HLA-A*02:01,LLWKGEGAVV,0,10,0.5140167
HLA-A*02:01,LLYWGQELKI,0,10,0.1912274
HLA-A*02:01,LLYWSRELKV,0,10,0.20251088
HLA-A*02:01,LMVESFIEV,0,9,0.5745124
HLA-A*02:01,LTWDDLRNL,0,9,0.37215525
HLA-A*02:01,LVDHLAITV,0,9,0.56590396
HLA-A*02:01,LVGPTPVNI,0,9,0.32900444
HLA-A*02:01,LVNGFLALV,0,9,0.7793239
HLA-A*02:01,LVSGFFALV,0,9,0.619462
HLA-A*02:01,LVWDDLRSL,0,9,0.49134332
HLA-A*02:01,LVWEDLRSL,0,9,0.34362397
HLA-A*02:01,MIIGGLIGL,0,9,0.55809367
HLA-A*02:01,MIVGGLIGL,0,9,0.5224641
HLA-A*02:01,MLINCNTSV,0,9,0.4451384
HLA-A*02:01,MLQLTVWGI,0,9,0.43577075
HLA-A*02:01,MLVNCNTSV,0,9,0.4958898
HLA-A*02:01,MTNNPPIPV,0,9,0.18074189
HLA-A*02:01,MVIGGLIGL,0,9,0.51404804
HLA-A*02:01,NIKEYVYQL,0,9,0.33149505
HLA-A*02:01,NIKTIIVQL,0,9,0.21804063
HLA-A*02:01,NITNWLWYI,0,9,0.5454605
HLA-A*02:01,NLGNITEEV,0,9,0.48172134
HLA-A*02:01,NLGNNTTTV,0,9,0.6774141
HLA-A*02:01,NLIGNITDEV,0,10,0.3495211
HLA-A*02:01,NLQEQIAWM,0,9,0.40774766
HLA-A*02:01,NLTDNVKTI,0,9,0.5158478
HLA-A*02:01,NLVEQMQEDV,0,10,0.15881105
HLA-A*02:01,NLWKWGILI,0,9,0.5283378
HLA-A*02:01,NLWKWGILIL,0,10,0.3821344
HLA-A*02:01,NLWKWGTLI,0,9,0.5369243
HLA-A*02:01,NLWNWGILI,0,9,0.65288734
HLA-A*02:01,NLWQGVGQA,0,9,0.34739557
HLA-A*02:01,NLWRWGILI,0,9,0.46551448
HLA-A*02:01,NLWRWGTLI,0,9,0.47928613
HLA-A*02:01,NLWTWGTLI,0,9,0.4983831
HLA-A*02:01,NMVEQMHEDV,0,10,0.22685893
HLA-A*02:01,NMWQEVGQA,0,9,0.24506976
HLA-A*02:01,NMWQGVGQA,0,9,0.31903884
HLA-A*02:01,NMWQKVGQA,0,9,0.2618583
HLA-A*02:01,NQMHEDVISL,0,10,0.14193353
HLA-A*02:01,NTIAVLWCV,0,9,0.6346356
HLA-A*02:01,QIIEQLQPTL,0,10,0.13085842
HLA-A*02:01,QIYDLLIEA,0,9,0.40470648
HLA-A*02:01,QLGIPHPAGL,0,10,0.10468431
HLA-A*02:01,QLIEQLQSNL,0,10,0.15166457
HLA-A*02:01,QLIEQLQST,0,9,0.25187168
HLA-A*02:01,QLIEQLQSTL,0,10,0.162684
HLA-A*02:01,QLQARILAV,0,9,0.35180658
HLA-A*02:01,QLQARVLAL,0,9,0.40050605
HLA-A*02:01,QLQARVLAV,0,9,0.34951124
HLA-A*02:01,QLQTRILAI,0,9,0.26215976
HLA-A*02:01,QLTEVVQKI,0,9,0.35458955
HLA-A*02:01,QMHEDVISL,0,9,0.40969396
HLA-A*02:01,QMHTDIISL,0,9,0.34629583
HLA-A*02:01,QMQEDIISL,0,9,0.39288005
HLA-A*02:01,QMQEDVINL,0,9,0.44428045
HLA-A*02:01,QMQEDVISL,0,9,0.38841698
HLA-A*02:01,RIIEIGQGL,0,9,0.16659535
HLA-A*02:01,RIIEIGQRL,0,9,0.16272996
HLA-A*02:01,RIIEVAQRA,0,9,0.12699072
HLA-A*02:01,RIIEVVQRA,0,9,0.21130112
HLA-A*02:01,RILAVESYL,0,9,0.3517292
HLA-A*02:01,RLGEKINPL,0,9,0.35599375
HLA-A*02:01,RLGWEGLKYL,0,10,0.1336121
HLA-A*02:01,RLGWEILKYL,0,10,0.15298292
HLA-A*02:01,RLHPVQAGPV,0,10,0.2086518
HLA-A*02:01,RLIDLLLIA,0,9,0.60725725
HLA-A*02:01,RLINCNSSV,0,9,0.35548496
HLA-A*02:01,RLINCNTSV,0,9,0.42505878
HLA-A*02:01,RLLRDLSLI,0,9,0.476099
HLA-A*02:01,RLPYYDPWFL,0,10,0.27005538
HLA-A*02:01,RLRDFILIA,0,9,0.33888364
HLA-A*02:01,RLRDFLLIA,0,9,0.33854508
HLA-A*02:01,RLRDFVLVTA,0,10,0.3533005
HLA-A*02:01,RLRDLLLIA,0,9,0.35596615
HLA-A*02:01,RLSDFSSIA,0,9,0.36102483
HLA-A*02:01,RLSDLISIA,0,9,0.44753835
HLA-A*02:01,RLTPLCVTL,0,9,0.5932088
HLA-A*02:01,RLVHGFLAL,0,9,0.373763
HLA-A*02:01,RLVNGFLAL,0,9,0.52480805
HLA-A*02:01,RLVNGFLALV,0,10,0.47432867
HLA-A*02:01,RLVSGCLAL,0,9,0.29489273
HLA-A*02:01,RLVSGFFAL,0,9,0.4452948
HLA-A*02:01,RLVSGFFALV,0,10,0.36741593
HLA-A*02:01,RLVSGFLAL,0,9,0.4539488
HLA-A*02:01,RLVTGFLAL,0,9,0.40889713
HLA-A*02:01,RLWQGVGQA,0,9,0.34831277
HLA-A*02:01,RLWQGVGQAM,0,10,0.25417653
HLA-A*02:01,RMWQGAGQA,0,9,0.18183295
HLA-A*02:01,RMYSPISIL,0,9,0.3190978
HLA-A*02:01,RMYSPTCIL,0,9,0.23868783
HLA-A*02:01,RMYSPTSIL,0,9,0.27248448
HLA-A*02:01,RMYSPVGIL,0,9,0.2367815
HLA-A*02:01,RMYSPVSIL,0,9,0.33769017
HLA-A*02:01,RQGWEGLKYL,0,10,0.037738997
HLA-A*02:01,RQLTEVVQKI,0,10,0.062336423
HLA-A*02:01,RQYDQIPIEI,0,10,0.13385117
HLA-A*02:01,RSLFNTIAVL,0,10,0.0999959
HLA-A*02:01,RSLFNTVATL,0,10,0.14072378
HLA-A*02:01,RSLYNTIATL,0,10,0.15197639
HLA-A*02:01,RVIEIVQRV,0,9,0.4058593
HLA-A*02:01,RVIEVVQRA,0,9,0.20118019
HLA-A*02:01,RVLAEAMSHV,0,10,0.15068682
HLA-A*02:01,RVLAEAMSQV,0,10,0.14414872
HLA-A*02:01,RVLAEAMSSV,0,10,0.14929283
HLA-A*02:01,RVWRGILHI,0,9,0.22315857
HLA-A*02:01,SAADKLWVTV,0,10,0.24303603
HLA-A*02:01,SAAENLWVTV,0,10,0.26474085
HLA-A*02:01,SIAARTVEL,0,9,0.21253388
HLA-A*02:01,SIATRTVEL,0,9,0.16061063
HLA-A*02:01,SIGNITDEV,0,9,0.31848234
HLA-A*02:01,SINNETPGI,0,9,0.23716447
HLA-A*02:01,SIQTTVNTL,0,9,0.21675883
HLA-A*02:01,SISKWLWYI,0,9,0.25586444
HLA-A*02:01,SITNWLWYI,0,9,0.45842203
HLA-A*02:01,SIVTRTVEL,0,9,0.14130163
HLA-A*02:01,SIYDAVSYNA,0,10,0.13259645
HLA-A*02:01,SIYLFLHYI,0,9,0.29766434
HLA-A*02:01,SLAEDEIII,0,9,0.3294514
HLA-A*02:01,SLAEEEIII,0,9,0.29857343
HLA-A*02:01,SLAEEEIIV,0,9,0.38448986
HLA-A*02:01,SLAEEEIVI,0,9,0.2805769
HLA-A*02:01,SLAEEEIVV,0,9,0.36059663
HLA-A*02:01,SLAEEEVMI,0,9,0.2901214
HLA-A*02:01,SLAEGEIII,0,9,0.26078728
HLA-A*02:01,SLCLFSYHL,0,9,0.2641619
HLA-A*02:01,SLCLFSYRL,0,9,0.219801
HLA-A*02:01,SLDNVTENF,0,9,0.27722022
HLA-A*02:01,SLFDAAAIA,0,9,0.34529546
HLA-A*02:01,SLFDAAAIAI,0,10,0.26484472
HLA-A*02:01,SLFDAVAIA,0,9,0.45365047
HLA-A*02:01,SLFDAVAIAV,0,10,0.35928386
HLA-A*02:01,SLFDAVAIV,0,9,0.6253441
HLA-A*02:01,SLFDAVAIVV,0,10,0.3244094
HLA-A*02:01,SLFDHLAIA,0,9,0.40157032
HLA-A*02:01,SLFDHLAIAV,0,10,0.3485609
HLA-A*02:01,SLFDTIAIV,0,9,0.64324605
HLA-A*02:01,SLFDTIAIVV,0,10,0.33789805
HLA-A*02:01,SLFDTTAIA,0,9,0.3329126
HLA-A*02:01,SLFDTTAIAV,0,10,0.35509196
HLA-A*02:01,SLFGNDPLL,0,9,0.61222607
HLA-A*02:01,SLFNAVAIV,0,9,0.55283004
HLA-A*02:01,SLFNAVAIVV,0,10,0.32293993
HLA-A*02:01,SLFNAVAVL,0,9,0.57606
HLA-A*02:01,SLFNTIAVL,0,9,0.5534496
HLA-A*02:01,SLFNTIVTL,0,9,0.6359957
HLA-A*02:01,SLFNTIVTLW,0,10,0.18627559
HLA-A*02:01,SLFNTLAVL,0,9,0.56363803
HLA-A*02:01,SLFNTVATL,0,9,0.6128884
HLA-A*02:01,SLFNTVITL,0,9,0.62393427
HLA-A*02:01,SLFNTVITLW,0,10,0.19317035
HLA-A*02:01,SLFNTVVVL,0,9,0.6275245
HLA-A*02:01,SLFYRLDVV,0,9,0.26227492
HLA-A*02:01,SLHQYKWYI,0,9,0.22493024
HLA-A*02:01,SLIAARTVEL,0,10,0.21736012
HLA-A*02:01,SLIDTNWTKI,0,10,0.2376932
HLA-A*02:01,SLLDAIAIT,0,9,0.5125214
HLA-A*02:01,SLLDAIAITI,0,10,0.3435516
HLA-A*02:01,SLLDAIAITT,0,10,0.2740053
HLA-A*02:01,SLLDHLAIT,0,9,0.4608037
HLA-A*02:01,SLLDHLAITV,0,10,0.4597732
HLA-A*02:01,SLLDTIAIA,0,9,0.5559667
HLA-A*02:01,SLLDTIAIAV,0,10,0.37745255
HLA-A*02:01,SLLNTIAIA,0,9,0.46387908
HLA-A*02:01,SLLNTIAIAV,0,10,0.3524402
HLA-A*02:01,SLLNTTAIA,0,9,0.37270465
HLA-A*02:01,SLLNTTAIAV,0,10,0.32922855
HLA-A*02:01,SLLSMITMSA,0,10,0.16023575
HLA-A*02:01,SLNYPIVQNA,0,10,0.16718535
HLA-A*02:01,SLQTGSEEL,0,9,0.17499353
HLA-A*02:01,SLVDHLAIT,0,9,0.3710347
HLA-A*02:01,SLVDHLAITV,0,10,0.35559574
HLA-A*02:01,SLWDQGLKP,0,9,0.20157231
HLA-A*02:01,SLWDQGLKPC,0,10,0.15822151
HLA-A*02:01,SLWDQSLKP,0,9,0.18954001
HLA-A*02:01,SLWDQSLKPC,0,10,0.13177077
HLA-A*02:01,SLWKWGTLI,0,9,0.51927656
HLA-A*02:01,SLWKWGTLIL,0,10,0.33197707
HLA-A*02:01,SLWTWGTLI,0,9,0.49238807
HLA-A*02:01,SLWTWGTLIL,0,10,0.36469635
HLA-A*02:01,SLYDAVAIA,0,9,0.47807857
HLA-A*02:01,SLYDAVAIAV,0,10,0.4001185
HLA-A*02:01,SLYDTTAIA,0,9,0.35948887
HLA-A*02:01,SLYDTTAIAV,0,10,0.36078954
HLA-A*02:01,SLYDTTAVA,0,9,0.33616704
HLA-A*02:01,SLYDTTAVAV,0,10,0.37531874
HLA-A*02:01,SLYNAVVTL,0,9,0.7380628
HLA-A*02:01,SLYNAVVTLW,0,10,0.20408185
HLA-A*02:01,SLYNAVVVL,0,9,0.6704661
HLA-A*02:01,SLYNTIATL,0,9,0.7036001
HLA-A*02:01,SLYNTITTL,0,9,0.72163457
HLA-A*02:01,SLYNTITTLW,0,10,0.14563046
HLA-A*02:01,SLYNTIVTL,0,9,0.71780765
HLA-A*02:01,SLYNTIVTLW,0,10,0.18031242
HLA-A*02:01,SLYNTVAVL,0,9,0.6319856
HLA-A*02:01,SLYNTVVTL,0,9,0.7259937
HLA-A*02:01,SLYNTVVTLW,0,10,0.19393353
HLA-A*02:01,SMAEQMQEDV,0,10,0.10595083
HLA-A*02:01,SMITMSAFL,0,9,0.37769952
HLA-A*02:01,SMSPRTLNA,0,9,0.1512219
HLA-A*02:01,SMVEQMQEDV,0,10,0.10086017
HLA-A*02:01,SQYALGIIQA,0,10,0.13120307
HLA-A*02:01,STFNSTYNL,0,9,0.1036409
HLA-A*02:01,STLEEMMTA,0,9,0.19598855
HLA-A*02:01,STWRGNETV,0,9,0.18238841
HLA-A*02:01,STYNLNSTV,0,9,0.29728055
HLA-A*02:01,SVTARVVEL,0,9,0.22884193
HLA-A*02:01,TELIDKKHKV,0,10,0.060798436
HLA-A*02:01,TIAGWTDRV,0,9,0.4071141
HLA-A*02:01,TLDCSDATL,0,9,0.2945873
HLA-A*02:01,TLDCTSANV,0,9,0.3750384
HLA-A*02:01,TLFNYTENEL,0,10,0.16536465
HLA-A*02:01,TLGKVVKQL,0,9,0.23359576
HLA-A*02:01,TLHCNNVQV,0,9,0.38765192
HLA-A*02:01,TLHNVSKKL,0,9,0.27097133
HLA-A*02:01,TLIKVVQKL,0,9,0.41177395
HLA-A*02:01,TLILGLVMI,0,9,0.58083755
HLA-A*02:01,TLKAGSEEL,0,9,0.2891024
HLA-A*02:01,TLKTGSEEL,0,9,0.23318075
HLA-A*02:01,TLKTGSEEV,0,9,0.23589095
HLA-A*02:01,TLLSDKKQKV,0,10,0.13442315
HLA-A*02:01,TLLTDKKQQV,0,10,0.16580322
HLA-A*02:01,TLMVESFIEV,0,10,0.36696735
HLA-A*02:01,TLNAWVKVV,0,9,0.59719074
HLA-A*02:01,TLNCSNVNL,0,9,0.54215616
HLA-A*02:01,TLNQVAKKL,0,9,0.23724298
HLA-A*02:01,TLNQVTEKL,0,9,0.33192334
HLA-A*02:01,TLQEQIAWM,0,9,0.4184509
HLA-A*02:01,TLQNVSKKL,0,9,0.2041494
HLA-A*02:01,TLSERISSKL,0,10,0.0982111
HLA-A*02:01,TLWCVHQRI,0,9,0.32758978
HLA-A*02:01,TLWKWGILI,0,9,0.54494804
HLA-A*02:01,TLWKWGILIL,0,10,0.4335881
HLA-A*02:01,TLWQRPLVT,0,9,0.23491143
HLA-A*02:01,TLWQRPLVTV,0,10,0.61811703
HLA-A*02:01,TLYKVSKKL,0,9,0.2180828
HLA-A*02:01,TMGAASITL,0,9,0.5664323
HLA-A*02:01,TMGAASLTL,0,9,0.5811492
HLA-A*02:01,TMGAASMTL,0,9,0.5534048
HLA-A*02:01,TMGAASVTL,0,9,0.606227
HLA-A*02:01,TQDFWEVQL,0,9,0.07734901
HLA-A*02:01,TTIDPKITV,0,9,0.27664384
HLA-A*02:01,TVLSIVNRV,0,9,0.4011219
HLA-A*02:01,TVLVGPTPV,0,9,0.2885456
HLA-A*02:01,VLAEAMSHA,0,9,0.309542
HLA-A*02:01,VLAEAMSHI,0,9,0.36885318
HLA-A*02:01,VLAEAMSHV,0,9,0.5067066
HLA-A*02:01,VLAEAMSQA,0,9,0.29569954
HLA-A*02:01,VLAEAMSQT,0,9,0.26899335
HLA-A*02:01,VLAEAMSQV,0,9,0.48473406
HLA-A*02:01,VLAEAMSSV,0,9,0.37474543
HLA-A*02:01,VLDVGDAYF,0,9,0.2410382
HLA-A*02:01,VLFLDGIDKA,0,10,0.24292588
HLA-A*02:01,VLIAARTVEL,0,10,0.2913757
HLA-A*02:01,VLKYLGNLLV,0,10,0.27828115
HLA-A*02:01,VLTDKKQQV,0,9,0.2123079
HLA-A*02:01,VLVGPTPVNI,0,10,0.3624422
HLA-A*02:01,VLWCVHQKI,0,9,0.36524922
HLA-A*02:01,VLWCVHQRI,0,9,0.36234087
HLA-A*02:01,VQFNTPVQI,0,9,0.18881135
HLA-A*02:01,VQLNKSVEI,0,9,0.18281548
HLA-A*02:01,VVAGWTDRV,0,9,0.38825372
HLA-A*02:01,WLWYIQIFI,0,9,0.38801935
HLA-A*02:01,YALFYKLDLV,0,10,0.28938037
HLA-A*02:01,YELHPDRWTV,0,10,0.2679396
HLA-A*02:01,YILDTVNIYI,0,10,0.45460078
HLA-A*02:01,YILINCNTSV,0,10,0.3692274
HLA-A*02:01,YLESDTELEI,0,10,0.2199448
HLA-A*02:01,YLFLHYITRL,0,10,0.32575798
HLA-A*02:01,YLKDQKFLGL,0,10,0.39726216
HLA-A*02:01,YLKDQQFLGL,0,10,0.40264612
HLA-A*02:01,YLKDQQLLGI,0,10,0.3569118
HLA-A*02:01,YLKDQQLLGM,0,10,0.33214572
HLA-A*02:01,YLKDQRFLGL,0,10,0.39013457
HLA-A*02:01,YLLSRGVIDI,0,10,0.27305254
HLA-A*02:01,YLRDQQLLGI,0,10,0.3809227
HLA-A*02:01,YMLINCNTSV,0,10,0.319892
HLA-A*02:01,YMLKHLVWA,0,9,0.4812389
HLA-A*02:01,YMPNGTFTF,0,9,0.34079242
HLA-A*02:01,YQDSDVSQEV,0,10,0.11913888
HLA-A*02:01,YQLEKDPII,0,9,0.20638701
HLA-A*02:01,YQYMDDLYV,0,9,0.3052738
HLA-A*02:01,YRLINCNTSV,0,10,0.2200341
HLA-A*02:01,YTAFTIPSI,0,9,0.20797579
HLA-A*02:01,YTDTIYRLL,0,9,0.29498163
HLA-A*02:01,YTDTIYYLL,0,9,0.4519731
HLA-A*02:01,YVDRFFKTL,0,9,0.3698924
HLA-A*02:01,YVDRFYKTL,0,9,0.36399037
HLA-A*24:02,AFIHIPRRI,0,9,0.06187368
HLA-A*24:02,AFLHIPRRI,0,9,0.10323809
HLA-A*24:02,AFSPEVIPMF,0,10,0.14217617
HLA-A*24:02,AHEPEVHNVW,0,10,0.06524299
HLA-A*24:02,AHVPEAHNVW,0,10,0.08314578
HLA-A*24:02,AHVPEVHNVW,0,10,0.1251506
HLA-A*24:02,ALDSWKNLW,0,9,0.022070678
HLA-A*24:02,AMYAPPIKGI,0,10,0.011690515
HLA-A*24:02,AMYAPPIQGV,0,10,0.0042154896
HLA-A*24:02,AMYAPPIRGI,0,10,0.010782442
HLA-A*24:02,AMYAPPISGI,0,10,0.0066496064
HLA-A*24:02,AMYAPPISGM,0,10,0.004354622
HLA-A*24:02,ATWIPEWEF,0,9,0.03108579
HLA-A*24:02,AYAEVNNII,0,9,0.09694039
HLA-A*24:02,AYCEINGIKW,0,10,0.33431587
HLA-A*24:02,AYCEINGTEW,0,10,0.25460443
HLA-A*24:02,AYCEINGTKW,0,10,0.31492853
HLA-A*24:02,AYCEINGTNW,0,10,0.33364767
HLA-A*24:02,AYCLINKTKW,0,10,0.30070585
HLA-A*24:02,AYCLINRTKW,0,10,0.3529748
HLA-A*24:02,AYCQINGTKW,0,10,0.28853822
HLA-A*24:02,AYCQINKTKW,0,10,0.2587829
HLA-A*24:02,AYDPEVHNV,0,9,0.087384604
HLA-A*24:02,AYDPEVHNVW,0,10,0.25568393
HLA-A*24:02,AYDTEVHNV,0,9,0.04304272
HLA-A*24:02,AYDTEVHNVW,0,10,0.18264757
HLA-A*24:02,AYETEKHNV,0,9,0.034049753
HLA-A*24:02,AYETEKHNVW,0,10,0.19642465
HLA-A*24:02,AYETEVHNV,0,9,0.045331012
HLA-A*24:02,AYETEVHNVW,0,10,0.21968555
HLA-A*24:02,AYNTLVYLL,0,9,0.47200567
HLA-A*24:02,AYVPAMFTA,0,9,0.07952028
HLA-A*24:02,AYWGQELRI,0,9,0.08801942
HLA-A*24:02,CMSNSRLSF,0,9,0.049904887
HLA-A*24:02,CTPAGYAIF,0,9,0.047115255
HLA-A*24:02,CWWANVRQEF,0,10,0.13956584
HLA-A*24:02,CYIKNKTVF,0,9,0.3134656
HLA-A*24:02,DFFKKEILDW,0,10,0.12895751
HLA-A*24:02,DFLSRWPNL,0,9,0.30381447
HLA-A*24:02,DFLSRWPNLF,0,10,0.28558856
HLA-A*24:02,DHPPPLVSL,0,9,0.07995411
HLA-A*24:02,DQEIITHHF,0,9,0.05133736
HLA-A*24:02,DQWASLWSW,0,9,0.09041151
HLA-A*24:02,DWKETLHNV,0,9,0.05047035
HLA-A*24:02,DYVDRFFKTL,0,10,0.58761877
HLA-A*24:02,DYVDRFYKTL,0,10,0.5312128
HLA-A*24:02,EFKTLYNLF,0,9,0.19457445
HLA-A*24:02,EHFHNKTIKF,0,10,0.022568796
HLA-A*24:02,EHFNKTIEF,0,9,0.039167713
HLA-A*24:02,EHFNKTIIF,0,9,0.03875779
HLA-A*24:02,EHFNKTIKF,0,9,0.06575651
HLA-A*24:02,EHFNKTIRF,0,9,0.054230127
HLA-A*24:02,EHFNRTITF,0,9,0.083831064
HLA-A*24:02,EHFPNKTIHF,0,10,0.056278564
HLA-A*24:02,EHFPNKTIKF,0,10,0.042382773
HLA-A*24:02,EHFPNKTIRF,0,10,0.053433448
HLA-A*24:02,EHFPNNTINF,0,10,0.048732944
HLA-A*24:02,EHFQNKTIRF,0,10,0.017409196
HLA-A*24:02,EHFQNTTIQF,0,10,0.016703282
HLA-A*24:02,EHPPPLISL,0,9,0.053787213
HLA-A*24:02,ELFPNKTIKF,0,10,0.067746475
HLA-A*24:02,EQIWNNLTW,0,9,0.027307423
HLA-A*24:02,ERYLKDQKFL,0,10,0.021305522
HLA-A*24:02,ERYLKDQQFL,0,10,0.025244404
HLA-A*24:02,ERYLKDQQLL,0,10,0.01592357
HLA-A*24:02,ERYLKDQRFL,0,10,0.022246307
HLA-A*24:02,ERYLRDQQLL,0,10,0.015648827
HLA-A*24:02,ESYLKHQQF,0,9,0.022131518
HLA-A*24:02,ESYLKHQQFL,0,10,0.021380883
HLA-A*24:02,EYGENILHI,0,9,0.22697522
HLA-A*24:02,EYGENILHIY,0,10,0.05783525
HLA-A*24:02,EYSSEYRLI,0,9,0.11317389
HLA-A*24:02,FFKKEILDW,0,9,0.10908886
HLA-A*24:02,FFLDRVLNI,0,9,0.21245156
HLA-A*24:02,FFYCNTSGLF,0,10,0.063321635
HLA-A*24:02,FFYCNTSKL,0,9,0.021768248
HLA-A*24:02,FFYCNTSKLF,0,10,0.09578866
HLA-A*24:02,FFYCNTSQL,0,9,0.015304991
HLA-A*24:02,FFYCNTSQLF,0,10,0.0743021
HLA-A*24:02,FFYCNTSTL,0,9,0.019094493
HLA-A*24:02,FFYCNTSTLF,0,10,0.074942544
HLA-A*24:02,FFYCNTTKL,0,9,0.02752932
HLA-A*24:02,FFYCNTTKLF,0,10,0.083901756
HLA-A*24:02,FLSRWPNLF,0,9,0.10686778
HLA-A*24:02,FMYYAKRMLF,0,10,0.07682664
HLA-A*24:02,FNFPQITLW,0,9,0.030382257
HLA-A*24:02,FNPEVIPMF,0,9,0.051159304
HLA-A*24:02,FSPEVIPMF,0,9,0.054041065
HLA-A*24:02,FYCGIIHGI,0,9,0.25555274
HLA-A*24:02,FYCNTSGLF,0,9,0.18339466
HLA-A*24:02,FYCNTSKLF,0,9,0.19475487
HLA-A*24:02,FYCNTSQLF,0,9,0.18812011
HLA-A*24:02,FYCNTSQLFN,0,10,0.04107624
HLA-A*24:02,FYCNTSTLF,0,9,0.18973729
HLA-A*24:02,FYCNTTKLF,0,9,0.19119895
HLA-A*24:02,FYIDAEDSY,0,9,0.027023558
HLA-A*24:02,FYKLDIEQV,0,9,0.10259414
HLA-A*24:02,FYKLDIVPL,0,9,0.34118915
HLA-A*24:02,FYKLDIVQI,0,9,0.25428462
HLA-A*24:02,FYKLDIVQM,0,9,0.2224836
HLA-A*24:02,FYKLDLVPI,0,9,0.23440517
HLA-A*24:02,FYKLDLVQM,0,9,0.20910397
HLA-A*24:02,FYKLDLVSL,0,9,0.3414944
HLA-A*24:02,FYMIVIGVI,0,9,0.22400035
HLA-A*24:02,FYRLDIVPL,0,9,0.3082692
HLA-A*24:02,FYRLDIVPM,0,9,0.18266161
HLA-A*24:02,FYRLDVVQI,0,9,0.20013627
HLA-A*24:02,FYTLDIVPM,0,9,0.11286151
HLA-A*24:02,GFFKGPKRI,0,9,0.03960687
HLA-A*24:02,GFNPEVIPMF,0,10,0.1557034
HLA-A*24:02,GFSPEVIPMF,0,10,0.08651142
HLA-A*24:02,GWEALKYWW,0,9,0.046919648
HLA-A*24:02,GWEGLKYLW,0,9,0.061486714
HLA-A*24:02,GWKGSPAIF,0,9,0.21768448
HLA-A*24:02,GYELHPDRW,0,9,0.098131485
HLA-A*24:02,GYSPLSFQTL,0,10,0.23663108
HLA-A*24:02,GYSPLSLQI,0,9,0.046761252
HLA-A*24:02,GYSPLSLQTL,0,10,0.16278508
HLA-A*24:02,GYSPLSPQTL,0,10,0.18706633
HLA-A*24:02,HFENKTIKF,0,9,0.10383498
HLA-A*24:02,HFGNNTIIRF,0,10,0.13943882
HLA-A*24:02,HFHNKTIKF,0,9,0.18259957
HLA-A*24:02,HFKNKTIIF,0,9,0.16115665
HLA-A*24:02,HFKNKTIVF,0,9,0.20325653
HLA-A*24:02,HFNCGGEFF,0,9,0.24581213
HLA-A*24:02,HFNCRGEFF,0,9,0.36921358
HLA-A*24:02,HFNKTKTIKF,0,10,0.11637038
HLA-A*24:02,HFNNRTIIF,0,9,0.16652372
HLA-A*24:02,HFPNKTIHF,0,9,0.10928923
HLA-A*24:02,HFPNKTIKF,0,9,0.102552176
HLA-A*24:02,HFPNKTIRF,0,9,0.07639638
HLA-A*24:02,HFPNNTINF,0,9,0.1013584
HLA-A*24:02,HFQNKTIRF,0,9,0.13865325
HLA-A*24:02,HFQNTTIQF,0,9,0.097725525
HLA-A*24:02,HFRNKTIKF,0,9,0.2563713
HLA-A*24:02,HFTNKAIKF,0,9,0.24549542
HLA-A*24:02,HLNRTKIEF,0,9,0.028007403
HLA-A*24:02,HLTEVHNVW,0,9,0.08765871
HLA-A*24:02,HMKNVTENF,0,9,0.20985496
HLA-A*24:02,HQKEPPFLW,0,9,0.06682666
HLA-A*24:02,HQPISPRTL,0,9,0.02845241
HLA-A*24:02,HQPITPRTL,0,9,0.0329344
HLA-A*24:02,HQPLSPRTL,0,9,0.035127755
HLA-A*24:02,HQPVSPRTL,0,9,0.041361514
HLA-A*24:02,HVPEAHNVW,0,9,0.03379204
HLA-A*24:02,HVPEVHNVW,0,9,0.05523867
HLA-A*24:02,HWEETLYKV,0,9,0.011932793
HLA-A*24:02,HWTTYMDTF,0,9,0.15525724
HLA-A*24:02,HWTTYMDTFF,0,10,0.13729441
HLA-A*24:02,HYCAPAGFAI,0,10,0.08325507
HLA-A*24:02,HYCAPAGYAI,0,10,0.06333176
HLA-A*24:02,HYCTPAGFAI,0,10,0.09911917
HLA-A*24:02,HYCTPAGFTI,0,10,0.1915005
HLA-A*24:02,HYCTPAGYAI,0,10,0.07610512
HLA-A*24:02,HYFNCRGEF,0,9,0.31911802
HLA-A*24:02,HYFNCRGEFF,0,10,0.5026719
HLA-A*24:02,HYMLKHLVW,0,9,0.45333222
HLA-A*24:02,IFKCNNKTF,0,9,0.26469982
HLA-A*24:02,IFLENVTENF,0,10,0.1312062
HLA-A*24:02,IFQSSMTKI,0,9,0.07097284
HLA-A*24:02,IHIEEVIGQF,0,10,0.03842298
HLA-A*24:02,IHLENVTEEF,0,10,0.028717449
HLA-A*24:02,IHLENVTENF,0,10,0.02927151
HLA-A*24:02,IHMKNVTENF,0,10,0.048336174
HLA-A*24:02,IHTDNGSNF,0,9,0.07241953
HLA-A*24:02,ILDWSIYLF,0,9,0.06650819
HLA-A*24:02,ILHSDYKSF,0,9,0.040061437
HLA-A*24:02,IMCNASNLW,0,9,0.03612983
HLA-A*24:02,IQKNWPSLW,0,9,0.1682642
HLA-A*24:02,IQMNWPNLW,0,9,0.19408546
HLA-A*24:02,IQMSWPNLW,0,9,0.16464865
HLA-A*24:02,IQMSWPSLW,0,9,0.12195258
HLA-A*24:02,IQRETWETW,0,9,0.12042331
HLA-A*24:02,IQRNWPNLW,0,9,0.18497698
HLA-A*24:02,IQRNWPTLW,0,9,0.14724752
HLA-A*24:02,IRIGPGQTF,0,9,0.10463165
HLA-A*24:02,ISFDPIPIHY,0,10,0.009333794
HLA-A*24:02,ISILINHRF,0,9,0.046249364
HLA-A*24:02,ITPRTLNAW,0,9,0.052524883
HLA-A*24:02,IWDDIRSLCL,0,10,0.040825676
HLA-A*24:02,IWDDLRSLF,0,9,0.13696896
HLA-A*24:02,IWDDLRSLFL,0,10,0.10610466
HLA-A*24:02,IWDNMTWIEW,0,10,0.05583308
HLA-A*24:02,IWDNMTWIQW,0,10,0.053195413
HLA-A*24:02,IWDNMTWLQW,0,10,0.057878558
HLA-A*24:02,IWDNMTWVQW,0,10,0.06546566
HLA-A*24:02,IWENMTWIKW,0,10,0.063922316
HLA-A*24:02,IWENMTWMQW,0,10,0.049160693
HLA-A*24:02,IWGILITGL,0,9,0.10378321
HLA-A*24:02,IWGKTPKFRL,0,10,0.054919787
HLA-A*24:02,IWGNMTWIEW,0,10,0.10957926
HLA-A*24:02,IWGNMTWMQW,0,10,0.123233564
HLA-A*24:02,IWGNMTWTQW,0,10,0.1401203
HLA-A*24:02,IWKGPAKLL,0,9,0.13931452
HLA-A*24:02,IWKGPAKLLW,0,10,0.18765356
HLA-A*24:02,IWNNLTWMEW,0,10,0.12649602
HLA-A*24:02,IWNNMTWAQW,0,10,0.11862172
HLA-A*24:02,IWNNMTWIEW,0,10,0.13800476
HLA-A*24:02,IWNNMTWIQW,0,10,0.15731876
HLA-A*24:02,IWNNMTWTQW,0,10,0.15782633
HLA-A*24:02,IWNNMTWVQW,0,10,0.17646489
HLA-A*24:02,IWQVDCTHL,0,9,0.09074168
HLA-A*24:02,IYAGIKVKQL,0,10,0.2217577
HLA-A*24:02,IYDAVSYNAY,0,10,0.03241231
HLA-A*24:02,IYKRWIILGL,0,10,0.31319
HLA-A*24:02,IYLENVTENF,0,10,0.33801576
HLA-A*24:02,IYNPPISGV,0,9,0.11260303
HLA-A*24:02,IYNPPISGVI,0,10,0.15204266
HLA-A*24:02,IYQEPFKNL,0,9,0.34976846
HLA-A*24:02,IYQYMDDLY,0,9,0.06216955
HLA-A*24:02,KAYDPEVHNV,0,10,0.009672527
HLA-A*24:02,KDHPPPLVSL,0,10,0.019116957
HLA-A*24:02,KEFKTLYNLF,0,10,0.039899144
HLA-A*24:02,KEHFNKTIKF,0,10,0.0149911735
HLA-A*24:02,KEHFNRTITF,0,10,0.019881597
HLA-A*24:02,KEHPPPLISL,0,10,0.015926791
HLA-A*24:02,KFYALFYRL,0,9,0.15078099
HLA-A*24:02,KHDIDNAELF,0,10,0.018951312
HLA-A*24:02,KHQKEPPFLW,0,10,0.13701135
HLA-A*24:02,KHQQFLGLW,0,9,0.056018077
HLA-A*24:02,KHYMLKHLVW,0,10,0.10517899
HLA-A*24:02,KIKQIVNLW,0,9,0.14558284
HLA-A*24:02,KKYHMKHLVW,0,10,0.06456891
HLA-A*24:02,KKYKLKHLVW,0,10,0.08387059
HLA-A*24:02,KKYKMKHLLW,0,10,0.06799571
HLA-A*24:02,KKYNMKHLVW,0,10,0.10219141
HLA-A*24:02,KLFTNSTEGF,0,10,0.042374264
HLA-A*24:02,KLYLESDTEL,0,10,0.010952284
HLA-A*24:02,KMQKVYALF,0,9,0.25116542
HLA-A*24:02,KNWPSLWTW,0,9,0.10970933
HLA-A*24:02,KQACPKISF,0,9,0.035143822
HLA-A*24:02,KQITKLQNF,0,9,0.13437752
HLA-A*24:02,KQQKVHALF,0,9,0.12577932
HLA-A*24:02,KQQKVSALF,0,9,0.063372694
HLA-A*24:02,KQQRVQALF,0,9,0.056958262
HLA-A*24:02,KRQQVYALF,0,9,0.08538733
HLA-A*24:02,KSYDEIWNNM,0,10,0.023302373
HLA-A*24:02,KSYEDIWNNM,0,10,0.011495448
HLA-A*24:02,KSYEEIWNNM,0,10,0.010903877
HLA-A*24:02,KTYKEIWDNM,0,10,0.03472489
HLA-A*24:02,KTYMSNSTF,0,9,0.031190364
HLA-A*24:02,KVHALFYTL,0,9,0.05827709
HLA-A*24:02,KVKETQMNW,0,9,0.044022534
HLA-A*24:02,KVSALFYKL,0,9,0.06285759
HLA-A*24:02,KVSALFYRL,0,9,0.06232365
HLA-A*24:02,KVYALFYKL,0,9,0.07021792
HLA-A*24:02,KVYALFYRL,0,9,0.06578327
HLA-A*24:02,KVYSLFYRL,0,9,0.07087909
HLA-A*24:02,KWASLWNWF,0,9,0.16194132
HLA-A*24:02,KWASLWTWF,0,9,0.18260257
HLA-A*24:02,KWDETLKRV,0,9,0.0121822525
HLA-A*24:02,KWGILILGL,0,9,0.110750176
HLA-A*24:02,KWGTLIIGL,0,9,0.09353436
HLA-A*24:02,KWGTLILGL,0,9,0.08327
HLA-A*24:02,KWLWYIKIF,0,9,0.34100795
HLA-A*24:02,KWNETLIKV,0,9,0.047327675
HLA-A*24:02,KWNETLRKV,0,9,0.053170227
HLA-A*24:02,KWNETLRQV,0,9,0.031354148
HLA-A*24:02,KWNETLSRV,0,9,0.019559355
HLA-A*24:02,KWNKTLRQV,0,9,0.036145475
HLA-A*24:02,KWRKVLQQV,0,9,0.041018344
HLA-A*24:02,KWSCFPNEI,0,9,0.1016113
HLA-A*24:02,KWSKVLQQV,0,9,0.026482118
HLA-A*24:02,KWTNLWSWF,0,9,0.23686002
HLA-A*24:02,KWTSLWNWF,0,9,0.25239128
HLA-A*24:02,KWTSLWSWF,0,9,0.19803657
HLA-A*24:02,KYDFVKLLI,0,9,0.097096786
HLA-A*24:02,KYEKVDKTI,0,9,0.0896009
HLA-A*24:02,KYHMKHLVW,0,9,0.495676
HLA-A*24:02,KYKIVEIEPL,0,10,0.28547028
HLA-A*24:02,KYKLKHLVW,0,9,0.59570724
HLA-A*24:02,KYKMKHLLW,0,9,0.5055337
HLA-A*24:02,KYKVIEIEPL,0,10,0.20636585
HLA-A*24:02,KYKVVEIKPL,0,10,0.12232123
HLA-A*24:02,KYKVVEIKSL,0,10,0.20158418
HLA-A*24:02,KYKVVEINPL,0,10,0.23976077
HLA-A*24:02,KYKVVEVKPL,0,10,0.15006134
HLA-A*24:02,KYKVVQIEPL,0,10,0.25517598
HLA-A*24:02,KYLGGLVQY,0,9,0.25235054
HLA-A*24:02,KYLGGLVQYW,0,10,0.6212943
HLA-A*24:02,KYLGNILIY,0,9,0.1425715
HLA-A*24:02,KYLGNILIYW,0,10,0.6860142
HLA-A*24:02,KYLGNLLAY,0,9,0.078068145
HLA-A*24:02,KYLGNLLAYW,0,10,0.5600034
HLA-A*24:02,KYLGNLLIY,0,9,0.14213441
HLA-A*24:02,KYLGNLLIYW,0,10,0.6532506
HLA-A*24:02,KYLGNLLLY,0,9,0.24211039
HLA-A*24:02,KYLGNLLLYW,0,10,0.5773188
HLA-A*24:02,KYLGNLLVY,0,9,0.16647317
HLA-A*24:02,KYLGNLLVYW,0,10,0.64791375
HLA-A*24:02,KYLGSLVQY,0,9,0.22923234
HLA-A*24:02,KYLGSLVQYW,0,10,0.59786886
HLA-A*24:02,KYLWNLLLY,0,9,0.22973986
HLA-A*24:02,KYLWNLLLYW,0,10,0.2671271
HLA-A*24:02,KYNMKHLVW,0,9,0.62321573
HLA-A*24:02,KYPLVSLKSL,0,10,0.2500586
HLA-A*24:02,KYRIKHLVW,0,9,0.57777965
HLA-A*24:02,KYRLKHLVW,0,9,0.52232784
HLA-A*24:02,KYRMKHLVW,0,9,0.4825571
HLA-A*24:02,KYRYGTFLY,0,9,0.1677154
HLA-A*24:02,KYTAFTIPSI,0,10,0.1591737
HLA-A*24:02,KYWWNLLQY,0,9,0.0663008
HLA-A*24:02,KYWWNLLQYW,0,10,0.22985676
HLA-A*24:02,LEYGENILHI,0,10,0.02577414
HLA-A*24:02,LFIDSYLQKL,0,10,0.0817514
HLA-A*24:02,LFLFSYHRL,0,9,0.11646708
HLA-A*24:02,LFLHYITRL,0,9,0.15377484
HLA-A*24:02,LFNAVAVLW,0,9,0.250833
HLA-A*24:02,LFNSSSNGTW,0,10,0.057176534
HLA-A*24:02,LFNTIAVLW,0,9,0.1891514
HLA-A*24:02,LFNTIVTLW,0,9,0.20010969
HLA-A*24:02,LFNTLAVLW,0,9,0.18098935
HLA-A*24:02,LFNTVITLW,0,9,0.26119462
HLA-A*24:02,LFNTVVVLW,0,9,0.25863674
HLA-A*24:02,LFPNKTIKF,0,9,0.12618528
HLA-A*24:02,LFTNSTEGF,0,9,0.11196394
HLA-A*24:02,LFWDDLRNL,0,9,0.07380693
HLA-A*24:02,LIWDDLRSLF,0,10,0.048726596
HLA-A*24:02,LLTDKKQKF,0,9,0.04441485
HLA-A*24:02,LWASRELERF,0,10,0.078543544
HLA-A*24:02,LWKWGILIL,0,9,0.11568525
HLA-A*24:02,LWKWGTLII,0,9,0.090370335
HLA-A*24:02,LWKWGTLIL,0,9,0.08675362
HLA-A*24:02,LWQRPLVTV,0,9,0.03841302
HLA-A*24:02,LWYIKIFII,0,9,0.12404438
HLA-A*24:02,LYKYKIVEI,0,9,0.44187328
HLA-A*24:02,LYKYKVIEI,0,9,0.3857432
HLA-A*24:02,LYKYKVVEI,0,9,0.39532185
HLA-A*24:02,LYKYKVVEV,0,9,0.2100954
HLA-A*24:02,LYKYKVVKI,0,9,0.42780894
HLA-A*24:02,LYKYKVVQI,0,9,0.4037401
HLA-A*24:02,LYLESDTEL,0,9,0.12336891
HLA-A*24:02,LYNAVVTLW,0,9,0.50944847
HLA-A*24:02,LYNAVVVLW,0,9,0.5256773
HLA-A*24:02,LYNLFIDSY,0,9,0.083868824
HLA-A*24:02,LYNTIATLY,0,9,0.083361045
HLA-A*24:02,LYNTITTLW,0,9,0.40821105
HLA-A*24:02,LYNTIVTLW,0,9,0.51902425
HLA-A*24:02,LYNTVAVLY,0,9,0.12105792
HLA-A*24:02,LYNTVVTLW,0,9,0.5029426
HLA-A*24:02,LYPLASLRSL,0,10,0.15311393
HLA-A*24:02,LYPMASLKSL,0,10,0.17272578
HLA-A*24:02,LYVGSDLEI,0,9,0.06020495
HLA-A*24:02,LYWGQELKI,0,9,0.096001424
HLA-A*24:02,LYWSRELKV,0,9,0.040736232
HLA-A*24:02,LYYQGSCYI,0,9,0.07449762
HLA-A*24:02,LYYQGSCYIL,0,10,0.1413837
HLA-A*24:02,MGYELHPDRW,0,10,0.018791286
HLA-A*24:02,MHEDVISLW,0,9,0.045021925
HLA-A*24:02,MHTDIISLW,0,9,0.08661841
HLA-A*24:02,MNWPNLWKW,0,9,0.05940085
HLA-A*24:02,MNWPNLWNW,0,9,0.072268486
HLA-A*24:02,MNWPNLWRW,0,9,0.05139032
HLA-A*24:02,MNWPSLWKW,0,9,0.06912449
HLA-A*24:02,MQEDIISLW,0,9,0.025420664
HLA-A*24:02,MQEDVINLW,0,9,0.02904595
HLA-A*24:02,MQEDVISLW,0,9,0.022527771
HLA-A*24:02,MRYGRHPSF,0,9,0.049195606
HLA-A*24:02,MSWPNLWTW,0,9,0.061291277
HLA-A*24:02,MSWPNYRTW,0,9,0.036516793
HLA-A*24:02,MSWPSLWTW,0,9,0.056723803
HLA-A*24:02,MTIGPGHVF,0,9,0.06208498
HLA-A*24:02,MWQAVGQAI,0,9,0.017489715
HLA-A*24:02,MWQEVGQAM,0,9,0.010235091
HLA-A*24:02,MWQEVGRAM,0,9,0.0146239055
HLA-A*24:02,MWQGVGQAM,0,9,0.010147251
HLA-A*24:02,MWQKVGQAM,0,9,0.015523581
HLA-A*24:02,MWQRIGQAM,0,9,0.015784943
HLA-A*24:02,MWQRVGQAM,0,9,0.016973294
HLA-A*24:02,MYAPPIAGNI,0,10,0.07133911
HLA-A*24:02,MYAPPIKGI,0,9,0.15218054
HLA-A*24:02,MYAPPIKGII,0,10,0.04106805
HLA-A*24:02,MYAPPIKGNI,0,10,0.073074885
HLA-A*24:02,MYAPPIQGV,0,9,0.055620603
HLA-A*24:02,MYAPPIQGVI,0,10,0.05469311
HLA-A*24:02,MYAPPIRGI,0,9,0.12338126
HLA-A*24:02,MYAPPIRGII,0,10,0.052541096
HLA-A*24:02,MYAPPISGAI,0,10,0.039414547
HLA-A*24:02,MYAPPISGI,0,9,0.121251054
HLA-A*24:02,MYAPPISGII,0,10,0.046989467
HLA-A*24:02,MYAPPISGKI,0,10,0.053186826
HLA-A*24:02,MYAPPISGM,0,9,0.10451467
HLA-A*24:02,MYAPPISGMI,0,10,0.045468006
HLA-A*24:02,MYAPPISGRI,0,10,0.037813097
HLA-A*24:02,MYAPPISGSI,0,10,0.04221447
HLA-A*24:02,MYCPVSILDI,0,10,0.1037751
HLA-A*24:02,MYSPISILDI,0,10,0.096122585
HLA-A*24:02,MYSPTCILDI,0,10,0.11835452
HLA-A*24:02,MYSPTSILDI,0,10,0.08463027
HLA-A*24:02,MYSPVGILDI,0,10,0.11463
HLA-A*24:02,MYSPVSILDI,0,10,0.106780075
HLA-A*24:02,MYYAKRMLF,0,9,0.3460627
HLA-A*24:02,MYYAKRMLFT,0,10,0.11840908
HLA-A*24:02,NAYNTLVYLL,0,10,0.027723236
HLA-A*24:02,NFLREIMAF,0,9,0.15736116
HLA-A*24:02,NTPPLVKLW,0,9,0.069423445
HLA-A*24:02,NVIENFNMW,0,9,0.07250539
HLA-A*24:02,NWFDISNWL,0,9,0.037019797
HLA-A*24:02,NWFDISNWLW,0,10,0.16178729
HLA-A*24:02,NWFDITNWL,0,9,0.031864464
HLA-A*24:02,NWFDITNWLW,0,10,0.15271497
HLA-A*24:02,NWFDITRWL,0,9,0.03855751
HLA-A*24:02,NWFDITRWLW,0,10,0.2306085
HLA-A*24:02,NWFEISKWLW,0,10,0.1282791
HLA-A*24:02,NWFKALTQV,0,9,0.02075997
HLA-A*24:02,NWFNITNWL,0,9,0.04136271
HLA-A*24:02,NWFNITNWLW,0,10,0.15157141
HLA-A*24:02,NWFSITNWL,0,9,0.03427451
HLA-A*24:02,NWFSITNWLW,0,10,0.10753768
HLA-A*24:02,NWKETLQNV,0,9,0.024631921
HLA-A*24:02,NWKNLWNWF,0,9,0.28813964
HLA-A*24:02,NWLRYIQIF,0,9,0.24883416
HLA-A*24:02,NWLWYIKIF,0,9,0.27450195
HLA-A*24:02,NWLWYIQIF,0,9,0.27838784
HLA-A*24:02,NWLWYIRIF,0,9,0.2777824
HLA-A*24:02,NWMTETLLV,0,9,0.022851542
HLA-A*24:02,NWRAMANEF,0,9,0.27542862
HLA-A*24:02,NYCTPAGYAL,0,10,0.18502481
HLA-A*24:02,NYRTWGTLI,0,9,0.3603296
HLA-A*24:02,NYSETIYRL,0,9,0.33252048
HLA-A*24:02,NYSETIYRLL,0,10,0.1876423
HLA-A*24:02,NYTDQIYDL,0,9,0.38799068
HLA-A*24:02,NYTDQIYDLI,0,10,0.13515064
HLA-A*24:02,NYTDTIYRL,0,9,0.44954085
HLA-A*24:02,NYTDTIYRLL,0,10,0.27210948
HLA-A*24:02,NYTDTIYYL,0,9,0.57595986
HLA-A*24:02,NYTDTIYYLL,0,10,0.3142456
HLA-A*24:02,NYTDVIYGL,0,9,0.5101748
HLA-A*24:02,NYTDVIYGLL,0,10,0.2548109
HLA-A*24:02,NYTENELNY,0,9,0.017360125
HLA-A*24:02,NYTEQIYEL,0,9,0.39517292
HLA-A*24:02,NYTEQIYELL,0,10,0.21983919
HLA-A*24:02,NYTGIIYDL,0,9,0.45538706
HLA-A*24:02,NYTGIIYDLL,0,10,0.25533333
HLA-A*24:02,NYTNKIYDL,0,9,0.48019475
HLA-A*24:02,NYTNKIYDLL,0,10,0.25261405
HLA-A*24:02,NYTNQIYDI,0,9,0.29194084
HLA-A*24:02,NYTNQIYDIL,0,10,0.23715816
HLA-A*24:02,NYTNQIYDL,0,9,0.43438053
HLA-A*24:02,NYTNQIYDLL,0,10,0.21452104
HLA-A*24:02,NYTNQIYEI,0,9,0.3679747
HLA-A*24:02,NYTNQIYEIL,0,10,0.28238577
HLA-A*24:02,NYTNQIYEL,0,9,0.50452304
HLA-A*24:02,NYTNQIYELL,0,10,0.2691625
HLA-A*24:02,NYTNQIYGI,0,9,0.33881262
HLA-A*24:02,NYTNQIYGIL,0,10,0.22323921
HLA-A*24:02,NYTNTIYEL,0,9,0.49388403
HLA-A*24:02,NYTNTIYELL,0,10,0.27291092
HLA-A*24:02,NYTQIIYGL,0,9,0.43161234
HLA-A*24:02,NYTQIIYGLL,0,10,0.15465958
HLA-A*24:02,NYTSQIYDI,0,9,0.24012052
HLA-A*24:02,NYTSQIYDIL,0,10,0.19486235
HLA-A*24:02,PFLWMGYEL,0,9,0.27753577
HLA-A*24:02,PFRDYVDRF,0,9,0.19509092
HLA-A*24:02,PLASLRSLF,0,9,0.05611145
HLA-A*24:02,PLISLKSLF,0,9,0.062843576
HLA-A*24:02,PMASLKSLF,0,9,0.041284084
HLA-A*24:02,PMGNVTENF,0,9,0.07939794
HLA-A*24:02,PMKNVTENF,0,9,0.19661815
HLA-A*24:02,PSAPPAESF,0,9,0.0075223036
HLA-A*24:02,PTAPPAESF,0,9,0.014825777
HLA-A*24:02,PVWKDATTTL,0,10,0.017166054
HLA-A*24:02,PVWKEATTTL,0,10,0.019491319
HLA-A*24:02,PYNPQSQGV,0,9,0.07277381
HLA-A*24:02,PYNTPVFAI,0,9,0.2696132
HLA-A*24:02,PYYDPWFLV,0,9,0.16514382
HLA-A*24:02,QGWKGSPAIF,0,10,0.031245021
HLA-A*24:02,QGYSPLSLQI,0,10,0.0070925136
HLA-A*24:02,QHLLKLTVW,0,9,0.14358531
HLA-A*24:02,QHLLQLTVW,0,9,0.12307836
HLA-A*24:02,QHMLQLTVW,0,9,0.10111872
HLA-A*24:02,QIYQEPFKNL,0,10,0.018735526
HLA-A*24:02,QMAVFIHNF,0,9,0.14614691
HLA-A*24:02,QMNWPNLWKW,0,10,0.042974617
HLA-A*24:02,QMSWPNLWTW,0,10,0.05595348
HLA-A*24:02,QMSWPNYRTW,0,10,0.025579061
HLA-A*24:02,QMSWPSLWTW,0,10,0.051811334
HLA-A*24:02,QQMLQLTVW,0,9,0.04464476
HLA-A*24:02,QVAGTGVQF,0,9,0.018153789
HLA-A*24:02,QWASLWSWF,0,9,0.07513674
HLA-A*24:02,QWLWYIKIF,0,9,0.20237803
HLA-A*24:02,QWPLTEEKI,0,9,0.042920697
HLA-A*24:02,QYDQIPIEI,0,9,0.047179442
HLA-A*24:02,QYKWYILKCF,0,10,0.21021616
HLA-A*24:02,QYNVLPQGW,0,9,0.44045487
HLA-A*24:02,QYRLKHLVW,0,9,0.36240712
HLA-A*24:02,RAPEAQQHL,0,9,0.035406664
HLA-A*24:02,RCYIKNKTVF,0,10,0.05624008
HLA-A*24:02,RFALNPGFL,0,9,0.13827668
HLA-A*24:02,RFALNPGLL,0,9,0.10764126
HLA-A*24:02,RFAVNPGLL,0,9,0.12253011
HLA-A*24:02,RFVSGFLAL,0,9,0.10035468
HLA-A*24:02,RGWEGLKYLW,0,10,0.08560447
HLA-A*24:02,RIGPGQTFF,0,9,0.05323979
HLA-A*24:02,RIKQIVNLW,0,9,0.1950271
HLA-A*24:02,RLPIQRETW,0,9,0.28344217
HLA-A*24:02,RLPYYDPWF,0,9,0.19207953
HLA-A*24:02,RLVSGFLALF,0,10,0.08223341
HLA-A*24:02,RMTIGPGHVF,0,10,0.19316575
HLA-A*24:02,RNWPNLWKW,0,9,0.12501481
HLA-A*24:02,RNWPNLWRW,0,9,0.11203869
HLA-A*24:02,RNWPTLWKW,0,9,0.13200699
HLA-A*24:02,RQANFLGKF,0,9,0.04476889
HLA-A*24:02,RQGYSPLSF,0,9,0.037101477
HLA-A*24:02,RQYDQIPIEI,0,10,0.021038163
HLA-A*24:02,RSWPNLWKW,0,9,0.1364492
HLA-A*24:02,RSYDEIWENM,0,10,0.026839588
HLA-A*24:02,RVIEVTQRTW,0,10,0.046636146
HLA-A*24:02,RVKETQMNW,0,9,0.05455467
HLA-A*24:02,RVKETQTNW,0,9,0.06674678
HLA-A*24:02,RVKGIQMSW,0,9,0.05183134
HLA-A*24:02,RVMGIQRNW,0,9,0.08549457
HLA-A*24:02,RVQALFYKL,0,9,0.091078565
HLA-A*24:02,RVYYKTGEII,0,10,0.021773385
HLA-A*24:02,RWGILIIGL,0,9,0.16853558
HLA-A*24:02,RWGTLIIGL,0,9,0.11273768
HLA-A*24:02,RWGTLILGL,0,9,0.09853386
HLA-A*24:02,RWLWYIKIF,0,9,0.38357806
HLA-A*24:02,RWNNLWSWF,0,9,0.23141107
HLA-A*24:02,RWPNLFHIL,0,9,0.15212871
HLA-A*24:02,RWTVQPIEL,0,9,0.18723686
HLA-A*24:02,RYGRHPSFV,0,9,0.14502747
HLA-A*24:02,RYHSNWRAM,0,9,0.1968027
HLA-A*24:02,RYIQIFIMI,0,9,0.44728035
HLA-A*24:02,RYLKDQKFL,0,9,0.49654955
HLA-A*24:02,RYLKDQQFL,0,9,0.6010288
HLA-A*24:02,RYLKDQQLL,0,9,0.52419573
HLA-A*24:02,RYLKDQRFL,0,9,0.5135496
HLA-A*24:02,RYLRDQQLL,0,9,0.39423284
HLA-A*24:02,RYRQRLISL,0,9,0.3159774
HLA-A*24:02,RYRQRLISLL,0,10,0.24060468
HLA-A*24:02,SAPPEESFRF,0,10,0.024407793
HLA-A*24:02,SAPPGQHML,0,9,0.041274466
HLA-A*24:02,SFDPIPIHY,0,9,0.015784232
HLA-A*24:02,SFDPIPINY,0,9,0.012476772
HLA-A*24:02,SFEEIWNNM,0,9,0.02104244
HLA-A*24:02,SFEPIPIHY,0,9,0.0112094
HLA-A*24:02,SFGPGQTFY,0,9,0.009747548
HLA-A*24:02,SFIEVISLL,0,9,0.14125617
HLA-A*24:02,SFNCGGEFF,0,9,0.24377702
HLA-A*24:02,SFNCRGEFF,0,9,0.31939214
HLA-A*24:02,SFNFPQITL,0,9,0.051319588
HLA-A*24:02,SFNFPQITLW,0,10,0.067782216
HLA-A*24:02,SFNVTTELI,0,9,0.042077713
HLA-A*24:02,SFTLMVESF,0,9,0.14368796
HLA-A*24:02,SIGPGQVLF,0,9,0.02865943
HLA-A*24:02,SLDNVTENF,0,9,0.030005155
HLA-A*24:02,SLFNAVAVLW,0,10,0.036208805
HLA-A*24:02,SLFNTIAVLW,0,10,0.027314132
HLA-A*24:02,SLFNTIVTLW,0,10,0.025020478
HLA-A*24:02,SLFNTLAVLW,0,10,0.0250178
HLA-A*24:02,SLFNTVITLW,0,10,0.02719416
HLA-A*24:02,SLFNTVVVLW,0,10,0.04779389
HLA-A*24:02,SLIGLRIVF,0,9,0.07334792
HLA-A*24:02,SLVNVTENF,0,9,0.041565903
HLA-A*24:02,SLYNAVVTLW,0,10,0.038134456
HLA-A*24:02,SLYNAVVVLW,0,10,0.051290244
HLA-A*24:02,SLYNTITTLW,0,10,0.022940194
HLA-A*24:02,SLYNTIVTLW,0,10,0.031808037
HLA-A*24:02,SLYNTVVTLW,0,10,0.03609064
HLA-A*24:02,SMGPGQAFF,0,9,0.052297544
HLA-A*24:02,SMTKILEPF,0,9,0.041641016
HLA-A*24:02,SNWLRYIQIF,0,10,0.05633909
HLA-A*24:02,SNWLWYIQIF,0,10,0.025424276
HLA-A*24:02,SNYSETIYRL,0,10,0.018498395
HLA-A*24:02,SNYTDQIYDL,0,10,0.017403075
HLA-A*24:02,SNYTDTIYRL,0,10,0.019111533
HLA-A*24:02,SNYTDTIYYL,0,10,0.033184584
HLA-A*24:02,SNYTDVIYGL,0,10,0.017247846
HLA-A*24:02,SNYTEQIYEL,0,10,0.028263183
HLA-A*24:02,SNYTGIIYDL,0,10,0.024124978
HLA-A*24:02,SNYTNQIYEI,0,10,0.020281762
HLA-A*24:02,SNYTNQIYEL,0,10,0.024714997
HLA-A*24:02,SNYTNTIYEL,0,10,0.022442088
HLA-A*24:02,SNYTQIIYGL,0,10,0.023517398
HLA-A*24:02,SRWPNLFHIL,0,10,0.09443318
HLA-A*24:02,SSGKVSQNF,0,9,0.01619225
HLA-A*24:02,STNSTTETF,0,9,0.031093571
HLA-A*24:02,SVSFGPGQTF,0,10,0.034179233
HLA-A*24:02,SWFDISNWL,0,9,0.02681694
HLA-A*24:02,SWFDISNWLW,0,10,0.11993635
HLA-A*24:02,SWFDITNWL,0,9,0.02563827
HLA-A*24:02,SWFDITNWLW,0,10,0.1174391
HLA-A*24:02,SWFDITSWL,0,9,0.018827956
HLA-A*24:02,SWFDITSWLW,0,10,0.10240095
HLA-A*24:02,SWFNITNWL,0,9,0.025715811
HLA-A*24:02,SWFNITNWLW,0,10,0.10453038
HLA-A*24:02,SWFSISKWL,0,9,0.037864864
HLA-A*24:02,SWFSISKWLW,0,10,0.11669526
HLA-A*24:02,SWFSITNWL,0,9,0.022251679
HLA-A*24:02,SWFSITNWLW,0,10,0.0867812
HLA-A*24:02,SWKNLWSWF,0,9,0.15437658
HLA-A*24:02,SWLWYIRIF,0,9,0.19361891
HLA-A*24:02,SWMTETLLV,0,9,0.021340547
HLA-A*24:02,SWNSLWSWF,0,9,0.10187849
HLA-A*24:02,SWVPAHKGI,0,9,0.05052141
HLA-A*24:02,SYDEIWENM,0,9,0.060874403
HLA-A*24:02,SYDEIWNNM,0,9,0.07210667
HLA-A*24:02,SYEDIWNNM,0,9,0.12447444
HLA-A*24:02,SYEEIWDNM,0,9,0.057514627
HLA-A*24:02,SYEEIWGNM,0,9,0.061670084
HLA-A*24:02,SYEEIWNNM,0,9,0.08647908
HLA-A*24:02,SYHHLRDLI,0,9,0.103694215
HLA-A*24:02,SYHHLRDLIL,0,10,0.07254187
HLA-A*24:02,SYHRLIDLL,0,9,0.14298715
HLA-A*24:02,SYHRLIDLLL,0,10,0.052834455
HLA-A*24:02,SYHRLRDFI,0,9,0.1627609
HLA-A*24:02,SYHRLRDFIL,0,10,0.13017939
HLA-A*24:02,SYHRLRDFL,0,9,0.22426568
HLA-A*24:02,SYHRLRDFLL,0,10,0.13684171
HLA-A*24:02,SYHRLRDFSL,0,10,0.116420135
HLA-A*24:02,SYHRLRDFV,0,9,0.057721037
HLA-A*24:02,SYHRLRDFVL,0,10,0.16218507
HLA-A*24:02,SYHRLRDLL,0,9,0.15759759
HLA-A*24:02,SYHRLRDLLL,0,10,0.07385324
HLA-A*24:02,SYHRLRDSV,0,9,0.0373978
HLA-A*24:02,SYHRLSDLI,0,9,0.04341828
HLA-A*24:02,SYILDTVNI,0,9,0.16844007
HLA-A*24:02,SYILDTVNIY,0,10,0.02261129
HLA-A*24:02,SYLKHQQFL,0,9,0.4807383
HLA-A*24:02,SYNAYNTLV,0,9,0.060046263
HLA-A*24:02,SYNELIKIL,0,9,0.30414197
HLA-A*24:02,SYNELIKILL,0,10,0.24703343
HLA-A*24:02,SYRLLRDLSL,0,10,0.13746981
HLA-A*24:02,TAPPAESFRF,0,10,0.021347268
HLA-A*24:02,TFDPIPIHY,0,9,0.023573088
HLA-A*24:02,TFFRTSPMI,0,9,0.037380137
HLA-A*24:02,TFNSPFNENL,0,10,0.055311617
HLA-A*24:02,TFYATGEII,0,9,0.03893223
HLA-A*24:02,THYFNCRGEF,0,10,0.028430523
HLA-A*24:02,TNWPNLWKW,0,9,0.0798816
HLA-A*24:02,TQACPKVTF,0,9,0.032599952
HLA-A*24:02,TQMNWPNLW,0,9,0.14115225
HLA-A*24:02,TQMNWPSLW,0,9,0.097520106
HLA-A*24:02,TQRSWPNLW,0,9,0.09319266
HLA-A*24:02,TQTNWPNLW,0,9,0.10281368
HLA-A*24:02,TRMSWLNLW,0,9,0.16812357
HLA-A*24:02,TSIGPGQVF,0,9,0.030434621
HLA-A*24:02,TWAQWEREI,0,9,0.024108801
HLA-A*24:02,TWFDITQWL,0,9,0.033992678
HLA-A*24:02,TWFDITQWLW,0,10,0.13684927
HLA-A*24:02,TWGTLIIGL,0,9,0.076299414
HLA-A*24:02,TWGTLILGL,0,9,0.07546258
HLA-A*24:02,TWIEWEREI,0,9,0.066592544
HLA-A*24:02,TWIKWEREI,0,9,0.091789894
HLA-A*24:02,TWIPEWEFV,0,9,0.057612896
HLA-A*24:02,TWIQWEREI,0,9,0.058811326
HLA-A*24:02,TWLQWDKEI,0,9,0.059052356
HLA-A*24:02,TWMEWDKEI,0,9,0.06704509
HLA-A*24:02,TWMQWDKEI,0,9,0.043724753
HLA-A*24:02,TWMQWDREI,0,9,0.04960132
HLA-A*24:02,TWMQWEKEI,0,9,0.05120601
HLA-A*24:02,TWTQWEREI,0,9,0.035415996
HLA-A*24:02,TWVQWEREI,0,9,0.038349845
HLA-A*24:02,TYGNTPFIL,0,9,0.506468
HLA-A*24:02,TYGNTPFILL,0,10,0.3383766
HLA-A*24:02,TYKEIWDNM,0,9,0.17795207
HLA-A*24:02,TYMDTFFRT,0,9,0.21953739
HLA-A*24:02,TYMPNGTFTF,0,10,0.41053814
HLA-A*24:02,TYQIYQEPF,0,9,0.43708023
HLA-A*24:02,VAKKLQEHF,0,9,0.05353289
HLA-A*24:02,VANKLKEHF,0,9,0.07280668
HLA-A*24:02,VFCIKDINTL,0,10,0.24213433
HLA-A*24:02,VFYKTGDII,0,9,0.06777371
HLA-A*24:02,VFYKTGNII,0,9,0.10391142
HLA-A*24:02,VFYRTGDII,0,9,0.058453295
HLA-A*24:02,VFYRTGEII,0,9,0.0753383
HLA-A*24:02,VHQPITPRTL,0,10,0.10671397
HLA-A*24:02,VHWTTYMDTF,0,10,0.08790659
HLA-A*24:02,VIWGKTPKF,0,9,0.16119817
HLA-A*24:02,VLENVTENF,0,9,0.052230168
HLA-A*24:02,VNFLREIMAF,0,10,0.09424358
HLA-A*24:02,VQMAVFIHNF,0,10,0.18053445
HLA-A*24:02,VQSLHQYKW,0,9,0.087342046
HLA-A*24:02,VSFDPIPIHY,0,10,0.014236138
HLA-A*24:02,VSFGPGQTF,0,9,0.061042722
HLA-A*24:02,VSKKLAEHF,0,9,0.07064118
HLA-A*24:02,VSKKLVEHF,0,9,0.098562494
HLA-A*24:02,VSMGPGQAF,0,9,0.040859293
HLA-A*24:02,VSMGPGSAF,0,9,0.032235485
HLA-A*24:02,VTFDPIPIHY,0,10,0.02337397
HLA-A*24:02,VTGKLKEHF,0,9,0.095376484
HLA-A*24:02,VTKKLEEHF,0,9,0.07888979
HLA-A*24:02,VVQKLKEHF,0,9,0.08736368
HLA-A*24:02,VWASRELERF,0,10,0.22184046
HLA-A*24:02,VWKDADTTL,0,9,0.20959118
HLA-A*24:02,VWKDADTTLF,0,10,0.29662964
HLA-A*24:02,VWKDAETTL,0,9,0.23514916
HLA-A*24:02,VWKDAETTLF,0,10,0.2520183
HLA-A*24:02,VWKDATTTL,0,9,0.25622663
HLA-A*24:02,VWKDATTTLF,0,10,0.30638915
HLA-A*24:02,VWKEATTTL,0,9,0.18752357
HLA-A*24:02,VWKEATTTLF,0,10,0.2083173
HLA-A*24:02,VWRDADTTL,0,9,0.2002112
HLA-A*24:02,VWRDADTTLF,0,10,0.25932965
HLA-A*24:02,VWRDAKTTL,0,9,0.348126
HLA-A*24:02,VWRDAKTTLF,0,10,0.24067704
HLA-A*24:02,VWRDANTTL,0,9,0.22253512
HLA-A*24:02,VWRDANTTLF,0,10,0.25879797
HLA-A*24:02,VYALFYKLDL,0,10,0.14720562
HLA-A*24:02,VYGSCVRNI,0,9,0.3435968
HLA-A*24:02,VYGSHVRNI,0,9,0.35778472
HLA-A*24:02,VYGSHVRNII,0,10,0.20683733
HLA-A*24:02,VYLLNRNGDF,0,10,0.3753893
HLA-A*24:02,VYQLVNNDHL,0,10,0.27823934
HLA-A*24:02,VYWGQELKI,0,9,0.2285931
HLA-A*24:02,VYWGQELRI,0,9,0.21017183
HLA-A*24:02,VYYDPSKDL,0,9,0.076498844
HLA-A*24:02,VYYDPSKDLV,0,10,0.07812067
HLA-A*24:02,VYYKTGEII,0,9,0.21095583
HLA-A*24:02,VYYRPGDVV,0,9,0.09015823
HLA-A*24:02,WFDISNWLW,0,9,0.03388202
HLA-A*24:02,WFDITNWLW,0,9,0.037344653
HLA-A*24:02,WFDITQWLW,0,9,0.04460867
HLA-A*24:02,WFDITRWLW,0,9,0.07544414
HLA-A*24:02,WFDITSWLW,0,9,0.038845267
HLA-A*24:02,WFEISKWLW,0,9,0.083758965
HLA-A*24:02,WFNITNWLW,0,9,0.14668117
HLA-A*24:02,WFSISKWLW,0,9,0.1804812
HLA-A*24:02,WFSITNWLW,0,9,0.10981124
HLA-A*24:02,WQATWIPEW,0,9,0.031052614
HLA-A*24:02,WWANVRQEF,0,9,0.14434984
HLA-A*24:02,WWMDYWQATW,0,10,0.10874538
HLA-A*24:02,WYIKIFIII,0,9,0.17284797
HLA-A*24:02,WYIKIFIMI,0,9,0.16258489
HLA-A*24:02,WYIQIFIMI,0,9,0.14061774
HLA-A*24:02,WYIRIFIMI,0,9,0.13124055
HLA-A*24:02,YFIDAANTNI,0,10,0.07472662
HLA-A*24:02,YFIDVANTNI,0,10,0.09587705
HLA-A*24:02,YFNCRGEFF,0,9,0.34000582
HLA-A*24:02,YFSVPLDESF,0,10,0.08406253
HLA-A*24:02,YLENVTENF,0,9,0.038857788
HLA-A*24:02,YLGGLVQYW,0,9,0.07052009
HLA-A*24:02,YLGNILIYW,0,9,0.07469106
HLA-A*24:02,YLGNLLLYW,0,9,0.07638173
HLA-A*24:02,YLGNLLVYW,0,9,0.092452206
HLA-A*24:02,YLGSLVQYW,0,9,0.052006125
HLA-A*24:02,YMPNGTFTF,0,9,0.20853473
HLA-A*24:02,YQYNVLPQGW,0,10,0.027145518
HLA-A*24:02,YSPLSFQTL,0,9,0.028812524
HLA-A*24:02,YSPLSLQTL,0,9,0.032556333
HLA-A*24:02,YSPLSPQTL,0,9,0.02923235
HLA-A*24:02,YTDTIYYLL,0,9,0.033002783
HLA-A*24:02,YTNQIYELL,0,9,0.043900575
HLA-A*24:02,YWQATWIPEW,0,10,0.1991037
HLA-A*24:02,YWWNLLQYW,0,9,0.1086298
HLA-A*24:02,YYDPSKDLV,0,9,0.03534231
HLA-A*24:02,YYDPWFLVGV,0,10,0.061582644
HLA-A*24:02,YYQGSCYIL,0,9,0.3088196
HLA-A*24:02,YYRDSRDPI,0,9,0.2164159
HLA-A*24:02,YYRDSRDPIW,0,10,0.32798806
HLA-B*07:02,AAQGAGRAI,0,9,0.018994091
HLA-B*07:02,AARTVELLL,0,9,0.024351742
HLA-B*07:02,AFPQGKAGEL,0,10,0.0036020526
HLA-B*07:02,AISPTSRGL,0,9,0.014659198
HLA-B*07:02,APEAQQHLL,0,9,0.071117096
HLA-B*07:02,APGSPTNLEF,0,10,0.010290941
HLA-B*07:02,APPAESFGF,0,9,0.020237425
HLA-B*07:02,APPAESFRF,0,9,0.009043337
HLA-B*07:02,APPAESFRL,0,9,0.023063794
HLA-B*07:02,APPAPPEESF,0,10,0.029481143
HLA-B*07:02,APPEESFRF,0,9,0.0090245465
HLA-B*07:02,APPGQHMLL,0,9,0.057269715
HLA-B*07:02,APRQVAGTG,0,9,0.05711633
HLA-B*07:02,APRQVAGTGV,0,10,0.3927614
HLA-B*07:02,APSPKQEPI,0,9,0.08283293
HLA-B*07:02,APSSGGDLEI,0,10,0.005925218
HLA-B*07:02,APTEAKRRV,0,9,0.08355998
HLA-B*07:02,APTEAKRRVV,0,10,0.25848532
HLA-B*07:02,APTGAKRRV,0,9,0.076617725
HLA-B*07:02,APTGAKRRVV,0,10,0.23532756
HLA-B*07:02,APTKAKRRV,0,9,0.09870421
HLA-B*07:02,APTKAKRRVV,0,10,0.2082664
HLA-B*07:02,APTRAKRRV,0,9,0.04321361
HLA-B*07:02,APTRAKRRVV,0,10,0.1442374
HLA-B*07:02,APTRARRRV,0,9,0.06739876
HLA-B*07:02,APTRARRRVV,0,10,0.12678151
HLA-B*07:02,APTRCKRRV,0,9,0.024246367
HLA-B*07:02,APTRCKRRVV,0,10,0.08355046
HLA-B*07:02,AQRAGRAIL,0,9,0.21043508
HLA-B*07:02,ASPSQKQEPI,0,10,0.0054000923
HLA-B*07:02,ATPQDLNMML,0,10,0.0031979508
HLA-B*07:02,ATPQDLNTML,0,10,0.0015194512
HLA-B*07:02,ATPQDLNVML,0,10,0.0025011746
HLA-B*07:02,ATRILGKGL,0,9,0.028081322
HLA-B*07:02,DHRPPSVSL,0,9,0.13251512
HLA-B*07:02,DPIWKGPAKL,0,10,0.029053556
HLA-B*07:02,DPNPIEIPL,0,9,0.09238585
HLA-B*07:02,DPNPIEISL,0,9,0.11215221
HLA-B*07:02,DPNPQEIAL,0,9,0.06911188
HLA-B*07:02,DPNPQEIFL,0,9,0.055066682
HLA-B*07:02,DPNPQEIHL,0,9,0.066334106
HLA-B*07:02,DPNPQEIHM,0,9,0.05898407
HLA-B*07:02,DPNPQEIPL,0,9,0.05770684
HLA-B*07:02,DPNPQEIPM,0,9,0.049587548
HLA-B*07:02,DPNPQEIYL,0,9,0.056532938
HLA-B*07:02,DPNPQELPL,0,9,0.03232233
HLA-B*07:02,DPNPQELSL,0,9,0.029544482
HLA-B*07:02,DPNPQEVVL,0,9,0.05291653
HLA-B*07:02,DPNSTKYIL,0,9,0.064171135
HLA-B*07:02,DPSPQEIPL,0,9,0.034984183
HLA-B*07:02,DVRDTKEAL,0,9,0.06964823
HLA-B*07:02,EIKDTKEAL,0,9,0.011941318
HLA-B*07:02,EIRDTKEAL,0,9,0.07199599
HLA-B*07:02,ELRISAISL,0,9,0.094795175
HLA-B*07:02,ELRTSAISL,0,9,0.06545438
HLA-B*07:02,ELRTSATSL,0,9,0.03888911
HLA-B*07:02,EPDKEKYPL,0,9,0.034709502
HLA-B*07:02,EPITSLKSL,0,9,0.18549491
HLA-B*07:02,EPSAPPAEDF,0,10,0.00451774
HLA-B*07:02,EPSAPPAESF,0,10,0.0112799425
HLA-B*07:02,EPSAPPEESF,0,10,0.008709204
HLA-B*07:02,EPTAPPAESF,0,10,0.0083071655
HLA-B*07:02,EVKDTKEAL,0,9,0.014916693
HLA-B*07:02,EVRDTKEAL,0,9,0.080124475
HLA-B*07:02,FPISPIDTV,0,9,0.11637088
HLA-B*07:02,FPNEIKYKI,0,9,0.0625607
HLA-B*07:02,FPNEIKYKIL,0,10,0.25510702
HLA-B*07:02,FPQGKAGEL,0,9,0.12069524
HLA-B*07:02,FPQSRLEPT,0,9,0.02271865
HLA-B*07:02,FPQSRPEPSA,0,10,0.013251885
HLA-B*07:02,FPQSRPEPT,0,9,0.017271748
HLA-B*07:02,FPQSRPEPTA,0,10,0.010337835
HLA-B*07:02,FPQSRSEPSA,0,10,0.015121316
HLA-B*07:02,FPQSRTEPSA,0,10,0.0152279055
HLA-B*07:02,GGPGHKAKVL,0,10,0.016616361
HLA-B*07:02,GGPGHKARVL,0,10,0.026049098
HLA-B*07:02,GGPSHKARVL,0,10,0.025820436
HLA-B*07:02,GIRPVISTQL,0,10,0.055990815
HLA-B*07:02,GIRPVVSTQL,0,10,0.043661516
HLA-B*07:02,GIRYQYNVL,0,9,0.10992173
HLA-B*07:02,GPAATLEEM,0,9,0.042501826
HLA-B*07:02,GPCHNVSSV,0,9,0.025992634
HLA-B*07:02,GPCHNVSTV,0,9,0.023791432
HLA-B*07:02,GPCKDVSSV,0,9,0.03167451
HLA-B*07:02,GPCKNVSSV,0,9,0.039839823
HLA-B*07:02,GPCKNVSTV,0,9,0.03393714
HLA-B*07:02,GPCNNVSSV,0,9,0.021385338
HLA-B*07:02,GPCPSVSTV,0,9,0.027653884
HLA-B*07:02,GPCRKVSTV,0,9,0.061884116
HLA-B*07:02,GPCRNVSSV,0,9,0.04457975
HLA-B*07:02,GPCSNVSTV,0,9,0.017005378
HLA-B*07:02,GPCSSVSTV,0,9,0.01929334
HLA-B*07:02,GPCTNVSSV,0,9,0.027836008
HLA-B*07:02,GPENPYNTPV,0,10,0.0037273571
HLA-B*07:02,GPGASIEEM,0,9,0.027486902
HLA-B*07:02,GPGHKAKVL,0,9,0.3046152
HLA-B*07:02,GPGHKARVL,0,9,0.4405193
HLA-B*07:02,GPGHKARVLA,0,10,0.011692986
HLA-B*07:02,GPKEPFRDY,0,9,0.060323603
HLA-B*07:02,GPKEPFRDYV,0,10,0.09382778
HLA-B*07:02,GPKRIVKCF,0,9,0.16918619
HLA-B*07:02,GPKTIGNIT,0,9,0.06521869
HLA-B*07:02,GPKVKQWPL,0,9,0.3574678
HLA-B*07:02,GPNRTVKCF,0,9,0.1339056
HLA-B*07:02,GPRRTIKCF,0,9,0.30394655
HLA-B*07:02,GPSHKARVL,0,9,0.4731698
HLA-B*07:02,GPSHKARVLA,0,10,0.016935095
HLA-B*07:02,GPSNNNSTI,0,9,0.028974777
HLA-B*07:02,GPYPPGQIR,0,9,0.11819928
HLA-B*07:02,GSPAIFQSSM,0,10,0.006090913
HLA-B*07:02,HIPRRIRQGA,0,10,0.0015997181
HLA-B*07:02,HIPRRIRQGF,0,10,0.0042643775
HLA-B*07:02,HIPRRIRQGL,0,10,0.006424993
HLA-B*07:02,HLPSVSLKSL,0,10,0.012831375
HLA-B*07:02,HPDRWTVQPI,0,10,0.016921164
HLA-B*07:02,HPIHAGPVA,0,9,0.18758926
HLA-B*07:02,HPLTSLKSL,0,9,0.36828423
HLA-B*07:02,HPLTSLKSLF,0,10,0.032374937
HLA-B*07:02,HPPSVSLKSL,0,10,0.060873263
HLA-B*07:02,HPSFVKCNI,0,9,0.13405769
HLA-B*07:02,HPSFVKCNIL,0,10,0.074585564
HLA-B*07:02,HPSISLKSL,0,9,0.36434364
HLA-B*07:02,HPSISLKSLF,0,10,0.040928964
HLA-B*07:02,HPVHAGPIA,0,9,0.17195675
HLA-B*07:02,HPVQAGPIA,0,9,0.15740947
HLA-B*07:02,HPVQAGPVA,0,9,0.09647189
HLA-B*07:02,HVRNIIASI,0,9,0.35882527
HLA-B*07:02,IDVRDTKEAL,0,10,0.0018353227
HLA-B*07:02,IEVRDTKEAL,0,10,0.0026740634
HLA-B*07:02,IIRDYGKQM,0,9,0.25270757
HLA-B*07:02,IKPVISTQLL,0,10,0.0049720746
HLA-B*07:02,IKPVVSTQLL,0,10,0.004080539
HLA-B*07:02,ILLSKRPSL,0,9,0.07071999
HLA-B*07:02,IPAETGQET,0,9,0.028086644
HLA-B*07:02,IPCRIKQII,0,9,0.22419359
HLA-B*07:02,IPCRIKQIV,0,9,0.16564171
HLA-B*07:02,IPCRIRQII,0,9,0.35197705
HLA-B*07:02,IPCSIKQII,0,9,0.2957459
HLA-B*07:02,IPLDNVTENF,0,10,0.039369863
HLA-B*07:02,IPLENVTENF,0,10,0.026327714
HLA-B*07:02,IPMENVIENF,0,10,0.08094896
HLA-B*07:02,IPMENVTENF,0,10,0.032989528
HLA-B*07:02,IPMGNVTENF,0,10,0.040815175
HLA-B*07:02,IPMKNVTENF,0,10,0.04706379
HLA-B*07:02,IPNPGEPDRL,0,10,0.053755138
HLA-B*07:02,IPNPGGPDRL,0,10,0.06753569
HLA-B*07:02,IPRRIRQGA,0,9,0.16428062
HLA-B*07:02,IPRRIRQGF,0,9,0.5039949
HLA-B*07:02,IPRRIRQGL,0,9,0.7162314
HLA-B*07:02,IPRRIRQGLE,0,10,0.070690826
HLA-B*07:02,IPTDPNPQEI,0,10,0.053601306
HLA-B*07:02,IPTNVTCAI,0,9,0.1021291
HLA-B*07:02,IPTRIRQGF,0,9,0.17430231
HLA-B*07:02,IPYNPQSQGV,0,10,0.031624455
HLA-B*07:02,IRPVISTQLL,0,10,0.012432664
HLA-B*07:02,IRPVVSTQLL,0,10,0.011539633
HLA-B*07:02,KALGPAATL,0,9,0.05246533
HLA-B*07:02,KALGQGSTL,0,9,0.030771716
HLA-B*07:02,KALGTGASL,0,9,0.089000545
HLA-B*07:02,KALGTGATL,0,9,0.0542472
HLA-B*07:02,KARVLAEAM,0,9,0.16187815
HLA-B*07:02,KDHRPPSVSL,0,10,0.014133888
HLA-B*07:02,KDPIIGAETF,0,10,0.004134334
HLA-B*07:02,KGPRRTIKCF,0,10,0.010346162
HLA-B*07:02,KIEELRAHL,0,9,0.019614484
HLA-B*07:02,KPCVELTPL,0,9,0.10667789
HLA-B*07:02,KPCVKLTPL,0,9,0.18924204
HLA-B*07:02,KPCVKLTPV,0,9,0.06906013
HLA-B*07:02,KPCVRLTPL,0,9,0.31069055
HLA-B*07:02,KPGMDGPKV,0,9,0.039815135
HLA-B*07:02,KPHSGGDQEI,0,10,0.047630172
HLA-B*07:02,KPVISTQLL,0,9,0.13647111
HLA-B*07:02,KPVISTQLLL,0,10,0.061357792
HLA-B*07:02,KPVVSTQFL,0,9,0.13557668
HLA-B*07:02,KPVVSTQFLL,0,10,0.045642834
HLA-B*07:02,KPVVSTQLL,0,9,0.097678974
HLA-B*07:02,KPVVSTQLLL,0,10,0.044575293
HLA-B*07:02,KYPLVSLKSL,0,10,0.02012861
HLA-B*07:02,LIAARTVEL,0,9,0.019020706
HLA-B*07:02,LIAKRIVEL,0,9,0.02926288
HLA-B*07:02,LIATRAVEL,0,9,0.01400561
HLA-B*07:02,LIATRTVEL,0,9,0.020966822
HLA-B*07:02,LIRKDKVYL,0,9,0.05078343
HLA-B*07:02,LLPEKDRRAI,0,10,0.007443641
HLA-B*07:02,LPCKIKQII,0,9,0.20590392
HLA-B*07:02,LPCKIKQIV,0,9,0.11778874
HLA-B*07:02,LPCRIKQII,0,9,0.16077168
HLA-B*07:02,LPCRIKQIV,0,9,0.099645615
HLA-B*07:02,LPEKDRRAI,0,9,0.19109228
HLA-B*07:02,LPGKWKPKM,0,9,0.09340871
HLA-B*07:02,LPLENVTENF,0,10,0.01641741
HLA-B*07:02,LPPVVAKEI,0,9,0.058832373
HLA-B*07:02,LPQGWKGSPA,0,10,0.024043003
HLA-B*07:02,LPSVSLKSL,0,9,0.24589829
HLA-B*07:02,LPSVSLKSLF,0,10,0.015295372
HLA-B*07:02,LPYYDPWFL,0,9,0.3699449
HLA-B*07:02,LRPGGKKHYM,0,10,0.01737201
HLA-B*07:02,LVRDGGNDL,0,9,0.06070023
HLA-B*07:02,LYPLASLRSL,0,10,0.019536657
HLA-B*07:02,LYPMASLKSL,0,10,0.012866625
HLA-B*07:02,NDPNSTKYIL,0,10,0.0036358198
HLA-B*07:02,NIPRRIRQGL,0,10,0.0067375125
HLA-B*07:02,NPNPQEIHL,0,9,0.16909432
HLA-B*07:02,NPPIPVGDL,0,9,0.06773749
HLA-B*07:02,NPPIPVGEI,0,9,0.05685081
HLA-B*07:02,NPPVPVGEI,0,9,0.03898384
HLA-B*07:02,NPQEMKNCSF,0,10,0.03287042
HLA-B*07:02,NPYNTPVFAI,0,10,0.04007617
HLA-B*07:02,PPAPPEESF,0,9,0.021505859
HLA-B*07:02,PPLISLKSL,0,9,0.1685678
HLA-B*07:02,PPLVSLKSL,0,9,0.13820271
HLA-B*07:02,PPSVSLKSL,0,9,0.0664968
HLA-B*07:02,QEPITSLKSL,0,10,0.016333781
HLA-B*07:02,QIRDQAEHL,0,9,0.055878293
HLA-B*07:02,QPDRSESEI,0,9,0.007132016
HLA-B*07:02,QPDRSESEIV,0,10,0.006173619
HLA-B*07:02,QPHSGGDIEI,0,10,0.037759457
HLA-B*07:02,QPHSGGDLEI,0,10,0.011564634
HLA-B*07:02,QPHSGGDLEV,0,10,0.008167611
HLA-B*07:02,QPHSGGDPEI,0,10,0.013993866
HLA-B*07:02,QPHSGGDPEV,0,10,0.0072778994
HLA-B*07:02,QPISPRTLNA,0,10,0.049987886
HLA-B*07:02,QPITPRTLNA,0,10,0.057380106
HLA-B*07:02,QPLSPRTLNA,0,10,0.015064394
HLA-B*07:02,QPVSPRTLNA,0,10,0.016296722
HLA-B*07:02,RAIEAQQHL,0,9,0.019521086
HLA-B*07:02,RAIEAQQQM,0,9,0.014692494
HLA-B*07:02,RAISPTSRGL,0,10,0.0458501
HLA-B*07:02,RALGPGASI,0,9,0.1347699
HLA-B*07:02,RAPEAQQHL,0,9,0.005550111
HLA-B*07:02,RAPEAQQHLL,0,10,0.0077948617
HLA-B*07:02,RAVGIGAVF,0,9,0.019152926
HLA-B*07:02,RAVIGIGAM,0,9,0.006776516
HLA-B*07:02,REPDKEKYPL,0,10,0.02085991
HLA-B*07:02,RGRQKVVSL,0,9,0.24110052
HLA-B*07:02,RIIEIGQGL,0,9,0.03266449
HLA-B*07:02,RIIEIGQRL,0,9,0.025781037
HLA-B*07:02,RIRQGFELAL,0,10,0.05140805
HLA-B*07:02,RIRQGFERAL,0,10,0.31165504
HLA-B*07:02,RIRQGLERAL,0,10,0.3003947
HLA-B*07:02,RIRQGLERF,0,9,0.04964732
HLA-B*07:02,RIRQGLERL,0,9,0.15336154
HLA-B*07:02,RLPYYDPWFL,0,10,0.02194764
HLA-B*07:02,RMYSPISIL,0,9,0.029075595
HLA-B*07:02,RMYSPTSIL,0,9,0.01382322
HLA-B*07:02,RMYSPVSIL,0,9,0.012943652
HLA-B*07:02,RPEPSAPPA,0,9,0.04413582
HLA-B*07:02,RPEPTAPPA,0,9,0.04403121
HLA-B*07:02,RPFNNKRTRT,0,10,0.060374796
HLA-B*07:02,RPFNNTRES,0,9,0.028852794
HLA-B*07:02,RPFNNTREST,0,10,0.12595148
HLA-B*07:02,RPFNNTRTS,0,9,0.045047946
HLA-B*07:02,RPFNNTRTST,0,10,0.20082462
HLA-B*07:02,RPFNNTRTSV,0,10,0.46106997
HLA-B*07:02,RPGDVVGDI,0,9,0.0810748
HLA-B*07:02,RPGGKKHYM,0,9,0.31443074
HLA-B*07:02,RPGGKKHYML,0,10,0.27439085
HLA-B*07:02,RPGGKKKYKL,0,10,0.25330904
HLA-B*07:02,RPGGKKKYKM,0,10,0.22778548
HLA-B*07:02,RPGGKKKYNM,0,10,0.27273315
HLA-B*07:02,RPGGKKKYRI,0,10,0.17992218
HLA-B*07:02,RPGGKKKYRL,0,10,0.21190217
HLA-B*07:02,RPGGKKKYRM,0,10,0.19299902
HLA-B*07:02,RPGGKKQYRL,0,10,0.16891393
HLA-B*07:02,RPGNFPQNRL,0,10,0.049653728
HLA-B*07:02,RPGNFPQSRL,0,10,0.053077076
HLA-B*07:02,RPGNNTRKSI,0,10,0.36216012
HLA-B*07:02,RPKRAVGIGA,0,10,0.2836142
HLA-B*07:02,RPNNKIRTRM,0,10,0.3815123
HLA-B*07:02,RPNNNTRKGI,0,10,0.46041578
HLA-B*07:02,RPNNNTRKS,0,9,0.02664538
HLA-B*07:02,RPNNNTRKSI,0,10,0.5825629
HLA-B*07:02,RPNNNTRRSI,0,10,0.68517107
HLA-B*07:02,RPNNNTRTS,0,9,0.048328135
HLA-B*07:02,RPNNNTRTSI,0,10,0.56644857
HLA-B*07:02,RPPSVSLKSL,0,10,0.3526483
HLA-B*07:02,RPSLKIMIP,0,9,0.23897843
HLA-B*07:02,RPSNNTRTRV,0,10,0.117491
HLA-B*07:02,RPSNNTRTS,0,9,0.021255733
HLA-B*07:02,RPSNNTRTST,0,10,0.11092458
HLA-B*07:02,RPSNNTRTSV,0,10,0.3854363
HLA-B*07:02,RPVISTQLL,0,9,0.1983445
HLA-B*07:02,RPVISTQLLL,0,10,0.09956514
HLA-B*07:02,RPVVSTQLL,0,9,0.15226856
HLA-B*07:02,RPVVSTQLLL,0,10,0.0727842
HLA-B*07:02,RVRQGYSPL,0,9,0.300292
HLA-B*07:02,RYRQRLISL,0,9,0.1623087
HLA-B*07:02,SAPPGQHML,0,9,0.014452054
HLA-B*07:02,SAPPGQHMLL,0,10,0.008079122
HLA-B*07:02,SIAARTVEL,0,9,0.029942496
HLA-B*07:02,SIATRTVEL,0,9,0.032609873
HLA-B*07:02,SIRIGPGQAF,0,10,0.0573652
HLA-B*07:02,SIRIGPGQTF,0,10,0.061259728
HLA-B*07:02,SIRLVSGFL,0,9,0.10689602
HLA-B*07:02,SIVTRTVEL,0,9,0.015840517
HLA-B*07:02,SPAIFQSSM,0,9,0.18911655
HLA-B*07:02,SPFNENLTI,0,9,0.097870074
HLA-B*07:02,SPIDTVPVT,0,9,0.08497075
HLA-B*07:02,SPIDTVPVTL,0,10,0.20581675
HLA-B*07:02,SPKQEPITS,0,9,0.009693771
HLA-B*07:02,SPKQEPITSL,0,10,0.40030012
HLA-B*07:02,SPLSFQTPL,0,9,0.27936232
HLA-B*07:02,SPLSFQTRL,0,9,0.10602278
HLA-B*07:02,SPLSLQTLI,0,9,0.20682713
HLA-B*07:02,SPLSLQTPF,0,9,0.10131637
HLA-B*07:02,SPLSLQTPT,0,9,0.025051756
HLA-B*07:02,SPLSPQTLI,0,9,0.15337232
HLA-B*07:02,SPMIIATTDI,0,10,0.057893608
HLA-B*07:02,SPNKGRPGNF,0,10,0.06643257
HLA-B*07:02,SPQEIPLDNV,0,10,0.02050045
HLA-B*07:02,SPRTLNAWV,0,9,0.61991996
HLA-B*07:02,SPSQKQEPI,0,9,0.07153551
HLA-B*07:02,SPVSQNYPI,0,9,0.13288318
HLA-B*07:02,STRLVHGFL,0,9,0.012442042
HLA-B*07:02,SVGGHQAAM,0,9,0.013374912
HLA-B*07:02,SVRFVSGFL,0,9,0.14943412
HLA-B*07:02,SVRIGPGQM,0,9,0.06436111
HLA-B*07:02,SVRIGPGQMF,0,10,0.0369317
HLA-B*07:02,SVRIGPGQV,0,9,0.032178473
HLA-B*07:02,SVRIGPGQVF,0,10,0.093277745
HLA-B*07:02,SVRLVNGFL,0,9,0.13958739
HLA-B*07:02,SVRLVSGCL,0,9,0.11911308
HLA-B*07:02,SVRLVSGFL,0,9,0.112333074
HLA-B*07:02,SVRLVTGFL,0,9,0.13231598
HLA-B*07:02,SVSMGPGQAF,0,10,0.0028904227
HLA-B*07:02,SVSMGPGSAF,0,10,0.0025397504
HLA-B*07:02,SVTARVVEL,0,9,0.0143914195
HLA-B*07:02,TAPSPKQEPI,0,10,0.0032075508
HLA-B*07:02,TDPNPIEIPL,0,10,0.0071965633
HLA-B*07:02,TDPNPIEISL,0,10,0.0075543383
HLA-B*07:02,TDPNPQEIAL,0,10,0.0063106
HLA-B*07:02,TDPNPQEIFL,0,10,0.004365808
HLA-B*07:02,TDPNPQEIHL,0,10,0.004244719
HLA-B*07:02,TDPNPQEIHM,0,10,0.0024491346
HLA-B*07:02,TDPNPQEIPL,0,10,0.005556553
HLA-B*07:02,TDPNPQEIPM,0,10,0.003632719
HLA-B*07:02,TDPNPQEIYL,0,10,0.0054949424
HLA-B*07:02,TDPNPQELPL,0,10,0.0040253378
HLA-B*07:02,TDPNPQELSL,0,10,0.003526597
HLA-B*07:02,TDPNPQEVVL,0,10,0.0047487095
HLA-B*07:02,TDPSPQEIPL,0,10,0.0041889977
HLA-B*07:02,TGNSSKVSL,0,9,0.011519113
HLA-B*07:02,TNPNPQEIHL,0,10,0.0025065201
HLA-B*07:02,TPAGYAILM,0,9,0.12351469
HLA-B*07:02,TPNGTFNSPF,0,10,0.06120665
HLA-B*07:02,TPQDLNMML,0,9,0.14647834
HLA-B*07:02,TPQDLNTML,0,9,0.078418896
HLA-B*07:02,TPQDLNVML,0,9,0.12910865
HLA-B*07:02,TPRTLNAWV,0,9,0.42724052
HLA-B*07:02,TPVNIIGRNM,0,10,0.15542176
HLA-B*07:02,TSIGPGQVL,0,9,0.0120445145
HLA-B*07:02,TSMGPGRAF,0,9,0.023155214
HLA-B*07:02,VANNTRTSV,0,9,0.09029824
HLA-B*07:02,VAQRAWRAL,0,9,0.0930096
HLA-B*07:02,VPAMFTAAL,0,9,0.07196732
HLA-B*07:02,VPLTEEAEL,0,9,0.11749758
HLA-B*07:02,VPMGKKSSS,0,9,0.037830938
HLA-B*07:02,VPPIIENRL,0,9,0.026884437
HLA-B*07:02,VPRRKAKII,0,9,0.3892415
HLA-B*07:02,VPTDPNPIEI,0,10,0.08247852
HLA-B*07:02,VPTDPNPQEI,0,10,0.02901328
HLA-B*07:02,VPTDPNPQEL,0,10,0.05229822
HLA-B*07:02,VPTDPNPQEV,0,10,0.014715488
HLA-B*07:02,VPTDPSPQEI,0,10,0.022886904
HLA-B*07:02,VPTNPNPQEI,0,10,0.031586118
HLA-B*07:02,VPVTLKPGM,0,9,0.14506333
HLA-B*07:02,VSMGPGQAF,0,9,0.02167656
HLA-B*07:02,VSMGPGSAF,0,9,0.025160084
HLA-B*07:02,VSSGIRKVL,0,9,0.05405008
HLA-B*07:02,VVQRAWRAL,0,9,0.09677392
HLA-B*07:02,VVRDKKQQV,0,9,0.10836578
HLA-B*07:02,WPNLWKWGIL,0,10,0.17974125
HLA-B*07:02,WPNLWKWGTL,0,10,0.11281395
HLA-B*07:02,WPNLWRWGIL,0,10,0.2318594
HLA-B*07:02,WPNLWRWGTL,0,10,0.15146564
HLA-B*07:02,WPNLWTWGTL,0,10,0.059314817
HLA-B*07:02,WPNYRTWGTL,0,10,0.10985704
HLA-B*07:02,WPSLWTWGTL,0,10,0.04385349
HLA-B*07:02,YPLASLRSL,0,9,0.46055144
HLA-B*07:02,YPLASLRSLF,0,10,0.053370688
HLA-B*07:02,YPLVSLKSL,0,9,0.36893448
HLA-B*07:02,YPLVSLKSLF,0,10,0.019995382
HLA-B*07:02,YPMASLKSL,0,9,0.38431916
HLA-B*07:02,YPMASLKSLF,0,10,0.039583564
HLA-B*07:02,YSPLSFQTPL,0,10,0.0045884545
HLA-B*07:02,YSPLSFQTRL,0,10,0.0016411067
HLA-B*07:02,YSPLSLQTPF,0,10,0.0018167442
HLA-B*07:02,YVPAMFTAAL,0,10,0.008058066
HLA-B*08:01,AGLKKKKSV,0,9,0.075385496
HLA-B*08:01,ALKTGTEEL,0,9,0.019156316
HLA-B*08:01,ALKYRYGTF,0,9,0.51194817
HLA-B*08:01,APPGQHMLL,0,9,0.0032044915
HLA-B*08:01,APSPKQEPI,0,9,0.017558042
HLA-B*08:01,AYDPEVHNV,0,9,0.21251284
HLA-B*08:01,CSIRRNLAL,0,9,0.064304076
HLA-B*08:01,DAKAHEAEV,0,9,0.18578191
HLA-B*08:01,DAKAHEPEV,0,9,0.1313668
HLA-B*08:01,DAKAHESEV,0,9,0.1471599
HLA-B*08:01,DAKAHETEV,0,9,0.10511353
HLA-B*08:01,DAKAHKAEV,0,9,0.34610775
HLA-B*08:01,DAKAHLTEV,0,9,0.09863412
HLA-B*08:01,DAKAHSTEA,0,9,0.09016309
HLA-B*08:01,DAKAHSTEV,0,9,0.09093993
HLA-B*08:01,DAKAHVPEA,0,9,0.101401106
HLA-B*08:01,DAKAHVPEV,0,9,0.10486557
HLA-B*08:01,DAKAYETEV,0,9,0.10514074
HLA-B*08:01,DAKLSNSSI,0,9,0.13729377
HLA-B*08:01,DCKSILKAL,0,9,0.027675431
HLA-B*08:01,DCKTILKAL,0,9,0.027433425
HLA-B*08:01,DCKTILRAL,0,9,0.04104292
HLA-B*08:01,DCTERQVNF,0,9,0.0070252316
HLA-B*08:01,DFLSRWPNL,0,9,0.04061157
HLA-B*08:01,DGPKVKQWPL,0,10,0.054744866
HLA-B*08:01,DHHPPSVSL,0,9,0.009753903
HLA-B*08:01,DHPPPLVSL,0,9,0.006289465
HLA-B*08:01,DHRPPSVSL,0,9,0.023108374
HLA-B*08:01,DIKDNWRSEL,0,10,0.1477969
HLA-B*08:01,DIKDTKEAL,0,9,0.22570227
HLA-B*08:01,DILLSKRPSL,0,10,0.030629179
HLA-B*08:01,DIRKAHCEI,0,9,0.17321193
HLA-B*08:01,DIRKAYCEI,0,9,0.13288876
HLA-B*08:01,DIRKAYCQI,0,9,0.12991658
HLA-B*08:01,DIYKRWIIL,0,9,0.5438093
HLA-B*08:01,DKDHRPPSV,0,9,0.00942771
HLA-B*08:01,DKKHKEYAL,0,9,0.40575093
HLA-B*08:01,DKKHKVSAL,0,9,0.28375447
HLA-B*08:01,DKKHKVYAL,0,9,0.4481027
HLA-B*08:01,DKKKIVYAL,0,9,0.26320216
HLA-B*08:01,DKKQKFYAL,0,9,0.5062831
HLA-B*08:01,DKKQKFYALF,0,10,0.23679367
HLA-B*08:01,DKKQKVHAL,0,9,0.3842961
HLA-B*08:01,DKKQKVHALF,0,10,0.11266428
HLA-B*08:01,DKKQKVYAL,0,9,0.37250853
HLA-B*08:01,DKKQKVYALF,0,10,0.12101924
HLA-B*08:01,DKKQKVYSL,0,9,0.27685913
HLA-B*08:01,DKKQKVYSLF,0,10,0.067361265
HLA-B*08:01,DKKQQVHAL,0,9,0.24887523
HLA-B*08:01,DKKQQVYAL,0,9,0.22421433
HLA-B*08:01,DKMQKVYAL,0,9,0.121261954
HLA-B*08:01,DKQQKVSAL,0,9,0.07801451
HLA-B*08:01,DKQQRVQAL,0,9,0.08012603
HLA-B*08:01,DKRQQVYAL,0,9,0.1349229
HLA-B*08:01,DLEITTHHF,0,9,0.019023437
HLA-B*08:01,DLEITTHSF,0,9,0.026494145
HLA-B*08:01,DLEVTTHSF,0,9,0.020143019
HLA-B*08:01,DLKSLFNTV,0,9,0.24012706
HLA-B*08:01,DLNTMLNSV,0,9,0.06282525
HLA-B*08:01,DLRNLCLFL,0,9,0.073466174
HLA-B*08:01,DLRSLCLFL,0,9,0.06817982
HLA-B*08:01,DLYKRWIIL,0,9,0.5472668
HLA-B*08:01,DMRDNWRSEL,0,10,0.089837424
HLA-B*08:01,DNKLKIQNV,0,9,0.27574286
HLA-B*08:01,DPIPIHYCA,0,9,0.021273544
HLA-B*08:01,DPIWKGPAKL,0,10,0.09712611
HLA-B*08:01,DPNPIEIPL,0,9,0.039801847
HLA-B*08:01,DPNPIEISL,0,9,0.04366112
HLA-B*08:01,DPNPQEIAL,0,9,0.06728216
HLA-B*08:01,DPNPQEIFL,0,9,0.043645836
HLA-B*08:01,DPNPQEIHL,0,9,0.053151187
HLA-B*08:01,DPNPQEIHM,0,9,0.046687633
HLA-B*08:01,DPNPQEIPL,0,9,0.04492525
HLA-B*08:01,DPNPQEIPM,0,9,0.051768985
HLA-B*08:01,DPNPQEIYL,0,9,0.052723728
HLA-B*08:01,DPNPQELPL,0,9,0.01454867
HLA-B*08:01,DPNPQELSL,0,9,0.016737938
HLA-B*08:01,DPNPQEVVL,0,9,0.037254754
HLA-B*08:01,DPNSTKYIL,0,9,0.07267987
HLA-B*08:01,DPSPQEIPL,0,9,0.0176035
HLA-B*08:01,DQKKKVYAL,0,9,0.15545754
HLA-B*08:01,DQKKKVYALF,0,10,0.18506002
HLA-B*08:01,DRGRQKVVSL,0,10,0.012363004
HLA-B*08:01,DRKQKVYAL,0,9,0.2908304
HLA-B*08:01,DRKQKVYALF,0,10,0.17505671
HLA-B*08:01,DTFFRTSPM,0,9,0.010997644
HLA-B*08:01,DVKDTKEAL,0,9,0.10934313
HLA-B*08:01,DVRDTKEAL,0,9,0.08054831
HLA-B*08:01,DVRQLTEVV,0,9,0.03300665
HLA-B*08:01,EALDKIEEV,0,9,0.10727291
HLA-B*08:01,EALDKIKEV,0,9,0.1483283
HLA-B*08:01,EALDKLEEV,0,9,0.044409744
HLA-B*08:01,EALDKMEEV,0,9,0.09107263
HLA-B*08:01,EALKYLGSL,0,9,0.044199474
HLA-B*08:01,EALKYWWNL,0,9,0.2853792
HLA-B*08:01,EAQQHLLKL,0,9,0.0076760673
HLA-B*08:01,EAQQHLLQL,0,9,0.015080755
HLA-B*08:01,EAQQHMLQL,0,9,0.024225835
HLA-B*08:01,EAQQQMLQL,0,9,0.0061304835
HLA-B*08:01,EAQQRMLQL,0,9,0.11602323
HLA-B*08:01,EAVDKIEEM,0,9,0.034307946
HLA-B*08:01,EELKSLFNTL,0,10,0.012463109
HLA-B*08:01,EGKVILVAV,0,9,0.16729656
HLA-B*08:01,EGLKYLWNL,0,9,0.090721615
HLA-B*08:01,EGTDRIIEI,0,9,0.07961864
HLA-B*08:01,EGTDRIIEV,0,9,0.09829543
HLA-B*08:01,EGTDRILEI,0,9,0.06470112
HLA-B*08:01,EGTDRVIEI,0,9,0.07043584
HLA-B*08:01,EHFKNKTIVF,0,10,0.010472412
HLA-B*08:01,EHFNKTIEF,0,9,0.009298
HLA-B*08:01,EHFNKTIIF,0,9,0.022426052
HLA-B*08:01,EHFNKTIKF,0,9,0.0054937764
HLA-B*08:01,EHFNKTIRF,0,9,0.0056541422
HLA-B*08:01,EHFNKTKTI,0,9,0.005098146
HLA-B*08:01,EHFNRTITF,0,9,0.009717805
HLA-B*08:01,EHIVRHLII,0,9,0.11365098
HLA-B*08:01,EHPPPLISL,0,9,0.0066664037
HLA-B*08:01,EIGQHRTKI,0,9,0.0056003924
HLA-B*08:01,EIIIRSEDL,0,9,0.21319191
HLA-B*08:01,EIIIRSENI,0,9,0.17787041
HLA-B*08:01,EIIIRSENL,0,9,0.21491937
HLA-B*08:01,EIIIRSQDI,0,9,0.2444118
HLA-B*08:01,EIIIRSQNI,0,9,0.26546952
HLA-B*08:01,EIIVRSANI,0,9,0.2953357
HLA-B*08:01,EIIVRSENI,0,9,0.16095507
HLA-B*08:01,EIKDKKKIV,0,9,0.51558834
HLA-B*08:01,EIKDTKEAL,0,9,0.25068325
HLA-B*08:01,EIKSLFNTV,0,9,0.23187234
HLA-B*08:01,EIKSLYNAV,0,9,0.3492191
HLA-B*08:01,EIKSLYNTI,0,9,0.16136909
HLA-B*08:01,EIKYKILENF,0,10,0.3997011
HLA-B*08:01,EINEKDLLAL,0,10,0.023895264
HLA-B*08:01,EIRDKKQKV,0,9,0.41558743
HLA-B*08:01,EIRDKMQKV,0,9,0.46026564
HLA-B*08:01,EIRDKRQQV,0,9,0.53572094
HLA-B*08:01,EIRDTKEAL,0,9,0.27142674
HLA-B*08:01,EIRGKQQKV,0,9,0.3207249
HLA-B*08:01,EIVVRSENL,0,9,0.04402215
HLA-B*08:01,EIYKRWIIL,0,9,0.62238646
HLA-B*08:01,ELAENREIL,0,9,0.010022336
HLA-B*08:01,ELFPNKTIKF,0,10,0.009428054
HLA-B*08:01,ELHPDRWTV,0,9,0.07059197
HLA-B*08:01,ELIDKKHKV,0,9,0.3070851
HLA-B*08:01,ELIRKDKVYL,0,10,0.29854503
HLA-B*08:01,ELKDKQQRV,0,9,0.32384405
HLA-B*08:01,ELKISAISL,0,9,0.43945798
HLA-B*08:01,ELKISAISLL,0,10,0.11459182
HLA-B*08:01,ELKISAVSL,0,9,0.3539224
HLA-B*08:01,ELKKIIGQI,0,9,0.4763765
HLA-B*08:01,ELKKSAISL,0,9,0.38573352
HLA-B*08:01,ELKKSAISLL,0,10,0.16198835
HLA-B*08:01,ELKNSATSL,0,9,0.17894742
HLA-B*08:01,ELKNSATSLL,0,10,0.01249905
HLA-B*08:01,ELKSLFNAV,0,9,0.3782906
HLA-B*08:01,ELKSLFNTI,0,9,0.24013188
HLA-B*08:01,ELKSLFNTL,0,9,0.22974452
HLA-B*08:01,ELKSLFNTV,0,9,0.2505135
HLA-B*08:01,ELKSLYNAV,0,9,0.39703554
HLA-B*08:01,ELKSLYNTV,0,9,0.23745199
HLA-B*08:01,ELKSSAISL,0,9,0.25515088
HLA-B*08:01,ELKTSAISL,0,9,0.33117944
HLA-B*08:01,ELKTSAISLL,0,10,0.0793419
HLA-B*08:01,ELKTSATSL,0,9,0.19558512
HLA-B*08:01,ELKVSAISL,0,9,0.33497995
HLA-B*08:01,ELKVSAISLL,0,10,0.06598615
HLA-B*08:01,ELNKRTQDF,0,9,0.19827558
HLA-B*08:01,ELQAIKLAL,0,9,0.09553892
HLA-B*08:01,ELQKQITKL,0,9,0.033453047
HLA-B*08:01,ELRAHLLSW,0,9,0.08940553
HLA-B*08:01,ELRDKKHKV,0,9,0.48721123
HLA-B*08:01,ELRDKKQKV,0,9,0.46253878
HLA-B*08:01,ELRDRKQKV,0,9,0.3498716
HLA-B*08:01,ELRISAISL,0,9,0.45935994
HLA-B*08:01,ELRSLFNTI,0,9,0.12577453
HLA-B*08:01,ELRSLFNTV,0,9,0.17569295
HLA-B*08:01,ELRSLYNTI,0,9,0.11907535
HLA-B*08:01,ELRTSAISL,0,9,0.36807936
HLA-B*08:01,ELRTSATSL,0,9,0.17563272
HLA-B*08:01,ELTPLCVTL,0,9,0.00362709
HLA-B*08:01,ELYKYKIVEI,0,10,0.15836906
HLA-B*08:01,ELYKYKVVEI,0,10,0.07454915
HLA-B*08:01,ELYKYKVVEV,0,10,0.07662393
HLA-B*08:01,ELYKYKVVQI,0,10,0.07723176
HLA-B*08:01,EMGGKINPL,0,9,0.13914248
HLA-B*08:01,ENKTKYILI,0,9,0.5049624
HLA-B*08:01,EPDKEKYPL,0,9,0.032142837
HLA-B*08:01,EPFRKKNPEI,0,10,0.044030648
HLA-B*08:01,EPIPIHYCA,0,9,0.023045417
HLA-B*08:01,EPITSLKSL,0,9,0.013313788
HLA-B*08:01,EQDRDRSIRL,0,10,0.00088517385
HLA-B*08:01,EQDRDRSVRL,0,10,0.00061186
HLA-B*08:01,EQGRDRSIRL,0,10,0.0012777001
HLA-B*08:01,EQGRDRSVRL,0,10,0.0008637722
HLA-B*08:01,EQGRTRSVRL,0,10,0.00092075724
HLA-B*08:01,EQKAYVPAM,0,9,0.03324986
HLA-B*08:01,ERYLKDQKF,0,9,0.009386077
HLA-B*08:01,ERYLKDQQF,0,9,0.012268252
HLA-B*08:01,ERYLKDQQL,0,9,0.027065367
HLA-B*08:01,ERYLRDQQL,0,9,0.043785
HLA-B*08:01,ESFIEVISL,0,9,0.0038873267
HLA-B*08:01,ESFRKYTAF,0,9,0.0138399685
HLA-B*08:01,ESYLKHQQF,0,9,0.012382842
HLA-B*08:01,ESYLKHQQFL,0,10,0.06532751
HLA-B*08:01,ETIYRLLEV,0,9,0.06973653
HLA-B*08:01,ETREKDHPL,0,9,0.14432125
HLA-B*08:01,EVAQRAWRAL,0,10,0.13900997
HLA-B*08:01,EVIPMFSAL,0,9,0.0139243435
HLA-B*08:01,EVKDTKEAL,0,9,0.13004549
HLA-B*08:01,EVKDTKEAV,0,9,0.19649555
HLA-B*08:01,EVKSLYNTI,0,9,0.073244706
HLA-B*08:01,EVMIRSENI,0,9,0.22535197
HLA-B*08:01,EVRDTKEAL,0,9,0.12806024
HLA-B*08:01,FAIKKKDST,0,9,0.21344502
HLA-B*08:01,FFLDRVLNI,0,9,0.10671527
HLA-B*08:01,FFRTSPMII,0,9,0.123588495
HLA-B*08:01,FFYCNTSQL,0,9,0.019025998
HLA-B*08:01,FFYCNTSTL,0,9,0.018154336
HLA-B*08:01,FFYCNTTKL,0,9,0.019633664
HLA-B*08:01,FIDSYLQKL,0,9,0.02778984
HLA-B*08:01,FLIVRLNQC,0,9,0.2861156
HLA-B*08:01,FLIVRQNQC,0,9,0.27122304
HLA-B*08:01,FLIVRQNQCM,0,10,0.22819696
HLA-B*08:01,FLYHRLRDF,0,9,0.1771269
HLA-B*08:01,FLYHRLSDF,0,9,0.08473062
HLA-B*08:01,FMYYAKRML,0,9,0.04528108
HLA-B*08:01,FNKTKTIKF,0,9,0.23584254
HLA-B*08:01,FPNEIKYKI,0,9,0.16157852
HLA-B*08:01,FPNEIKYKIL,0,10,0.1233951
HLA-B*08:01,FPQGKAGEL,0,9,0.0395998
HLA-B*08:01,FPQSRPEPT,0,9,0.049124826
HLA-B*08:01,FSYHRLIDL,0,9,0.111917056
HLA-B*08:01,FSYHRLRDL,0,9,0.066852346
HLA-B*08:01,FSYHRLSDL,0,9,0.043047283
HLA-B*08:01,FWDDLRNLCL,0,10,0.06143368
HLA-B*08:01,FYKLDIVPL,0,9,0.5629515
HLA-B*08:01,FYKLDIVQI,0,9,0.40416113
HLA-B*08:01,FYKLDIVQM,0,9,0.40998128
HLA-B*08:01,FYKLDLVQM,0,9,0.28742248
HLA-B*08:01,FYKLDLVSL,0,9,0.27373615
HLA-B*08:01,FYRLDIVPL,0,9,0.3556603
HLA-B*08:01,GIRYQYNVL,0,9,0.024324719
HLA-B*08:01,GKQQKVHAL,0,9,0.0785174
HLA-B*08:01,GLQTIVKSL,0,9,0.0074589285
HLA-B*08:01,GLRIIFAVL,0,9,0.0506007
HLA-B*08:01,GLRIVFAVL,0,9,0.039372656
HLA-B*08:01,GLRIVFTVL,0,9,0.021424016
HLA-B*08:01,GMGEKINPL,0,9,0.015042489
HLA-B*08:01,GPCRKVSTV,0,9,0.004839702
HLA-B*08:01,GPGHKAKVL,0,9,0.016444009
HLA-B*08:01,GPGHKARVL,0,9,0.020538578
HLA-B*08:01,GPKRIVKCF,0,9,0.021887591
HLA-B*08:01,GPKVKQWPL,0,9,0.77259487
HLA-B*08:01,GPSHKARVL,0,9,0.0144005185
HLA-B*08:01,GQKRKDHPL,0,9,0.04287541
HLA-B*08:01,HFENKTIKF,0,9,0.019533426
HLA-B*08:01,HFHNKTIKF,0,9,0.026919603
HLA-B*08:01,HFKNKTIIF,0,9,0.3247551
HLA-B*08:01,HFKNKTIVF,0,9,0.17335688
HLA-B*08:01,HFNNRTIIF,0,9,0.13113244
HLA-B*08:01,HFPNKTIHF,0,9,0.023109036
HLA-B*08:01,HFPNKTIKF,0,9,0.010128855
HLA-B*08:01,HFPNKTIRF,0,9,0.01269591
HLA-B*08:01,HFQNKTIRF,0,9,0.026472783
HLA-B*08:01,HFRNKTIKF,0,9,0.123375006
HLA-B*08:01,HIPRRIRQGL,0,10,0.025856014
HLA-B*08:01,HIVRHLIIF,0,9,0.024325287
HLA-B*08:01,HLEGKVILV,0,9,0.03382383
HLA-B*08:01,HLKTGSEEI,0,9,0.0747659
HLA-B*08:01,HLNRTKIEF,0,9,0.08461269
HLA-B*08:01,HMKNVTENF,0,9,0.039019506
HLA-B*08:01,HPLTSLKSL,0,9,0.0125415195
HLA-B*08:01,HPSFVKCNIL,0,10,0.008386918
HLA-B*08:01,HPSISLKSL,0,9,0.007463291
HLA-B*08:01,HQALSPRTL,0,9,0.0024215828
HLA-B*08:01,HQAVSPRTL,0,9,0.0044077346
HLA-B*08:01,HQPISPRTL,0,9,0.002911133
HLA-B*08:01,HQPITPRTL,0,9,0.0030646154
HLA-B*08:01,HQPLSPRTL,0,9,0.0016760338
HLA-B*08:01,HQSMSPRTL,0,9,0.0022364948
HLA-B*08:01,HSSLKGLRL,0,9,0.0023865432
HLA-B*08:01,HVRNIIASI,0,9,0.18315294
HLA-B*08:01,HYMLKHLVW,0,9,0.037480168
HLA-B*08:01,IAKRIVELL,0,9,0.05392582
HLA-B*08:01,IDKKHKVYAL,0,10,0.1303167
HLA-B*08:01,IGQFKNCAL,0,9,0.050785173
HLA-B*08:01,IIRDYGKQM,0,9,0.038420837
HLA-B*08:01,ILGQLHPSL,0,9,0.01107428
HLA-B*08:01,ILIATRTVEL,0,10,0.0074642
HLA-B*08:01,ILKCKDKKF,0,9,0.102122664
HLA-B*08:01,ILKTPVHGV,0,9,0.11783142
HLA-B*08:01,ILKYLGNLL,0,9,0.036696635
HLA-B*08:01,ILLSKRPSL,0,9,0.11797338
HLA-B*08:01,IMNQLQPAL,0,9,0.013215318
HLA-B*08:01,IPRRIRQGF,0,9,0.010581802
HLA-B*08:01,IPRRIRQGL,0,9,0.032083474
HLA-B*08:01,IPTRIRQGF,0,9,0.0031282417
HLA-B*08:01,IRYRQRLISL,0,10,0.021380112
HLA-B*08:01,ITKHKQHNA,0,9,0.041735563
HLA-B*08:01,IWDDLRSLF,0,9,0.0521549
HLA-B*08:01,IYQEPFKNL,0,9,0.05724577
HLA-B*08:01,KAKVLAEAM,0,9,0.0343392
HLA-B*08:01,KDKEHPPPL,0,9,0.035719614
HLA-B*08:01,KKKKSVTVL,0,9,0.026215876
HLA-B*08:01,KKKYKLKHL,0,9,0.026626106
HLA-B*08:01,KKKYKMKHL,0,9,0.019752149
HLA-B*08:01,KKKYRIKHL,0,9,0.042251654
HLA-B*08:01,KKKYRLKHL,0,9,0.015118196
HLA-B*08:01,KLLRGTKAL,0,9,0.017316733
HLA-B*08:01,KNKQKTQQA,0,9,0.009256164
HLA-B*08:01,KPCVKLTPL,0,9,0.025040904
HLA-B*08:01,KPCVRLTPL,0,9,0.029809715
HLA-B*08:01,KSRQKTQQV,0,9,0.037445277
HLA-B*08:01,KVHALFYTL,0,9,0.008287768
HLA-B*08:01,LALDQWASL,0,9,0.017313423
HLA-B*08:01,LALDRWNNL,0,9,0.11460374
HLA-B*08:01,LELDKWASL,0,9,0.021206085
HLA-B*08:01,LELDKWTSL,0,9,0.018288914
HLA-B*08:01,LFLHYITRL,0,9,0.03327406
HLA-B*08:01,LFPNKTIKF,0,9,0.009954236
HLA-B*08:01,LGIPHPAGL,0,9,0.010680177
HLA-B*08:01,LGLNKIVRM,0,9,0.03312156
HLA-B*08:01,LIAARTVEL,0,9,0.03326365
HLA-B*08:01,LIAKRIVEL,0,9,0.07726782
HLA-B*08:01,LIATRAVEL,0,9,0.028474564
HLA-B*08:01,LIATRTVEL,0,9,0.028680135
HLA-B*08:01,LIRKDKVYL,0,9,0.17068593
HLA-B*08:01,LKDQKFLGL,0,9,0.036934726
HLA-B*08:01,LKDQRFLGL,0,9,0.025286978
HLA-B*08:01,LKKKKSVTV,0,9,0.12209963
HLA-B*08:01,LKKKKSVTVL,0,10,0.10376694
HLA-B*08:01,LLELDKWTSL,0,10,0.011229121
HLA-B*08:01,LLIAKRIVEL,0,10,0.29784587
HLA-B*08:01,LLIATRTVEL,0,10,0.006307742
HLA-B*08:01,LLKCKDKRF,0,9,0.058615495
HLA-B*08:01,LLSDKKQKV,0,9,0.024352966
HLA-B*08:01,LLTDKKQKF,0,9,0.005106602
HLA-B*08:01,LLTDKKQKV,0,9,0.014657876
HLA-B*08:01,LLTDKKQQV,0,9,0.016083727
HLA-B*08:01,LMRYGRHPSF,0,10,0.0207385
HLA-B*08:01,LPSVSLKSL,0,9,0.0075432244
HLA-B*08:01,LQKLAQHSI,0,9,0.04937304
HLA-B*08:01,LTEEKIKAL,0,9,0.009548167
HLA-B*08:01,LVTARAVEL,0,9,0.029749453
HLA-B*08:01,LVTARVVEL,0,9,0.03288115
HLA-B*08:01,LVTTRVVEL,0,9,0.025309643
HLA-B*08:01,LYKYKIVEI,0,9,0.70962745
HLA-B*08:01,LYKYKVIEI,0,9,0.673916
HLA-B*08:01,LYKYKVVEI,0,9,0.5206036
HLA-B*08:01,LYKYKVVEV,0,9,0.45413354
HLA-B*08:01,LYKYKVVKI,0,9,0.39699093
HLA-B*08:01,LYKYKVVQI,0,9,0.5496226
HLA-B*08:01,MDFFKKEIL,0,9,0.01984351
HLA-B*08:01,MRYGRHPSF,0,9,0.048503447
HLA-B*08:01,MWQEVGQAM,0,9,0.028677538
HLA-B*08:01,MWQKVGQAM,0,9,0.0144286435
HLA-B*08:01,MYYAKRMLF,0,9,0.090841435
HLA-B*08:01,NAKNIIVHL,0,9,0.11064916
HLA-B*08:01,NAKNILVQF,0,9,0.01891117
HLA-B*08:01,NAKTIIVHL,0,9,0.11397024
HLA-B*08:01,NANLRNNTV,0,9,0.22281902
HLA-B*08:01,NFDMWKNEM,0,9,0.12908007
HLA-B*08:01,NFKGPRRTI,0,9,0.023299826
HLA-B*08:01,NFLREIMAF,0,9,0.055824585
HLA-B*08:01,NFNMWKNNL,0,9,0.12734619
HLA-B*08:01,NFNMWKNSM,0,9,0.20783116
HLA-B*08:01,NGRRTRHFL,0,9,0.016545167
HLA-B*08:01,NIKDNWRNEL,0,10,0.09997916
HLA-B*08:01,NIKDNWRSEL,0,10,0.10966789
HLA-B*08:01,NIKEYVYQL,0,9,0.11642076
HLA-B*08:01,NIKTIIVHL,0,9,0.19590907
HLA-B*08:01,NIKTIIVQL,0,9,0.18189108
HLA-B*08:01,NIMMQRSNF,0,9,0.021870175
HLA-B*08:01,NINKNRGSF,0,9,0.035052814
HLA-B*08:01,NKRKRVIGL,0,9,0.16324727
HLA-B*08:01,NLKTGSEEI,0,9,0.0842638
HLA-B*08:01,NLVRKYEKV,0,9,0.027566293
HLA-B*08:01,NMKDNWRSEL,0,10,0.094805494
HLA-B*08:01,NMRDNWRSEL,0,10,0.082947984
HLA-B*08:01,NMWQKVGQA,0,9,0.049839973
HLA-B*08:01,NMWQKVGQAM,0,10,0.048553877
HLA-B*08:01,NMWQRIGQA,0,9,0.18552709
HLA-B*08:01,NMWQRIGQAM,0,10,0.13439262
HLA-B*08:01,NMWQRVGQA,0,9,0.11632113
HLA-B*08:01,NMWQRVGQAM,0,10,0.07446255
HLA-B*08:01,NNKRTRTSI,0,9,0.06385628
HLA-B*08:01,NNNTKYMLI,0,9,0.03173487
HLA-B*08:01,NNTERIETF,0,9,0.014153047
HLA-B*08:01,NNTRKSISI,0,9,0.08278705
HLA-B*08:01,NPNPQEIHL,0,9,0.030086726
HLA-B*08:01,NPQEMKNCSF,0,10,0.0066313655
HLA-B*08:01,NQKTELQAI,0,9,0.015942004
HLA-B*08:01,NSSFREYRL,0,9,0.013165991
HLA-B*08:01,NVGKKLAEL,0,9,0.047821812
HLA-B*08:01,NVKTIIVHL,0,9,0.10119726
HLA-B*08:01,NYTEQIYEL,0,9,0.24696647
HLA-B*08:01,NYTNKIYDL,0,9,0.38110223
HLA-B*08:01,QDRDRSIRL,0,9,0.011243689
HLA-B*08:01,QDRDRSVRL,0,9,0.007868882
HLA-B*08:01,QELKKSAISL,0,10,0.024976548
HLA-B*08:01,QELKTSATSL,0,10,0.002722716
HLA-B*08:01,QGKNKRKRV,0,9,0.0044081104
HLA-B*08:01,QGQMVHQAL,0,9,0.017246723
HLA-B*08:01,QGQMVHQSM,0,9,0.009716709
HLA-B*08:01,QGRDRSIRL,0,9,0.03921982
HLA-B*08:01,QGRDRSVRF,0,9,0.0033798323
HLA-B*08:01,QGRDRSVRL,0,9,0.019897733
HLA-B*08:01,QGRTRSVRL,0,9,0.031869154
HLA-B*08:01,QGSTRSVRL,0,9,0.007336725
HLA-B*08:01,QHRTKIEEL,0,9,0.09102841
HLA-B*08:01,QIRDQAEHL,0,9,0.023800885
HLA-B*08:01,QLQARILAV,0,9,0.17772101
HLA-B*08:01,QLQARVLAL,0,9,0.07369498
HLA-B*08:01,QLQARVLAV,0,9,0.108829394
HLA-B*08:01,QLQTRILAI,0,9,0.13786021
HLA-B*08:01,QLQTRVLAI,0,9,0.07154901
HLA-B*08:01,QMHEDVISL,0,9,0.009475194
HLA-B*08:01,QMHTDIISL,0,9,0.014905574
HLA-B*08:01,QMQEDIISL,0,9,0.014887437
HLA-B*08:01,QMQEDVISL,0,9,0.007876559
HLA-B*08:01,QQKQKTQQA,0,9,0.02074938
HLA-B*08:01,QQRMLQLTV,0,9,0.0049410057
HLA-B*08:01,QYDQIPIEI,0,9,0.078530714
HLA-B*08:01,RDKKQKVHAL,0,10,0.06739472
HLA-B*08:01,RDKKQKVYAL,0,10,0.08115921
HLA-B*08:01,RDKKQKVYSL,0,10,0.060957484
HLA-B*08:01,RDRKQKVYAL,0,10,0.060169183
HLA-B*08:01,RGKQQKVHAL,0,10,0.06326201
HLA-B*08:01,RGRQKVVSL,0,9,0.27546176
HLA-B*08:01,RLGEKINPL,0,9,0.044389207
HLA-B*08:01,RPGGKKHYM,0,9,0.034522515
HLA-B*08:01,RPGGKKHYML,0,10,0.045154806
HLA-B*08:01,RPGGKKKYKL,0,10,0.016562287
HLA-B*08:01,RPGGKKQYRL,0,10,0.011111809
HLA-B*08:01,RPNNKIRTRM,0,10,0.036493544
HLA-B*08:01,RVRQGYSPL,0,9,0.052663002
HLA-B*08:01,RYRQRLISL,0,9,0.35284495
HLA-B*08:01,SAGERIVDM,0,9,0.13608158
HLA-B*08:01,SDKKQKVHAL,0,10,0.0913985
HLA-B*08:01,SFDPIPIHY,0,9,0.023364918
HLA-B*08:01,SFDPIPINY,0,9,0.019159582
HLA-B*08:01,SFNFPQITL,0,9,0.007757086
HLA-B*08:01,SGIRKVLFL,0,9,0.03939903
HLA-B*08:01,SGKDWKETL,0,9,0.056651972
HLA-B*08:01,SGKEWKGTL,0,9,0.068723604
HLA-B*08:01,SGKQWRETL,0,9,0.09949595
HLA-B*08:01,SGRNWKETL,0,9,0.048938386
HLA-B*08:01,SIAARTVEL,0,9,0.035092305
HLA-B*08:01,SIATRTVEL,0,9,0.029094761
HLA-B*08:01,SIQTTVNTL,0,9,0.0035442098
HLA-B*08:01,SIRYRQRLI,0,9,0.036757328
HLA-B*08:01,SIVTRTVEL,0,9,0.025343424
HLA-B*08:01,SLFNTIVTL,0,9,0.004027218
HLA-B*08:01,SLFNTVATL,0,9,0.002476987
HLA-B*08:01,SLFNTVITL,0,9,0.0041913264
HLA-B*08:01,SLFNTVVVL,0,9,0.0039813807
HLA-B*08:01,SLFYRLDVV,0,9,0.049082536
HLA-B*08:01,SLHQYKWYI,0,9,0.21530509
HLA-B*08:01,SLIAARTVEL,0,10,0.0062861214
HLA-B*08:01,SLKIMIPSM,0,9,0.29767075
HLA-B*08:01,SLYNAVVTL,0,9,0.0035358744
HLA-B*08:01,SLYNAVVVL,0,9,0.004074951
HLA-B*08:01,SLYNTIATL,0,9,0.0040137763
HLA-B*08:01,SLYNTITTL,0,9,0.0027770232
HLA-B*08:01,SLYNTIVTL,0,9,0.005514872
HLA-B*08:01,SLYNTVAVL,0,9,0.0029904675
HLA-B*08:01,SLYNTVVTL,0,9,0.0036192012
HLA-B*08:01,SMSPRTLNA,0,9,0.036124177
HLA-B*08:01,SNNIKTIIV,0,9,0.050899394
HLA-B*08:01,SNNVKTIIV,0,9,0.056865446
HLA-B*08:01,SNWLRYIQI,0,9,0.103562914
HLA-B*08:01,SPAIFQSSM,0,9,0.005737592
HLA-B*08:01,SPIDTVPVTL,0,10,0.007839347
HLA-B*08:01,SPKQEPITSL,0,10,0.037615854
HLA-B*08:01,SPLSFQTPL,0,9,0.025587168
HLA-B*08:01,SPLSFQTRL,0,9,0.0044467547
HLA-B*08:01,SPLSLQTPF,0,9,0.0024367154
HLA-B*08:01,SPNKGRPGNF,0,10,0.0052254014
HLA-B*08:01,SPSQKQEPI,0,9,0.05601854
HLA-B*08:01,SQAQHTNIL,0,9,0.0012661525
HLA-B*08:01,SQEMKNCSF,0,9,0.0016232904
HLA-B*08:01,SQTNKIIMM,0,9,0.0028532245
HLA-B*08:01,SRELKVSAI,0,9,0.012043974
HLA-B*08:01,STKSKFNGL,0,9,0.1173375
HLA-B*08:01,SVTARVVEL,0,9,0.03480476
HLA-B*08:01,SYDEIWNNM,0,9,0.18427275
HLA-B*08:01,SYLKHQQFL,0,9,0.08750885
HLA-B*08:01,SYRLLRDLSL,0,10,0.046538435
HLA-B*08:01,TDKKQKFYAL,0,10,0.117114976
HLA-B*08:01,TDKKQKVYAL,0,10,0.078902975
HLA-B*08:01,TDQKKKVYAL,0,10,0.053760592
HLA-B*08:01,TFDPIPIHY,0,9,0.030889185
HLA-B*08:01,TGNSSKVSL,0,9,0.022402167
HLA-B*08:01,TIQCRIKQI,0,9,0.21790266
HLA-B*08:01,TLGKVVKQL,0,9,0.009004091
HLA-B*08:01,TLHNVSKKL,0,9,0.0038894026
HLA-B*08:01,TLIKVVQKL,0,9,0.009258412
HLA-B*08:01,TLKAGSEEL,0,9,0.042728372
HLA-B*08:01,TLKQVTGKL,0,9,0.026769523
HLA-B*08:01,TLKQVTKKL,0,9,0.043839633
HLA-B*08:01,TLKRVAKKL,0,9,0.046764858
HLA-B*08:01,TLKTGSEEL,0,9,0.042131025
HLA-B*08:01,TLNQVAKKL,0,9,0.0040955166
HLA-B*08:01,TLPCRIKQI,0,9,0.08535493
HLA-B*08:01,TLPNKSDVL,0,9,0.003692201
HLA-B*08:01,TLRKVAKKL,0,9,0.030999418
HLA-B*08:01,TLRQVAKKL,0,9,0.028844321
HLA-B*08:01,TLSERISSKL,0,10,0.010991203
HLA-B*08:01,TLWQRPLVT,0,9,0.031388875
HLA-B*08:01,TLYKVSKKL,0,9,0.0037183035
HLA-B*08:01,TPQDLNMML,0,9,0.0020899952
HLA-B*08:01,TPQDLNTML,0,9,0.001281251
HLA-B*08:01,TPQDLNVML,0,9,0.002333564
HLA-B*08:01,VAKKLKEHF,0,9,0.037461344
HLA-B*08:01,VAKKLKEHL,0,9,0.15734074
HLA-B*08:01,VAKKLQEHF,0,9,0.015612362
HLA-B*08:01,VAKKLREHF,0,9,0.016191483
HLA-B*08:01,VIWGKTPKF,0,9,0.002236748
HLA-B*08:01,VLKYLGNLL,0,9,0.019904349
HLA-B*08:01,VLRDKKQKV,0,9,0.15606847
HLA-B*08:01,VLTDKKQQV,0,9,0.014402956
HLA-B*08:01,VPAMFTAAL,0,9,0.0094256895
HLA-B*08:01,VPRRKAKII,0,9,0.1663629
HLA-B*08:01,VPTDPNPQEL,0,10,0.004012806
HLA-B*08:01,VVKQLRKHF,0,9,0.009240965
HLA-B*08:01,VVRDKKQQV,0,9,0.30708286
HLA-B*08:01,VVRDKQQKV,0,9,0.09303708
HLA-B*08:01,VWKDADTTL,0,9,0.015678437
HLA-B*08:01,VWKDAETTL,0,9,0.021367682
HLA-B*08:01,VWKDATTTL,0,9,0.014822301
HLA-B*08:01,VWKEATTTL,0,9,0.020817101
HLA-B*08:01,VWRDAKTTL,0,9,0.024347404
HLA-B*08:01,VWRDANTTL,0,9,0.00824907
HLA-B*08:01,WGKTPKFRL,0,9,0.07265597
HLA-B*08:01,WPNYRTWGTL,0,10,0.14825933
HLA-B*08:01,YAGIKVKQL,0,9,0.073711924
HLA-B*08:01,YARKRSAHT,0,9,0.03974099
HLA-B*08:01,YHHLRDLIL,0,9,0.034723826
HLA-B*08:01,YHRLRDFIL,0,9,0.21717106
HLA-B*08:01,YHRLRDFLL,0,9,0.114235304
HLA-B*08:01,YHRLRDFSL,0,9,0.08259871
HLA-B*08:01,YHRLRDFVL,0,9,0.10606716
HLA-B*08:01,YHRLRDLLL,0,9,0.05653722
HLA-B*08:01,YHRLRDSVL,0,9,0.060536094
HLA-B*08:01,YIKNKTVFQL,0,10,0.40823394
HLA-B*08:01,YIRIFIMVI,0,9,0.35432336
HLA-B*08:01,YKVVKIEPL,0,9,0.061823826
HLA-B*08:01,YLKDQKFLGL,0,10,0.11298817
HLA-B*08:01,YLKDQQFLGL,0,10,0.062298596
HLA-B*08:01,YLKDQRFLGL,0,10,0.118686
HLA-B*08:01,YLKHQQFLGL,0,10,0.07832291
HLA-B*08:01,YPLASLRSL,0,9,0.032601528
HLA-B*08:01,YPLVSLKSL,0,9,0.024798462
HLA-B*08:01,YPMASLKSL,0,9,0.016840385
HLA-B*08:01,YRLLRDLSL,0,9,0.055741463
HLA-B*08:01,YSPLSFQTL,0,9,0.0039337804
HLA-B*08:01,YVDRFFKTL,0,9,0.01769377
HLA-B*08:01,YVDRFYKTL,0,9,0.017186029
HLA-B*08:01,YYDPSKDLV,0,9,0.29921743
HLA-B*15:02,AANTNIMIF,0,9,0.07246947
HLA-B*15:02,AENLWVTVY,0,9,0.18283506
HLA-B*15:02,AIMMQRSNF,0,9,0.023921872
HLA-B*15:02,AMYAPPISGM,0,10,0.02961925
HLA-B*15:02,ANNLWVTVY,0,9,0.41722247
HLA-B*15:02,APGSPTNLEF,0,10,0.014656847
HLA-B*15:02,AQWEREISNY,0,10,0.051881887
HLA-B*15:02,ASDLWVTVY,0,9,0.2120271
HLA-B*15:02,ASNLWVTVY,0,9,0.26201555
HLA-B*15:02,AVLSAATETY,0,10,0.058128804
HLA-B*15:02,AVNASLTNF,0,9,0.02655186
HLA-B*15:02,CMSNSRLSF,0,9,0.18976411
HLA-B*15:02,CSAPPGQHM,0,9,0.16938594
HLA-B*15:02,DIAGSTSTL,0,9,0.009222424
HLA-B*15:02,DIAGTTSTL,0,9,0.008969651
HLA-B*15:02,DIEITTHYF,0,9,0.1759645
HLA-B*15:02,DIIGDIRKAY,0,10,0.045850568
HLA-B*15:02,DIIGDIRQAY,0,10,0.16441438
HLA-B*15:02,DIIGDIRSAY,0,10,0.27621406
HLA-B*15:02,DIIGNIRQAY,0,10,0.14221855
HLA-B*15:02,DIIGSIRQAY,0,10,0.14235719
HLA-B*15:02,DIVGNIRQAY,0,10,0.11120021
HLA-B*15:02,DIVPLEGNF,0,9,0.02166295
HLA-B*15:02,DIVQMGENEY,0,10,0.08988052
HLA-B*15:02,DLEITMHHF,0,9,0.10956366
HLA-B*15:02,DLEITTHHF,0,9,0.22464514
HLA-B*15:02,DLEITTHSF,0,9,0.3331961
HLA-B*15:02,DLEITTHYF,0,9,0.23332658
HLA-B*15:02,DLETTMHHF,0,9,0.10446473
HLA-B*15:02,DLEVTMHHF,0,9,0.112777315
HLA-B*15:02,DLEVTTHSF,0,9,0.33531067
HLA-B*15:02,DLLKMCIKY,0,9,0.5084363
HLA-B*15:02,DLNNTTEIF,0,9,0.101967454
HLA-B*15:02,DLRNLCLFSY,0,10,0.25107703
HLA-B*15:02,DLRSLCLFSY,0,10,0.17533214
HLA-B*15:02,DLRSLFLFSY,0,10,0.12091892
HLA-B*15:02,DNFWVTVYY,0,9,0.19724573
HLA-B*15:02,DPIIGAETF,0,9,0.059943117
HLA-B*15:02,DPIIGAETFY,0,10,0.09618803
HLA-B*15:02,DQEIITHHF,0,9,0.14871061
HLA-B*15:02,DQEITTLHF,0,9,0.117897816
HLA-B*15:02,DQKKKVYAL,0,9,0.028654447
HLA-B*15:02,DSNGNHSENY,0,10,0.038705386
HLA-B*15:02,DSQNDSSKY,0,9,0.0080492
HLA-B*15:02,DSSENSSKY,0,9,0.013249616
HLA-B*15:02,DTFFRTSPM,0,9,0.17354189
HLA-B*15:02,DTGKVSQNY,0,9,0.031879928
HLA-B*15:02,DVIGDIRKAY,0,10,0.051140092
HLA-B*15:02,DVSQEVRKY,0,9,0.04132643
HLA-B*15:02,DVVGDIRKAY,0,10,0.035296783
HLA-B*15:02,EADKKVSQNY,0,10,0.048317995
HLA-B*15:02,EAVDKIEEM,0,9,0.03724635
HLA-B*15:02,EHFNKTIEF,0,9,0.19779979
HLA-B*15:02,EHFNRTITF,0,9,0.25475112
HLA-B*15:02,EIDIMKRCY,0,9,0.1980818
HLA-B*15:02,EIGNYTNQIY,0,10,0.041946683
HLA-B*15:02,EIIGDIRKAY,0,10,0.038255315
HLA-B*15:02,EIKDKKKIVY,0,10,0.023994101
HLA-B*15:02,EIRDKMQKVY,0,10,0.035925996
HLA-B*15:02,EIRDKRQQVY,0,10,0.07287269
HLA-B*15:02,EISNSTDTIY,0,10,0.013662168
HLA-B*15:02,EISNYSETIY,0,10,0.023064498
HLA-B*15:02,EISNYTDQIY,0,10,0.022675047
HLA-B*15:02,EISNYTDTIY,0,10,0.031084372
HLA-B*15:02,EISNYTDVIY,0,10,0.022507025
HLA-B*15:02,EISNYTEQIY,0,10,0.022597456
HLA-B*15:02,EISNYTGIIY,0,10,0.046489302
HLA-B*15:02,EISNYTNKIY,0,10,0.036555894
HLA-B*15:02,EISNYTNQIY,0,10,0.036305748
HLA-B*15:02,EISNYTNTIY,0,10,0.04630634
HLA-B*15:02,EISNYTQIIY,0,10,0.03933686
HLA-B*15:02,EISNYTSQIY,0,10,0.024931852
HLA-B*15:02,ELFPNKTIKF,0,10,0.10888975
HLA-B*15:02,ELIDKKHKVY,0,10,0.089311294
HLA-B*15:02,ELIRKDKVY,0,9,0.119891964
HLA-B*15:02,ELKISAISL,0,9,0.05278861
HLA-B*15:02,ELKISAISLF,0,10,0.031659752
HLA-B*15:02,ELKISAVSL,0,9,0.03692284
HLA-B*15:02,ELKISAVSLF,0,10,0.027930621
HLA-B*15:02,ELKKSAISL,0,9,0.03428166
HLA-B*15:02,ELKKSAISLF,0,10,0.02191553
HLA-B*15:02,ELKNSATSL,0,9,0.035700787
HLA-B*15:02,ELKSLFNTL,0,9,0.025965499
HLA-B*15:02,ELKSSAISL,0,9,0.054847453
HLA-B*15:02,ELKSSAISLF,0,10,0.0361709
HLA-B*15:02,ELKTSAISL,0,9,0.040538073
HLA-B*15:02,ELKTSAISLF,0,10,0.040542595
HLA-B*15:02,ELKTSATSL,0,9,0.03839498
HLA-B*15:02,ELKTSATSLY,0,10,0.10884162
HLA-B*15:02,ELKVSAISL,0,9,0.044063356
HLA-B*15:02,ELNKRTQDF,0,9,0.13085775
HLA-B*15:02,ELRAHLLSW,0,9,0.05054626
HLA-B*15:02,ELRDKKHKEY,0,10,0.03513884
HLA-B*15:02,ELRDKKQKVY,0,10,0.03713024
HLA-B*15:02,ELRDRKQKVY,0,10,0.027098019
HLA-B*15:02,ELRISAISL,0,9,0.39847046
HLA-B*15:02,ELRISAISLY,0,10,0.19815676
HLA-B*15:02,ELRTSAISL,0,9,0.3394659
HLA-B*15:02,ELRTSAISLF,0,10,0.14465351
HLA-B*15:02,ELRTSATSL,0,9,0.3237131
HLA-B*15:02,ELRTSATSLY,0,10,0.29659912
HLA-B*15:02,EPTAPPAESF,0,10,0.028245887
HLA-B*15:02,EQIWNNLTW,0,9,0.010792618
HLA-B*15:02,EQKAYVPAM,0,9,0.049636513
HLA-B*15:02,EQKAYVPAMF,0,10,0.054084357
HLA-B*15:02,ESFRKYTAF,0,9,0.14219138
HLA-B*15:02,ESYLKHQQF,0,9,0.09035529
HLA-B*15:02,ETKEFKTLY,0,9,0.045777015
HLA-B*15:02,ETKVGKAGY,0,9,0.014392636
HLA-B*15:02,ETNDTTEIF,0,9,0.013348736
HLA-B*15:02,ETPGIRYQY,0,9,0.012110939
HLA-B*15:02,ETSIYDAVSY,0,10,0.040861804
HLA-B*15:02,EVHNVWATY,0,9,0.36768666
HLA-B*15:02,EVIPMFSAL,0,9,0.05202561
HLA-B*15:02,EVNIVTDSQY,0,10,0.07282209
HLA-B*15:02,EWDKEISNY,0,9,0.078776
HLA-B*15:02,FCASDAKAY,0,9,0.06456895
HLA-B*15:02,FLENVTENF,0,9,0.11074022
HLA-B*15:02,FLGAAGSTM,0,9,0.26095775
HLA-B*15:02,FLGIAGSTM,0,9,0.3327131
HLA-B*15:02,FLGLAGSTM,0,9,0.34489495
HLA-B*15:02,FLGVAGSTM,0,9,0.43364343
HLA-B*15:02,FLSRWPNLF,0,9,0.19064474
HLA-B*15:02,FLYHRLRDF,0,9,0.11871346
HLA-B*15:02,FLYHRLSDF,0,9,0.34731528
HLA-B*15:02,FNDNELTTY,0,9,0.27606532
HLA-B*15:02,FNSTFNSTY,0,9,0.25745052
HLA-B*15:02,FSISKWLWY,0,9,0.13998567
HLA-B*15:02,FSPEVIPMF,0,9,0.014998302
HLA-B*15:02,FSVPLDESF,0,9,0.0421874
HLA-B*15:02,FVKCNILDVY,0,10,0.16628586
HLA-B*15:02,FYIDAEDSY,0,9,0.24538112
HLA-B*15:02,GENEYSSEY,0,9,0.037495103
HLA-B*15:02,GIKPVVSTQF,0,10,0.019984324
HLA-B*15:02,GIRIGPGQTF,0,10,0.041960645
HLA-B*15:02,GLIGLRIIF,0,9,0.045795057
HLA-B*15:02,GLIGLRIVF,0,9,0.05284671
HLA-B*15:02,GLNKIVRMY,0,9,0.06024021
HLA-B*15:02,GLSSINIKEY,0,10,0.01628741
HLA-B*15:02,GLTPEQKAY,0,9,0.026212474
HLA-B*15:02,GLYYQGSCY,0,9,0.2908328
HLA-B*15:02,GPKEPFRDY,0,9,0.031205392
HLA-B*15:02,GTEELKSLY,0,9,0.08845558
HLA-B*15:02,HEAEVHNVW,0,9,0.08169787
HLA-B*15:02,HESEVHNVW,0,9,0.07302451
HLA-B*15:02,HFENKTIKF,0,9,0.44566283
HLA-B*15:02,HFHNKTIKF,0,9,0.39763764
HLA-B*15:02,HFKNKTIIF,0,9,0.28082415
HLA-B*15:02,HFKNKTIVF,0,9,0.2868841
HLA-B*15:02,HFNNRTIIF,0,9,0.5509767
HLA-B*15:02,HFQNKTIRF,0,9,0.14526841
HLA-B*15:02,HFQNTTIQF,0,9,0.31487322
HLA-B*15:02,HFRNKTIKF,0,9,0.3043736
HLA-B*15:02,HGISLIKLY,0,9,0.050444152
HLA-B*15:02,HIEEVIGQF,0,9,0.121610604
HLA-B*15:02,HIGEVIGQF,0,9,0.10028136
HLA-B*15:02,HIQQTNIMM,0,9,0.16880016
HLA-B*15:02,HIVRHLIIF,0,9,0.09518404
HLA-B*15:02,HLDNSIRLM,0,9,0.72177345
HLA-B*15:02,HLENVTEEF,0,9,0.2538962
HLA-B*15:02,HLENVTENF,0,9,0.14084479
HLA-B*15:02,HLNRTKIEF,0,9,0.41362968
HLA-B*15:02,HLTEVHNVW,0,9,0.22539449
HLA-B*15:02,HMKNVTENF,0,9,0.2492716
HLA-B*15:02,HNDSNYSEY,0,9,0.18950771
HLA-B*15:02,HNISTSQEM,0,9,0.10715095
HLA-B*15:02,HQALSPRTL,0,9,0.057954494
HLA-B*15:02,HQAVSPRTL,0,9,0.084942065
HLA-B*15:02,HQKEPPFLW,0,9,0.009347349
HLA-B*15:02,HQSMSPRTL,0,9,0.034090146
HLA-B*15:02,HSFNCGGEF,0,9,0.054128736
HLA-B*15:02,HSFNCRGEF,0,9,0.044902377
HLA-B*15:02,HVPEVHNVW,0,9,0.049928736
HLA-B*15:02,IDVQSLHQY,0,9,0.0759484
HLA-B*15:02,IGNYTNQIY,0,9,0.10078816
HLA-B*15:02,IIENRLPYY,0,9,0.0750167
HLA-B*15:02,IIFDAVESL,0,9,0.013176075
HLA-B*15:02,IIGDIRKAY,0,9,0.08373491
HLA-B*15:02,IIGDIRQAY,0,9,0.27290246
HLA-B*15:02,IIGDIRSAY,0,9,0.3076961
HLA-B*15:02,IIGNIRQAY,0,9,0.118968405
HLA-B*15:02,IIGSIRQAY,0,9,0.09413072
HLA-B*15:02,IIMMQRSNF,0,9,0.07432858
HLA-B*15:02,IINRVRQGY,0,9,0.04386494
HLA-B*15:02,IIRDYGKQM,0,9,0.30470055
HLA-B*15:02,ILAALFMYY,0,9,0.36233634
HLA-B*15:02,ILHSDYKSF,0,9,0.07336114
HLA-B*15:02,ILITGLVIM,0,9,0.014474235
HLA-B*15:02,ILKTPVHGVY,0,10,0.10976299
HLA-B*15:02,IMNQLQPAL,0,9,0.09473949
HLA-B*15:02,INIGPGQVF,0,9,0.1714013
HLA-B*15:02,INIGPGQVFY,0,10,0.09157667
HLA-B*15:02,IPMENVIENF,0,10,0.059621222
HLA-B*15:02,IPMENVTENF,0,10,0.085935794
HLA-B*15:02,IPMGNVTENF,0,10,0.067285284
HLA-B*15:02,IPMKNVTENF,0,10,0.0343766
HLA-B*15:02,IPRRIRQGF,0,9,0.038122218
HLA-B*15:02,IQWEREISNY,0,10,0.08122177
HLA-B*15:02,ISFDPIPIHY,0,10,0.09012387
HLA-B*15:02,ISIGPGRVY,0,9,0.11736978
HLA-B*15:02,ISIGPGRVYY,0,10,0.096566744
HLA-B*15:02,ISKIGPENPY,0,10,0.050822735
HLA-B*15:02,ISNSTDTIY,0,9,0.032667555
HLA-B*15:02,ISNYSETIY,0,9,0.06280722
HLA-B*15:02,ISNYTDQIY,0,9,0.06934078
HLA-B*15:02,ISNYTDTIY,0,9,0.077725135
HLA-B*15:02,ISNYTDVIY,0,9,0.067598306
HLA-B*15:02,ISNYTEQIY,0,9,0.08254676
HLA-B*15:02,ISNYTGIIY,0,9,0.106876396
HLA-B*15:02,ISNYTNKIY,0,9,0.06848625
HLA-B*15:02,ISNYTNQIY,0,9,0.093918614
HLA-B*15:02,ISNYTNTIY,0,9,0.12839751
HLA-B*15:02,ISNYTQIIY,0,9,0.15869549
HLA-B*15:02,ISNYTSQIY,0,9,0.07151435
HLA-B*15:02,IVGGHQAAM,0,9,0.1243655
HLA-B*15:02,IVGNIRQAY,0,9,0.19638364
HLA-B*15:02,IVHLNESVM,0,9,0.28528765
HLA-B*15:02,IVKSLNKIY,0,9,0.0123543115
HLA-B*15:02,IVNRVRQGY,0,9,0.039862093
HLA-B*15:02,IVQMGENEY,0,9,0.09040525
HLA-B*15:02,IWDDLRSLF,0,9,0.49847206
HLA-B*15:02,IYDAVSYNAY,0,10,0.52920187
HLA-B*15:02,KAQEEHERY,0,9,0.055294517
HLA-B*15:02,KINSTNSKF,0,9,0.028820202
HLA-B*15:02,KLEKNCNAY,0,9,0.1128672
HLA-B*15:02,KLNWASQIY,0,9,0.12544702
HLA-B*15:02,KLQNFRVYY,0,9,0.14091618
HLA-B*15:02,KMIGGIGGF,0,9,0.0392646
HLA-B*15:02,KQACPKISF,0,9,0.08565638
HLA-B*15:02,KQGQDQWTY,0,9,0.0537876
HLA-B*15:02,KQITKLQNF,0,9,0.010688328
HLA-B*15:02,KQKFYALFY,0,9,0.12033461
HLA-B*15:02,KQKVHALFY,0,9,0.094988
HLA-B*15:02,KQKVYALFY,0,9,0.13901281
HLA-B*15:02,KQKVYSLFY,0,9,0.11445945
HLA-B*15:02,KQQKVSALF,0,9,0.028097767
HLA-B*15:02,KQQVHALFY,0,9,0.26289743
HLA-B*15:02,KTPVHGVYY,0,9,0.07180507
HLA-B*15:02,KTYMSNSTF,0,9,0.09595666
HLA-B*15:02,KVASSTTQY,0,9,0.112763055
HLA-B*15:02,KVVSSTTQY,0,9,0.091476835
HLA-B*15:02,KYLGGLVQY,0,9,0.08630351
HLA-B*15:02,KYLGNLLAY,0,9,0.16928346
HLA-B*15:02,KYLGSLVQY,0,9,0.1555703
HLA-B*15:02,LFNSTFNSTY,0,10,0.34018084
HLA-B*15:02,LFNTVATLY,0,9,0.59501463
HLA-B*15:02,LIDKKHKVY,0,9,0.23045969
HLA-B*15:02,LIDVQSLHQY,0,10,0.093707
HLA-B*15:02,LKTPVHGVY,0,9,0.102213524
HLA-B*15:02,LLHRCIYNY,0,9,0.14212745
HLA-B*15:02,LLTDKKQKF,0,9,0.015297939
HLA-B*15:02,LLTDKKQKVY,0,10,0.020275218
HLA-B*15:02,LMRYGRHPSF,0,10,0.050746538
HLA-B*15:02,LNDSSSSEY,0,9,0.06494479
HLA-B*15:02,LQRGWEALKY,0,10,0.0660766
HLA-B*15:02,LQRGWETLKY,0,10,0.07047142
HLA-B*15:02,LQWDKEISNY,0,10,0.055178996
HLA-B*15:02,LSMITMSAF,0,9,0.043779887
HLA-B*15:02,LSNSNSSEY,0,9,0.051780604
HLA-B*15:02,LSSINIKEY,0,9,0.028216716
HLA-B*15:02,LTDKKQKVY,0,9,0.12052297
HLA-B*15:02,LTDQKKKVY,0,9,0.079713665
HLA-B*15:02,LVAVHVASGY,0,10,0.18749587
HLA-B*15:02,LVQMDKSNRY,0,10,0.022658365
HLA-B*15:02,LVSGFLALF,0,9,0.027002126
HLA-B*15:02,LWQEVGRAM,0,9,0.08325033
HLA-B*15:02,LWQGVGQAM,0,9,0.036379047
HLA-B*15:02,LYNLFIDSY,0,9,0.51650524
HLA-B*15:02,LYNTIATLY,0,9,0.4249594
HLA-B*15:02,LYNTVAVLY,0,9,0.53932947
HLA-B*15:02,MEWDKEISNY,0,10,0.039415646
HLA-B*15:02,MGENEYSSEY,0,10,0.17896469
HLA-B*15:02,MQEDIISLW,0,9,0.026766026
HLA-B*15:02,MQEDVISLW,0,9,0.028493714
HLA-B*15:02,MQKVYALFY,0,9,0.41862774
HLA-B*15:02,MQWDKEISNY,0,10,0.13195182
HLA-B*15:02,MQWDREISNY,0,10,0.16549587
HLA-B*15:02,MQWEKEISNY,0,10,0.123981856
HLA-B*15:02,MSHANSNIM,0,9,0.13208285
HLA-B*15:02,MTIGPGHVF,0,9,0.18031642
HLA-B*15:02,MTIGPGHVFY,0,10,0.37173206
HLA-B*15:02,MWQAVGQAIY,0,10,0.1579612
HLA-B*15:02,MWQEVGQAM,0,9,0.19439772
HLA-B*15:02,MWQEVGQAMY,0,10,0.37446064
HLA-B*15:02,MWQEVGRAM,0,9,0.15132809
HLA-B*15:02,MWQEVGRAMY,0,10,0.36932993
HLA-B*15:02,MWQGAGQAM,0,9,0.08197968
HLA-B*15:02,MWQGAGQAMY,0,10,0.24783812
HLA-B*15:02,MWQGVGQAM,0,9,0.07883948
HLA-B*15:02,MWQGVGQAMY,0,10,0.3105099
HLA-B*15:02,MWQKVGQAM,0,9,0.14348866
HLA-B*15:02,MWQKVGQAMY,0,10,0.30069265
HLA-B*15:02,MWQRIGQAMY,0,10,0.17436615
HLA-B*15:02,MWQRVGQAM,0,9,0.13645288
HLA-B*15:02,MWQRVGQAMY,0,10,0.28260157
HLA-B*15:02,MYAPPISGM,0,9,0.44407982
HLA-B*15:02,NAKNILVQF,0,9,0.031368334
HLA-B*15:02,NANVTSSSM,0,9,0.1437678
HLA-B*15:02,NASDLWVTVY,0,10,0.15566526
HLA-B*15:02,NASNLWVTVY,0,10,0.22641519
HLA-B*15:02,NFLREIMAF,0,9,0.44480875
HLA-B*15:02,NFNDNELTTY,0,10,0.30780655
HLA-B*15:02,NFTGTGLCY,0,9,0.41198802
HLA-B*15:02,NGLYYQGSCY,0,10,0.2522255
HLA-B*15:02,NHSENYSEY,0,9,0.19908819
HLA-B*15:02,NIGPGQVFY,0,9,0.1251981
HLA-B*15:02,NIIGDIRKAY,0,10,0.025707964
HLA-B*15:02,NIMMQKGIF,0,9,0.10095709
HLA-B*15:02,NIMMQRSNF,0,9,0.115460694
HLA-B*15:02,NINKNRGSF,0,9,0.10443181
HLA-B*15:02,NITKGTETF,0,9,0.0713333
HLA-B*15:02,NKNDPNSTKY,0,10,0.11668503
HLA-B*15:02,NLWQEVGRAM,0,10,0.22375326
HLA-B*15:02,NLWQGVGQAM,0,10,0.5531176
HLA-B*15:02,NMWQEVGQAM,0,10,0.47563425
HLA-B*15:02,NMWQEVGRAM,0,10,0.24392125
HLA-B*15:02,NMWQGAGQAM,0,10,0.48821574
HLA-B*15:02,NMWQGVGQAM,0,10,0.5278565
HLA-B*15:02,NMWQKVGQAM,0,10,0.31628022
HLA-B*15:02,NMWQRIGQAM,0,10,0.22973642
HLA-B*15:02,NMWQRVGQAM,0,10,0.25347203
HLA-B*15:02,NPEIIIYQY,0,9,0.2066995
HLA-B*15:02,NPITKTTSDY,0,10,0.077157564
HLA-B*15:02,NPPIPVGDIY,0,10,0.05067888
HLA-B*15:02,NPPIPVGDLY,0,10,0.07136537
HLA-B*15:02,NPPIPVGEIY,0,10,0.052084077
HLA-B*15:02,NPPVPVGDIY,0,10,0.08935039
HLA-B*15:02,NPPVPVGEIY,0,10,0.10399179
HLA-B*15:02,NQRRPIKCF,0,9,0.05152629
HLA-B*15:02,NSSKVSLNY,0,9,0.07561367
HLA-B*15:02,NSSNGTETF,0,9,0.012843347
HLA-B*15:02,NSSNSNGEY,0,9,0.021636527
HLA-B*15:02,NSSNVSQNY,0,9,0.030185968
HLA-B*15:02,NSSPVSQNY,0,9,0.14802136
HLA-B*15:02,NSSWSNKSY,0,9,0.037406974
HLA-B*15:02,NSSWSNKTY,0,9,0.034486342
HLA-B*15:02,NSSWSNRSY,0,9,0.05917682
HLA-B*15:02,NSTWSNKSY,0,9,0.045186
HLA-B*15:02,NTKEENKTKY,0,10,0.042305063
HLA-B*15:02,NTSGLFNKTY,0,10,0.08564731
HLA-B*15:02,NTSGLFNSTY,0,10,0.21983849
HLA-B*15:02,NTSQLFNGTY,0,10,0.27078077
HLA-B*15:02,NTTNGTETF,0,9,0.026399242
HLA-B*15:02,NTTNLTASAY,0,10,0.1943661
HLA-B*15:02,NVMMQRGNF,0,9,0.054515745
HLA-B*15:02,NVRQEFGIPY,0,10,0.4316176
HLA-B*15:02,PIIENRLPY,0,9,0.08180804
HLA-B*15:02,PIIGAETFY,0,9,0.027170515
HLA-B*15:02,PLDESFRKY,0,9,0.277562
HLA-B*15:02,PLNDSSSSEY,0,10,0.050441932
HLA-B*15:02,PLSENSSEY,0,9,0.08876566
HLA-B*15:02,PMNDNNSEY,0,9,0.09439541
HLA-B*15:02,PPIPVGDIY,0,9,0.038830463
HLA-B*15:02,PPIPVGEIY,0,9,0.034717824
HLA-B*15:02,PPVPVGEIY,0,9,0.032343123
HLA-B*15:02,QARILAVESY,0,10,0.1838633
HLA-B*15:02,QEYNLVRKY,0,9,0.10235453
HLA-B*15:02,QIIEQLQSH,0,9,0.016378704
HLA-B*15:02,QLRPGGKKKY,0,10,0.008412662
HLA-B*15:02,QMAVFIHNF,0,9,0.30041906
HLA-B*15:02,QMHEDVISL,0,9,0.04578561
HLA-B*15:02,QMHTDIISL,0,9,0.09931941
HLA-B*15:02,QMQEDIISL,0,9,0.016117869
HLA-B*15:02,QMQEDVISL,0,9,0.013939554
HLA-B*15:02,QQKVHALFY,0,9,0.17542508
HLA-B*15:02,QQKVSALFY,0,9,0.19466914
HLA-B*15:02,QQMLQLTVW,0,9,0.03301429
HLA-B*15:02,QQRVQALFY,0,9,0.5486674
HLA-B*15:02,QTSVFSATVY,0,10,0.31865993
HLA-B*15:02,QVAGTGVQF,0,9,0.1270763
HLA-B*15:02,QVAGTGVQFY,0,10,0.10955591
HLA-B*15:02,QVNQNTVMM,0,9,0.16218269
HLA-B*15:02,QWDKEISNY,0,9,0.10348266
HLA-B*15:02,RAIEAQQHM,0,9,0.041098744
HLA-B*15:02,RAIEAQQQM,0,9,0.04877079
HLA-B*15:02,RAIEAQQRM,0,9,0.024186078
HLA-B*15:02,RAVGIGAVF,0,9,0.047990594
HLA-B*15:02,RIGPGQAFY,0,9,0.05568879
HLA-B*15:02,RIGPGQMFY,0,9,0.06468346
HLA-B*15:02,RIGPGQTFY,0,9,0.067592755
HLA-B*15:02,RIGPGQVFY,0,9,0.056796823
HLA-B*15:02,RIHPVQAGPY,0,10,0.02157822
HLA-B*15:02,RIRQGLERF,0,9,0.05742267
HLA-B*15:02,RKVASSTTQY,0,10,0.08055027
HLA-B*15:02,RKVVSSTTQY,0,10,0.10246317
HLA-B*15:02,RLGWEGLKY,0,9,0.043730132
HLA-B*15:02,RLGWEILKY,0,9,0.046698567
HLA-B*15:02,RLRPGGKKHY,0,10,0.016619673
HLA-B*15:02,RLRPGGKKKY,0,10,0.006098815
HLA-B*15:02,RLRPGGKKQY,0,10,0.014294356
HLA-B*15:02,RLWQGVGQAM,0,10,0.10124588
HLA-B*15:02,RMTIGPGHVF,0,10,0.018794805
HLA-B*15:02,RMWQGAGQAM,0,10,0.1625062
HLA-B*15:02,RMYSPISIL,0,9,0.062456004
HLA-B*15:02,RMYSPTSIL,0,9,0.059971757
HLA-B*15:02,RMYSPVSIL,0,9,0.043988965
HLA-B*15:02,RQGWEGLKY,0,9,0.034041252
HLA-B*15:02,RQGYSPLSF,0,9,0.033493403
HLA-B*15:02,RQQVYALFY,0,9,0.27782172
HLA-B*15:02,RQVAGTGVQF,0,10,0.039454427
HLA-B*15:02,RTIYNETSIY,0,10,0.048809927
HLA-B*15:02,RVTMGPGRVY,0,10,0.028178355
HLA-B*15:02,SANNLWVTVY,0,10,0.1723424
HLA-B*15:02,SCFPNEIKY,0,9,0.08550667
HLA-B*15:02,SCYILHSDY,0,9,0.5337204
HLA-B*15:02,SDNLWVTVY,0,9,0.32491758
HLA-B*15:02,SENLWVTVY,0,9,0.17157458
HLA-B*15:02,SENSSFREY,0,9,0.075286806
HLA-B*15:02,SEVHNVWATY,0,10,0.1510729
HLA-B*15:02,SFDPIPIHY,0,9,0.5291306
HLA-B*15:02,SFDPIPINY,0,9,0.34538752
HLA-B*15:02,SFEPIPIHY,0,9,0.22232433
HLA-B*15:02,SFGPGQTFY,0,9,0.12223314
HLA-B*15:02,SGLTPEQKAY,0,10,0.010010162
HLA-B*15:02,SGSKVSQNY,0,9,0.023060158
HLA-B*15:02,SIAARTVEL,0,9,0.049435943
HLA-B*15:02,SIGPGQVFY,0,9,0.05342543
HLA-B*15:02,SIGPGQVLF,0,9,0.016084345
HLA-B*15:02,SIGPGQVLFY,0,10,0.033293158
HLA-B*15:02,SIGPGRVYY,0,9,0.11290808
HLA-B*15:02,SIGQGQVFY,0,9,0.027779654
HLA-B*15:02,SIINRVRQGY,0,10,0.008829931
HLA-B*15:02,SILINHRFY,0,9,0.047166824
HLA-B*15:02,SINIGPGQVF,0,10,0.03924692
HLA-B*15:02,SINIKEYVY,0,9,0.11382487
HLA-B*15:02,SIRIGPGQAF,0,10,0.060823444
HLA-B*15:02,SIRIGPGQTF,0,10,0.052155763
HLA-B*15:02,SISIGPGRVY,0,10,0.038651057
HLA-B*15:02,SIVNRVRQGY,0,10,0.009225474
HLA-B*15:02,SKIGPENPY,0,9,0.050994616
HLA-B*15:02,SLDNVTENF,0,9,0.13788146
HLA-B*15:02,SLDSSNSSKY,0,10,0.112928696
HLA-B*15:02,SLFNAVAVL,0,9,0.03746379
HLA-B*15:02,SLFNTIAVL,0,9,0.037370596
HLA-B*15:02,SLFNTIVTL,0,9,0.021270914
HLA-B*15:02,SLFNTLAVL,0,9,0.023460597
HLA-B*15:02,SLFNTVATL,0,9,0.027331041
HLA-B*15:02,SLFNTVATLY,0,10,0.18773212
HLA-B*15:02,SLFNTVITL,0,9,0.034646753
HLA-B*15:02,SLIGLRIVF,0,9,0.115630165
HLA-B*15:02,SLKIMIPSM,0,9,0.021037772
HLA-B*15:02,SLVNVTENF,0,9,0.030048136
HLA-B*15:02,SLYNAVVTL,0,9,0.088759474
HLA-B*15:02,SLYNAVVVL,0,9,0.08594239
HLA-B*15:02,SLYNTIATL,0,9,0.075471066
HLA-B*15:02,SLYNTIATLY,0,10,0.15537992
HLA-B*15:02,SLYNTITTL,0,9,0.09906968
HLA-B*15:02,SLYNTIVTL,0,9,0.092932686
HLA-B*15:02,SLYNTVAVL,0,9,0.099189244
HLA-B*15:02,SLYNTVAVLY,0,10,0.21600996
HLA-B*15:02,SLYNTVVTL,0,9,0.08976428
HLA-B*15:02,SMGPGQAFF,0,9,0.11648456
HLA-B*15:02,SMGPGRAFY,0,9,0.30809563
HLA-B*15:02,SMGPGSAFY,0,9,0.20906422
HLA-B*15:02,SMTKILEPF,0,9,0.03310899
HLA-B*15:02,SMVISLLSM,0,9,0.07071296
HLA-B*15:02,SNDLWVTVY,0,9,0.41579676
HLA-B*15:02,SNNLWVTVY,0,9,0.39468914
HLA-B*15:02,SNSKNSSEY,0,9,0.029976219
HLA-B*15:02,SNSKVSQNY,0,9,0.034982815
HLA-B*15:02,SNYTDTIYY,0,9,0.08211476
HLA-B*15:02,SPAIFQSSM,0,9,0.11721928
HLA-B*15:02,SPLSLQTPF,0,9,0.026277633
HLA-B*15:02,SQAQHTNIL,0,9,0.04746923
HLA-B*15:02,SQAQQTNIM,0,9,0.03341823
HLA-B*15:02,SQEMKNCSF,0,9,0.07432091
HLA-B*15:02,SQTNHAIMM,0,9,0.08089436
HLA-B*15:02,SQVNQNTVM,0,9,0.04350942
HLA-B*15:02,SSIDTNWTM,0,9,0.018965328
HLA-B*15:02,SSSKISQNY,0,9,0.02668934
HLA-B*15:02,SSSKVSQNY,0,9,0.021814099
HLA-B*15:02,SSSMGNSSF,0,9,0.010890196
HLA-B*15:02,SSSNNSEEY,0,9,0.0092351595
HLA-B*15:02,SSSSNSSSF,0,9,0.0057538003
HLA-B*15:02,SSTSNSSSF,0,9,0.004915434
HLA-B*15:02,SSVQQTNVM,0,9,0.019294847
HLA-B*15:02,STNSTTETF,0,9,0.011990605
HLA-B*15:02,STRIGPGQVF,0,10,0.060235918
HLA-B*15:02,STSHIIQEY,0,9,0.091456525
HLA-B*15:02,STSIGPGQVF,0,10,0.021521416
HLA-B*15:02,STSMGPGRAF,0,10,0.032719217
HLA-B*15:02,STYMPNGTF,0,9,0.08742924
HLA-B*15:02,STYTPNGTF,0,9,0.037332576
HLA-B*15:02,SVGGHQAAM,0,9,0.081481166
HLA-B*15:02,SVNTVVRDF,0,9,0.02757126
HLA-B*15:02,SVQQTNVMM,0,9,0.030532112
HLA-B*15:02,SVRIGPGQM,0,9,0.03618828
HLA-B*15:02,SVRIGPGQMF,0,10,0.050578415
HLA-B*15:02,SVRIGPGQVF,0,10,0.07788961
HLA-B*15:02,SVRLVSGFF,0,9,0.11842192
HLA-B*15:02,SVSFGPGQTF,0,10,0.052787017
HLA-B*15:02,SVSMGPGQAF,0,10,0.037824
HLA-B*15:02,SVSMGPGSAF,0,10,0.04797847
HLA-B*15:02,SYILDTVNIY,0,10,0.05973998
HLA-B*15:02,TEVHNVWATY,0,10,0.21093307
HLA-B*15:02,TFDPIPIHY,0,9,0.66898775
HLA-B*15:02,TIGPGHVFY,0,9,0.4437529
HLA-B*15:02,TIMMQRGNF,0,9,0.055029158
HLA-B*15:02,TIMMQRSNF,0,9,0.12725858
HLA-B*15:02,TIVKSLNKIY,0,10,0.013445997
HLA-B*15:02,TIYNETSIY,0,9,0.16809252
HLA-B*15:02,TLIDVQSLH,0,9,0.04122009
HLA-B*15:02,TLIKVVQKL,0,9,0.017522719
HLA-B*15:02,TLKAGSEEL,0,9,0.17741969
HLA-B*15:02,TLNCTNAKF,0,9,0.2999293
HLA-B*15:02,TLYNLFIDSY,0,10,0.293686
HLA-B*15:02,TMDNSTKSKF,0,10,0.10794348
HLA-B*15:02,TMGPGRVYY,0,9,0.48847166
HLA-B*15:02,TPNGTFNSPF,0,10,0.07718127
HLA-B*15:02,TPPLVKLWY,0,9,0.119114116
HLA-B*15:02,TQACPKVSF,0,9,0.21541865
HLA-B*15:02,TQACPKVTF,0,9,0.13959633
HLA-B*15:02,TQLGCTLNF,0,9,0.04703981
HLA-B*15:02,TQWEREISNY,0,10,0.1682991
HLA-B*15:02,TRIGPGQVFY,0,10,0.08710925
HLA-B*15:02,TSGLFNKTY,0,9,0.068521835
HLA-B*15:02,TSGLFNSTY,0,9,0.18714938
HLA-B*15:02,TSIGPGQVF,0,9,0.12577064
HLA-B*15:02,TSIGPGQVFY,0,10,0.12206066
HLA-B*15:02,TSIGPGQVL,0,9,0.032888275
HLA-B*15:02,TSIGPGQVLF,0,10,0.03872874
HLA-B*15:02,TSIGQGQVF,0,9,0.04777589
HLA-B*15:02,TSIGQGQVFY,0,10,0.08257509
HLA-B*15:02,TSIYDAVSY,0,9,0.040538978
HLA-B*15:02,TSMGPGRAF,0,9,0.089980595
HLA-B*15:02,TSMGPGRAFY,0,10,0.17247657
HLA-B*15:02,TSQLFNGTY,0,9,0.17029002
HLA-B*15:02,TSVFSATVY,0,9,0.1553278
HLA-B*15:02,TTNLTASAY,0,9,0.19474271
HLA-B*15:02,TVGGHQAAM,0,9,0.19980964
HLA-B*15:02,TVKNFTNTNF,0,10,0.18844019
HLA-B*15:02,TVLDVGDAY,0,9,0.45500186
HLA-B*15:02,TVLDVGDAYF,0,10,0.25197738
HLA-B*15:02,TVMMQRGNF,0,9,0.053628348
HLA-B*15:02,TVVRDFENY,0,9,0.15625139
HLA-B*15:02,TYMPNGTFTF,0,10,0.2676507
HLA-B*15:02,VAGTGVQFY,0,9,0.0276538
HLA-B*15:02,VAKKLQEHF,0,9,0.0097198635
HLA-B*15:02,VANTNIMIF,0,9,0.08840005
HLA-B*15:02,VAVHVASGY,0,9,0.05571968
HLA-B*15:02,VIGDIRKAY,0,9,0.0662623
HLA-B*15:02,VIWGKTPKF,0,9,0.020526309
HLA-B*15:02,VLDVGDAYF,0,9,0.11129741
HLA-B*15:02,VLSAATETY,0,9,0.08370408
HLA-B*15:02,VNIVTDSQY,0,9,0.061993204
HLA-B*15:02,VPLDESFRKY,0,10,0.028874086
HLA-B*15:02,VPLSENSSEY,0,10,0.06303413
HLA-B*15:02,VPMNDNNSEY,0,10,0.11972588
HLA-B*15:02,VQMDKSNRY,0,9,0.06850698
HLA-B*15:02,VQWEREISNY,0,10,0.063447334
HLA-B*15:02,VSFDPIPIHY,0,10,0.06811548
HLA-B*15:02,VSFDPIPINY,0,10,0.0455396
HLA-B*15:02,VSFEPIPIHY,0,10,0.048421595
HLA-B*15:02,VSFGPGQTF,0,9,0.029496623
HLA-B*15:02,VSFGPGQTFY,0,10,0.09327916
HLA-B*15:02,VSMGPGQAF,0,9,0.07660455
HLA-B*15:02,VSMGPGQAFF,0,10,0.053438064
HLA-B*15:02,VSMGPGSAF,0,9,0.101662196
HLA-B*15:02,VSMGPGSAFY,0,10,0.109287724
HLA-B*15:02,VTFDPIPIHY,0,10,0.09711522
HLA-B*15:02,VTMGPGRVY,0,9,0.15479998
HLA-B*15:02,VTMGPGRVYY,0,10,0.20434436
HLA-B*15:02,VTVLDVGDAY,0,10,0.11341233
HLA-B*15:02,VVGDIRKAY,0,9,0.08918763
HLA-B*15:02,VVRDKKQQVY,0,10,0.05594898
HLA-B*15:02,WPNLFHILEY,0,10,0.34000325
HLA-B*15:02,WQAVGQAIY,0,9,0.08706498
HLA-B*15:02,WQEVGQAMY,0,9,0.21117242
HLA-B*15:02,WQEVGRAMY,0,9,0.50479776
HLA-B*15:02,WQGAGQAMY,0,9,0.05149
HLA-B*15:02,WQGVGQAMY,0,9,0.09016619
HLA-B*15:02,WQKVGQAMY,0,9,0.16888496
HLA-B*15:02,WQRIGQAMY,0,9,0.44949445
HLA-B*15:02,WQRVGQAMY,0,9,0.4956236
HLA-B*15:02,WSCFPNEIKY,0,10,0.078860514
HLA-B*15:02,YDAVSYNAY,0,9,0.4338009
HLA-B*15:02,YGENILHIY,0,9,0.22507992
HLA-B*15:02,YILDTVNIY,0,9,0.15730307
HLA-B*15:02,YILHSDYKSF,0,10,0.0439499
HLA-B*15:02,YKKSESESY,0,9,0.15775117
HLA-B*15:02,YLENVTENF,0,9,0.10494925
HLA-B*15:02,YMPNGTFTF,0,9,0.09164328
HLA-B*15:02,YNAYNTLVY,0,9,0.3982704
HLA-B*15:02,YPLASLRSL,0,9,0.12701105
HLA-B*15:02,YPLASLRSLF,0,10,0.17294869
HLA-B*15:02,YPMASLKSL,0,9,0.13043022
HLA-B*15:02,YPMASLKSLF,0,10,0.20751943
HLA-B*15:02,YRKSESESY,0,9,0.07854036
HLA-B*15:02,YTNGTFNSTF,0,10,0.1858683
HLA-B*40:01,AAEWDRIHPV,0,10,0.15035498
HLA-B*40:01,AAEWDRLHPI,0,10,0.14713705
HLA-B*40:01,AAEWDRLHPV,0,10,0.11216931
HLA-B*40:01,AAEWDRVHPV,0,10,0.0999641
HLA-B*40:01,ADAQLDAVL,0,9,0.20213962
HLA-B*40:01,AEAMSQTNKI,0,10,0.055568304
HLA-B*40:01,AEANCGLQTI,0,10,0.05646414
HLA-B*40:01,AEANNLGNI,0,9,0.030531889
HLA-B*40:01,AEDEIIIRS,0,9,0.269293
HLA-B*40:01,AEDFRLGEKI,0,10,0.21409069
HLA-B*40:01,AEDSYGCTL,0,9,0.43264315
HLA-B*40:01,AEDSYGCTLL,0,10,0.439936
HLA-B*40:01,AEDWEMGGKI,0,10,0.08736706
HLA-B*40:01,AEDWGMGEEI,0,10,0.26288632
HLA-B*40:01,AEDWGMGEEV,0,10,0.15216756
HLA-B*40:01,AEDWGMGEKI,0,10,0.3477052
HLA-B*40:01,AEEEIIISS,0,9,0.05883915
HLA-B*40:01,AEEEIIVSS,0,9,0.052658517
HLA-B*40:01,AEEWGMGEEI,0,10,0.15705447
HLA-B*40:01,AEGATPQDL,0,9,0.11212437
HLA-B*40:01,AEGTDRIIEI,0,10,0.05466398
HLA-B*40:01,AEGTDRIIEV,0,10,0.035348915
HLA-B*40:01,AEGTDRILEI,0,10,0.036157854
HLA-B*40:01,AEGTDRVIEI,0,10,0.027056338
HLA-B*40:01,AEHFPNKTI,0,9,0.19052805
HLA-B*40:01,AEHFQNKTI,0,9,0.15680519
HLA-B*40:01,AEHFRNKTI,0,9,0.040967338
HLA-B*40:01,AEHLKTAVQM,0,10,0.47989193
HLA-B*40:01,AELFPNKTI,0,9,0.1123426
HLA-B*40:01,AELRDKKQKV,0,10,0.02609244
HLA-B*40:01,AENLWVTVY,0,9,0.07122051
HLA-B*40:01,AENWGIGEEM,0,10,0.36340362
HLA-B*40:01,AEQMQEDVI,0,9,0.04163935
HLA-B*40:01,AETGQETAY,0,9,0.013230683
HLA-B*40:01,AETGQETAYF,0,10,0.024398673
HLA-B*40:01,AETKEFKTL,0,9,0.3136292
HLA-B*40:01,AEVHNVWAT,0,9,0.23754565
HLA-B*40:01,AEVNNIIDI,0,9,0.16682494
HLA-B*40:01,AEWDRIHPV,0,9,0.20972763
HLA-B*40:01,AEWDRLHPA,0,9,0.109335795
HLA-B*40:01,AEWDRLHPI,0,9,0.13044554
HLA-B*40:01,AEWDRLHPV,0,9,0.10429871
HLA-B*40:01,AEWDRVHPV,0,9,0.19131698
HLA-B*40:01,AEWTDRVIEA,0,10,0.15356456
HLA-B*40:01,AHEAEVHNVW,0,10,0.030967524
HLA-B*40:01,AHESEVHNVW,0,10,0.032254063
HLA-B*40:01,ANEFNLPPVV,0,10,0.28673887
HLA-B*40:01,AVELLGHGSL,0,10,0.5326563
HLA-B*40:01,AVELLGRNIL,0,10,0.4973769
HLA-B*40:01,AVEWDRTHPV,0,10,0.07367731
HLA-B*40:01,CEINGTNWF,0,9,0.0561044
HLA-B*40:01,CEINGTNWL,0,9,0.2245835
HLA-B*40:01,CESNITGIL,0,9,0.09268435
HLA-B*40:01,CESNITGILL,0,10,0.16243637
HLA-B*40:01,DEDHPSISL,0,9,0.5341069
HLA-B*40:01,DKEHLPSVSL,0,10,0.12358471
HLA-B*40:01,EEAAEWDRL,0,9,0.097470246
HLA-B*40:01,EEEGKISKI,0,9,0.0819546
HLA-B*40:01,EEHFKNKTI,0,9,0.02690635
HLA-B*40:01,EEIIIRSEDL,0,10,0.45999357
HLA-B*40:01,EEIIIRSENL,0,10,0.4444144
HLA-B*40:01,EEIIISSENL,0,10,0.22093236
HLA-B*40:01,EEIIVSSENL,0,10,0.193401
HLA-B*40:01,EEIIVSSKNL,0,10,0.11888111
HLA-B*40:01,EEIKSLFNTV,0,10,0.2849576
HLA-B*40:01,EEIKSLYNTI,0,10,0.28700417
HLA-B*40:01,EEIVVRSENL,0,10,0.3001913
HLA-B*40:01,EEIWENMTWM,0,10,0.12876835
HLA-B*40:01,EEIWGNMTW,0,9,0.0068640905
HLA-B*40:01,EEIWGNMTWI,0,10,0.100377105
HLA-B*40:01,EEIWGNMTWM,0,10,0.17677435
HLA-B*40:01,EEIWNNMTW,0,9,0.007458692
HLA-B*40:01,EEKAFSPEV,0,9,0.04891293
HLA-B*40:01,EEKGFNPEV,0,9,0.06518933
HLA-B*40:01,EEKGFSPEV,0,9,0.06886845
HLA-B*40:01,EELKSLFNTL,0,10,0.43082872
HLA-B*40:01,EENEKDLLAL,0,10,0.07727686
HLA-B*40:01,EENKTKYIL,0,9,0.28986576
HLA-B*40:01,EESFRFGEEM,0,10,0.1358883
HLA-B*40:01,EEWGMGEEI,0,9,0.043301202
HLA-B*40:01,EEYEKYRLI,0,9,0.047969528
HLA-B*40:01,ENEYSSEYRL,0,10,0.36856884
HLA-B*40:01,EQMHEDVISL,0,10,0.24213849
HLA-B*40:01,EQMQEDIISL,0,10,0.29842302
HLA-B*40:01,FENYVKQTC,0,9,0.03533231
HLA-B*40:01,GDEVNDTEIF,0,10,0.17721073
HLA-B*40:01,GEIIIRSENL,0,10,0.8556296
HLA-B*40:01,GEIYKRWII,0,9,0.41382214
HLA-B*40:01,GEIYKRWIIL,0,10,0.67922634
HLA-B*40:01,GELKNCSFNM,0,10,0.098290205
HLA-B*40:01,GENEYSSEY,0,9,0.0238222
HLA-B*40:01,GENILHIYF,0,9,0.38275358
HLA-B*40:01,GEPDRLRRI,0,9,0.0067232666
HLA-B*40:01,GEQDRDRSI,0,9,0.047971435
HLA-B*40:01,GEQDRDRSV,0,9,0.028161315
HLA-B*40:01,GEQGRDRSI,0,9,0.02827799
HLA-B*40:01,GEQGRDRSV,0,9,0.01757611
HLA-B*40:01,GEQGRTRSV,0,9,0.016930671
HLA-B*40:01,GEQGSTRSV,0,9,0.04992639
HLA-B*40:01,GGEQGSTRSV,0,10,0.14379866
HLA-B*40:01,GNETNDTTEI,0,10,0.24072373
HLA-B*40:01,GQDQWTYQI,0,9,0.46369725
HLA-B*40:01,GQNEDHPSI,0,9,0.30573648
HLA-B*40:01,GTEDNSTITI,0,10,0.36654344
HLA-B*40:01,GTENNGTITI,0,10,0.39749852
HLA-B*40:01,HDIDNAELF,0,9,0.3849373
HLA-B*40:01,HEAEVHNVW,0,9,0.14294186
HLA-B*40:01,HEPEVHNVW,0,9,0.024167461
HLA-B*40:01,HESEVHNVW,0,9,0.21365188
HLA-B*40:01,HETEVHNIW,0,9,0.1392332
HLA-B*40:01,HETEVHNVW,0,9,0.18778102
HLA-B*40:01,HKEYALFYRL,0,10,0.12078587
HLA-B*40:01,HQALSPRTL,0,9,0.17174459
HLA-B*40:01,HQAVSPRTL,0,9,0.20977964
HLA-B*40:01,HQPISPRTL,0,9,0.23235568
HLA-B*40:01,HQPITPRTL,0,9,0.23758389
HLA-B*40:01,HQPLSPRTL,0,9,0.18450995
HLA-B*40:01,HQPVSPRTL,0,9,0.22651383
HLA-B*40:01,HQSMSPRTL,0,9,0.20439075
HLA-B*40:01,HSENYSEYRL,0,10,0.6337145
HLA-B*40:01,IEAQQHLLQL,0,10,0.18228392
HLA-B*40:01,IEAQQHMLQL,0,10,0.20310749
HLA-B*40:01,IEAQQQMLQL,0,10,0.16096114
HLA-B*40:01,IEAQQRMLQL,0,10,0.24876074
HLA-B*40:01,IEELRAHLL,0,9,0.39529562
HLA-B*40:01,IEICGKKAI,0,9,0.056149893
HLA-B*40:01,IEIEPLGIA,0,9,0.06119849
HLA-B*40:01,IEIKDTKEAL,0,10,0.8010878
HLA-B*40:01,IEIPLVNVT,0,9,0.10613545
HLA-B*40:01,IEIRDTKEAL,0,10,0.82633907
HLA-B*40:01,IERYLKDQQL,0,10,0.6088313
HLA-B*40:01,IEVKDTKEAL,0,10,0.6358438
HLA-B*40:01,IEVKDTKEAV,0,10,0.13721713
HLA-B*40:01,IEVRDTKEAL,0,10,0.69260544
HLA-B*40:01,ILENFNDNEL,0,10,0.5636682
HLA-B*40:01,KDEDHPSISL,0,10,0.67195976
HLA-B*40:01,KDHHPPSVSL,0,10,0.41725126
HLA-B*40:01,KDHPPPLVSL,0,10,0.35037538
HLA-B*40:01,KDHRPPSVSL,0,10,0.50747097
HLA-B*40:01,KDKDHPPPL,0,9,0.34132603
HLA-B*40:01,KDKEHPPPL,0,9,0.40960202
HLA-B*40:01,KDLYPLASL,0,9,0.59165764
HLA-B*40:01,KEALDKIEEV,0,10,0.0465715
HLA-B*40:01,KEALDKIKEV,0,10,0.046576943
HLA-B*40:01,KEALDKLEEV,0,10,0.02334815
HLA-B*40:01,KEALDKMEEV,0,10,0.03978506
HLA-B*40:01,KEAVDKIEEM,0,10,0.24871138
HLA-B*40:01,KEENKTKYI,0,9,0.07997446
HLA-B*40:01,KEENKTKYIL,0,10,0.6947685
HLA-B*40:01,KEFKTLYNL,0,9,0.751165
HLA-B*40:01,KEFKTLYNLF,0,10,0.5146383
HLA-B*40:01,KEHFHNKTI,0,9,0.12842841
HLA-B*40:01,KEHFNKTIEF,0,10,0.36807457
HLA-B*40:01,KEHFNKTII,0,9,0.4250012
HLA-B*40:01,KEHFNKTIIF,0,10,0.45382208
HLA-B*40:01,KEHFNKTIKF,0,10,0.15552844
HLA-B*40:01,KEHFNKTIRF,0,10,0.26305565
HLA-B*40:01,KEHFNKTKTI,0,10,0.10901241
HLA-B*40:01,KEHFNNRTI,0,9,0.28358454
HLA-B*40:01,KEHFNNRTII,0,10,0.25254464
HLA-B*40:01,KEHFNRTITF,0,10,0.35341758
HLA-B*40:01,KEHFPNKTI,0,9,0.2729533
HLA-B*40:01,KEHFPNNTI,0,9,0.4908266
HLA-B*40:01,KEHLNRTKI,0,9,0.117024265
HLA-B*40:01,KEHLPSVSL,0,9,0.73682076
HLA-B*40:01,KEHLPSVSLK,0,10,0.033415522
HLA-B*40:01,KEHPPPLIS,0,9,0.064010926
HLA-B*40:01,KEHPPPLISL,0,10,0.59113413
HLA-B*40:01,KEIGNITEDV,0,10,0.22906731
HLA-B*40:01,KEILDWSIY,0,9,0.11520456
HLA-B*40:01,KEILDWSIYL,0,10,0.72265095
HLA-B*40:01,KEISNSTDTI,0,10,0.47992712
HLA-B*40:01,KEISNYTDTI,0,10,0.6146127
HLA-B*40:01,KEISNYTNTI,0,10,0.5350954
HLA-B*40:01,KEISNYTQI,0,9,0.37285915
HLA-B*40:01,KEISNYTQII,0,10,0.53104794
HLA-B*40:01,KEIWDNMTW,0,9,0.13088076
HLA-B*40:01,KEIWDNMTWI,0,10,0.6378229
HLA-B*40:01,KEKYPLVSL,0,9,0.5394567
HLA-B*40:01,KELKKIIGQI,0,10,0.2878244
HLA-B*40:01,KELQKQITKL,0,10,0.53595996
HLA-B*40:01,KELYPMASL,0,9,0.4867053
HLA-B*40:01,KEMEEEGKI,0,9,0.112715565
HLA-B*40:01,KENVHWTTY,0,9,0.14177002
HLA-B*40:01,KENVHWTTYM,0,10,0.43323973
HLA-B*40:01,KETINEEAV,0,9,0.21399435
HLA-B*40:01,KETQMNWPNL,0,10,0.39580864
HLA-B*40:01,KETQMNWPSL,0,10,0.52120465
HLA-B*40:01,KETQRNWPNL,0,10,0.20867753
HLA-B*40:01,KETQRSWPNL,0,10,0.20693123
HLA-B*40:01,KETQTNWPNL,0,10,0.33020705
HLA-B*40:01,KEVGNITDDF,0,10,0.29501858
HLA-B*40:01,KEVGNITEDV,0,10,0.063163646
HLA-B*40:01,KEWKGTLQNV,0,10,0.12960699
HLA-B*40:01,KEYALFYRL,0,9,0.7845076
HLA-B*40:01,KIEELRAHLL,0,10,0.48369533
HLA-B*40:01,KQACPKISF,0,9,0.19934337
HLA-B*40:01,KQEPIDKEL,0,9,0.48323447
HLA-B*40:01,KQEQKDKEHL,0,10,0.28909144
HLA-B*40:01,KQQKVSALF,0,9,0.107380055
HLA-B*40:01,KSESESYNEL,0,10,0.45068246
HLA-B*40:01,LEIDNEHIV,0,9,0.1777966
HLA-B*40:01,LEIGQHRTKI,0,10,0.025579778
HLA-B*40:01,LEKDPIIGA,0,9,0.09762799
HLA-B*40:01,LELAENREI,0,9,0.06378185
HLA-B*40:01,LELAENREIL,0,10,0.20479621
HLA-B*40:01,LELDKWASL,0,9,0.6203647
HLA-B*40:01,LELDKWTNL,0,9,0.56208783
HLA-B*40:01,LELDKWTSL,0,9,0.6941152
HLA-B*40:01,LENANIDSV,0,9,0.09317771
HLA-B*40:01,LENFNDNEL,0,9,0.19754113
HLA-B*40:01,LERFALNPGL,0,10,0.14950754
HLA-B*40:01,LERFAVNPGL,0,10,0.15854739
HLA-B*40:01,LESAEGCQQI,0,10,0.01753952
HLA-B*40:01,LESAEGCQQL,0,10,0.09875523
HLA-B*40:01,LESDTELEI,0,9,0.091391325
HLA-B*40:01,LETAEGCQQL,0,10,0.13467558
HLA-B*40:01,LEVSQTQQEI,0,10,0.07334618
HLA-B*40:01,LEYGENILHI,0,10,0.14073707
HLA-B*40:01,LKEHFPNNTI,0,10,0.102015205
HLA-B*40:01,LLELDKWASL,0,10,0.40620106
HLA-B*40:01,LLELDKWTNL,0,10,0.40556416
HLA-B*40:01,LLELDKWTSL,0,10,0.4136107
HLA-B*40:01,LSENSSEYRL,0,10,0.46725136
HLA-B*40:01,MAETKEFKTL,0,10,0.4120771
HLA-B*40:01,MDFFKKEIL,0,9,0.6286766
HLA-B*40:01,MEEEGKISKI,0,10,0.1259025
HLA-B*40:01,MEWDKEISNY,0,10,0.17031516
HLA-B*40:01,NDNELTTYL,0,9,0.23482873
HLA-B*40:01,NEDHPSISL,0,9,0.83275425
HLA-B*40:01,NEDNNTYRL,0,9,0.76809424
HLA-B*40:01,NEFNLPPVV,0,9,0.15883419
HLA-B*40:01,NEHIVRHLI,0,9,0.12717432
HLA-B*40:01,NELTTYLKI,0,9,0.03426066
HLA-B*40:01,NELTTYLKIL,0,10,0.031070188
HLA-B*40:01,NETNDTTEI,0,9,0.019184267
HLA-B*40:01,NETNDTTEIF,0,10,0.012489804
HLA-B*40:01,NETSIYDAV,0,9,0.10710132
HLA-B*40:01,NEYSSEYRL,0,9,0.46153787
HLA-B*40:01,NNEDNNTYRL,0,10,0.36584717
HLA-B*40:01,QECKNITII,0,9,0.1661608
HLA-B*40:01,QEENEKDLL,0,9,0.11428272
HLA-B*40:01,QEFGIPYNP,0,9,0.07903015
HLA-B*40:01,QEHFENKTI,0,9,0.10530727
HLA-B*40:01,QEHFKNKTI,0,9,0.045586903
HLA-B*40:01,QEHFKNKTII,0,10,0.10116349
HLA-B*40:01,QEHFTNKAI,0,9,0.14212409
HLA-B*40:01,QEINEKDLL,0,9,0.389893
HLA-B*40:01,QEIPLENVT,0,9,0.029425982
HLA-B*40:01,QEIPMENVI,0,9,0.07658734
HLA-B*40:01,QEIPMGNVT,0,9,0.01734456
HLA-B*40:01,QEIPMKNVT,0,9,0.020008508
HLA-B*40:01,QEKNEKDLL,0,9,0.20672657
HLA-B*40:01,QEKNEQDLL,0,9,0.23620732
HLA-B*40:01,QELKISAISL,0,10,0.35191742
HLA-B*40:01,QELKISAVSL,0,10,0.35172296
HLA-B*40:01,QELKKSAISL,0,10,0.34652004
HLA-B*40:01,QELKNSATSL,0,10,0.304851
HLA-B*40:01,QELKSSAISL,0,10,0.31324416
HLA-B*40:01,QELKTSAISL,0,10,0.30024055
HLA-B*40:01,QELKTSATSL,0,10,0.17178191
HLA-B*40:01,QELRISAISL,0,10,0.41525057
HLA-B*40:01,QELRTSAISL,0,10,0.37497863
HLA-B*40:01,QELRTSATSL,0,10,0.2899898
HLA-B*40:01,QEPITSLKSL,0,10,0.055311028
HLA-B*40:01,QEQKDKEHL,0,9,0.04143573
HLA-B*40:01,QERNEKDLL,0,9,0.18397398
HLA-B*40:01,QETAYFLLKL,0,10,0.09548376
HLA-B*40:01,QETREKDHPL,0,10,0.023062091
HLA-B*40:01,QEYNLVRKY,0,9,0.03481383
HLA-B*40:01,QNEDHPSISL,0,10,0.45329198
HLA-B*40:01,QQDKNEKEL,0,9,0.35610607
HLA-B*40:01,QQDKNEREL,0,9,0.40928486
HLA-B*40:01,QQDRNEKEL,0,9,0.35107496
HLA-B*40:01,QQEENEKDLL,0,10,0.43821818
HLA-B*40:01,QQEINEKDLL,0,10,0.5008886
HLA-B*40:01,QQEKNEKDLL,0,10,0.34841037
HLA-B*40:01,QQEKNEQDLL,0,10,0.40018812
HLA-B*40:01,QQERNEKDLL,0,10,0.37542439
HLA-B*40:01,RCESNITGIL,0,10,0.4536357
HLA-B*40:01,REEPDRPERI,0,10,0.04294015
HLA-B*40:01,REHFPNKTI,0,9,0.3118723
HLA-B*40:01,REIGNYTNQI,0,10,0.6057617
HLA-B*40:01,REILKTPVH,0,9,0.1790628
HLA-B*40:01,REISNYSET,0,9,0.09957717
HLA-B*40:01,REISNYSETI,0,10,0.58679056
HLA-B*40:01,REISNYTDQI,0,10,0.61102813
HLA-B*40:01,REISNYTDV,0,9,0.21249259
HLA-B*40:01,REISNYTDVI,0,10,0.72125804
HLA-B*40:01,REISNYTEQI,0,10,0.54743016
HLA-B*40:01,REISNYTGI,0,9,0.3371885
HLA-B*40:01,REISNYTGII,0,10,0.61875266
HLA-B*40:01,REISNYTNKI,0,10,0.51792437
HLA-B*40:01,REISNYTNQI,0,10,0.5537828
HLA-B*40:01,REISNYTNTI,0,10,0.5900348
HLA-B*40:01,REISNYTSQI,0,10,0.5178752
HLA-B*40:01,REKDHPLTS,0,9,0.017172469
HLA-B*40:01,REKDHPLTSL,0,10,0.6201857
HLA-B*40:01,REKRAVIGI,0,9,0.19631965
HLA-B*40:01,RELKVSAISL,0,10,0.6337882
HLA-B*40:01,RELNKRTQDF,0,10,0.04729491
HLA-B*40:01,REPDKEKYPL,0,10,0.5085373
HLA-B*40:01,REPDKPEGI,0,9,0.071412325
HLA-B*40:01,REPDKPERI,0,9,0.07664324
HLA-B*40:01,REPDRPEEI,0,9,0.08025803
HLA-B*40:01,REPDRPEGI,0,9,0.037398614
HLA-B*40:01,REPDRPERI,0,9,0.038155206
HLA-B*40:01,REPDRPGRI,0,9,0.024075558
HLA-B*40:01,RETQMNWPNL,0,10,0.48448023
HLA-B*40:01,RETQRNWPNL,0,10,0.31556207
HLA-B*40:01,RETWETWWM,0,9,0.6186089
HLA-B*40:01,RKDHPLTSL,0,9,0.44180176
HLA-B*40:01,RQGYSPLSL,0,9,0.33213997
HLA-B*40:01,RQYDQIPIEI,0,10,0.34655184
HLA-B*40:01,RSESEIVNQI,0,10,0.3320621
HLA-B*40:01,SDATLNASL,0,9,0.25165775
HLA-B*40:01,SEAVANNNKI,0,10,0.06102025
HLA-B*40:01,SEDGDYMLV,0,9,0.20967732
HLA-B*40:01,SEDGEYMLV,0,9,0.3222486
HLA-B*40:01,SEEYEKYRL,0,9,0.48477063
HLA-B*40:01,SEGATPQDL,0,9,0.0819148
HLA-B*40:01,SEIWDNMTW,0,9,0.02345248
HLA-B*40:01,SEIWDNMTWL,0,10,0.51416063
HLA-B*40:01,SELNAIGNI,0,9,0.036343753
HLA-B*40:01,SELYKYKIV,0,9,0.038109016
HLA-B*40:01,SELYKYKVV,0,9,0.06539796
HLA-B*40:01,SENLWVTVY,0,9,0.04915933
HLA-B*40:01,SENSSEYRL,0,9,0.39268875
HLA-B*40:01,SENSSEYRLI,0,10,0.03819988
HLA-B*40:01,SENSSFREY,0,9,0.018558128
HLA-B*40:01,SENSSKYRL,0,9,0.31052533
HLA-B*40:01,SENSSKYRLI,0,10,0.028867185
HLA-B*40:01,SENYSEYRL,0,9,0.41869563
HLA-B*40:01,SENYSEYRLI,0,10,0.041614953
HLA-B*40:01,SESEIVNQI,0,9,0.13932453
HLA-B*40:01,SESEIVNQII,0,10,0.1941487
HLA-B*40:01,SESESYNEL,0,9,0.25007305
HLA-B*40:01,SESESYNELI,0,10,0.03552651
HLA-B*40:01,SESYNELIKI,0,10,0.030355794
HLA-B*40:01,SEVHNVWAT,0,9,0.1646017
HLA-B*40:01,SQAQHTNIL,0,9,0.17946012
HLA-B*40:01,SQAQQTNIL,0,9,0.16217662
HLA-B*40:01,SQAQQTNIM,0,9,0.11453082
HLA-B*40:01,SQEEIWENM,0,9,0.3755722
HLA-B*40:01,SQTEIWENM,0,9,0.3533843
HLA-B*40:01,SQTNKIIMM,0,9,0.15671292
HLA-B*40:01,SQVNQNTVM,0,9,0.121920094
HLA-B*40:01,SSENSSKYRL,0,10,0.4641519
HLA-B*40:01,TEDNSTITI,0,9,0.29481465
HLA-B*40:01,TEDVRNCSF,0,9,0.4949077
HLA-B*40:01,TEEVKNCTF,0,9,0.106448784
HLA-B*40:01,TEGFNGTII,0,9,0.03327191
HLA-B*40:01,TEGFNGTIIL,0,10,0.1822521
HLA-B*40:01,TEGLNGTII,0,9,0.023027271
HLA-B*40:01,TEGLNGTIIL,0,10,0.12876578
HLA-B*40:01,TEIKDKKKI,0,9,0.02432473
HLA-B*40:01,TEIRDKKQKV,0,10,0.05131467
HLA-B*40:01,TEIRDKMQKV,0,10,0.24475865
HLA-B*40:01,TEIRDKRQQV,0,10,0.06710863
HLA-B*40:01,TEIRGKQQKV,0,10,0.049683623
HLA-B*40:01,TEIWENMTW,0,9,0.022758504
HLA-B*40:01,TEIWENMTWM,0,10,0.42334804
HLA-B*40:01,TELEIDNEHI,0,10,0.2802846
HLA-B*40:01,TELIDKKHKV,0,10,0.026935266
HLA-B*40:01,TELQAIKLAL,0,10,0.30456597
HLA-B*40:01,TENNGTITI,0,9,0.08498766
HLA-B*40:01,TEPDRPERI,0,9,0.010853186
HLA-B*40:01,TEQIYELLI,0,9,0.05203278
HLA-B*40:01,TERLNDTII,0,9,0.08160917
HLA-B*40:01,TERLNDTIIL,0,10,0.25797552
HLA-B*40:01,TETTNQKTEL,0,10,0.36041862
HLA-B*40:01,TEVVQKIAM,0,9,0.5982814
HLA-B*40:01,TEWGKTLKQV,0,10,0.03126857
HLA-B*40:01,TEWNETIIQV,0,10,0.22111276
HLA-B*40:01,TEWNETLNQV,0,10,0.059303943
HLA-B*40:01,TKEFKTLYNL,0,10,0.16902313
HLA-B*40:01,TQACPKVSF,0,9,0.1139033
HLA-B*40:01,TQACPKVTF,0,9,0.07925504
HLA-B*40:01,TQDFWEVQL,0,9,0.45500344
HLA-B*40:01,TQEQIWNNL,0,9,0.5501853
HLA-B*40:01,TQFLLNGSL,0,9,0.21960565
HLA-B*40:01,TVELLGHSSL,0,10,0.57310706
HLA-B*40:01,TVELLGRRSL,0,10,0.26699436
HLA-B*40:01,TVELLGRSSL,0,10,0.5054702
HLA-B*40:01,VDFNGYTPL,0,9,0.51867
HLA-B*40:01,VEHFQNTTI,0,9,0.3034057
HLA-B*40:01,VEIEPLGLA,0,9,0.038912397
HLA-B*40:01,VEIKPLGVA,0,9,0.07574197
HLA-B*40:01,VEINCTRPF,0,9,0.045558315
HLA-B*40:01,VELLGHGSL,0,9,0.37445167
HLA-B*40:01,VELLGHSSL,0,9,0.48547977
HLA-B*40:01,VELLGRNIL,0,9,0.22898483
HLA-B*40:01,VELLGRNSL,0,9,0.4034951
HLA-B*40:01,VELLGRRSL,0,9,0.07558242
HLA-B*40:01,VELLGRSSL,0,9,0.36654744
HLA-B*40:01,VELTPLCVTL,0,10,0.18290779
HLA-B*40:01,VEQMHEDVI,0,9,0.062006295
HLA-B*40:01,VEQMHTDII,0,9,0.050556388
HLA-B*40:01,VEQMQEDII,0,9,0.037386235
HLA-B*40:01,VEQMQEDVI,0,9,0.03967124
HLA-B*40:01,VERYLKDQQF,0,10,0.15721646
HLA-B*40:01,VERYLRDQQL,0,10,0.29683
HLA-B*40:01,VESFIEVISL,0,10,0.17865483
HLA-B*40:01,VESYLKHQQF,0,10,0.10292845
HLA-B*40:01,VEWDRTHPV,0,9,0.12556951
HLA-B*40:01,VQFNTPVQI,0,9,0.10800779
HLA-B*40:01,VVELLGRNIL,0,10,0.4997358
HLA-B*40:01,VVELLGRNSL,0,10,0.45621112
HLA-B*40:01,VVELLGRSSL,0,10,0.41708818
HLA-B*40:01,WEALKYLGSL,0,10,0.562554
HLA-B*40:01,WEDLRSLCL,0,9,0.63044274
HLA-B*40:01,WEFVNTPPL,0,9,0.43656832
HLA-B*40:01,WEMGGKINPL,0,10,0.59430593
HLA-B*40:01,WETLKYLGSL,0,10,0.417632
HLA-B*40:01,YCEINGTNWF,0,10,0.44177505
HLA-B*40:01,YCEINGTNWL,0,10,0.6233028
HLA-B*40:01,YEKVDKTIV,0,9,0.3715264
HLA-B*40:01,YELHPDRWTV,0,10,0.37053505
HLA-B*40:01,YETEKHNVW,0,9,0.105895035
HLA-B*40:01,YETEVHNVW,0,9,0.2613015
HLA-B*40:01,YLESDTELEI,0,10,0.29420844
HLA-B*40:01,YQLVNNDHL,0,9,0.45626134
HLA-C*04:01,AADKLWVTV,0,9,0.078534536
HLA-C*04:01,AEDSYGCTL,0,9,0.06832017
HLA-C*04:01,AFSPEVIPM,0,9,0.19063255
HLA-C*04:01,AHEPEVHNV,0,9,0.0883068
HLA-C*04:01,AIEAQQHLL,0,9,0.018005507
HLA-C*04:01,AIEAQQHML,0,9,0.03007719
HLA-C*04:01,ALDQWASLW,0,9,0.09957857
HLA-C*04:01,ALDSWKNLW,0,9,0.05433057
HLA-C*04:01,ALENVTENF,0,9,0.1372825
HLA-C*04:01,ALQDSGSEV,0,9,0.10368044
HLA-C*04:01,ALQTGTEEL,0,9,0.035910387
HLA-C*04:01,AMDAPPISGM,0,10,0.13739009
HLA-C*04:01,APEAQQHLL,0,9,0.057911325
HLA-C*04:01,APGSPTNLEF,0,10,0.03180201
HLA-C*04:01,APPAPPEESF,0,10,0.016318956
HLA-C*04:01,APPEESFRF,0,9,0.025237452
HLA-C*04:01,APPGQHMLL,0,9,0.034153804
HLA-C*04:01,ASDLWVTVY,0,9,0.038329627
HLA-C*04:01,ASDNFWVTV,0,9,0.25830063
HLA-C*04:01,ASDNLWVTV,0,9,0.27602276
HLA-C*04:01,ATDIQTKEL,0,9,0.07244354
HLA-C*04:01,AWDDLRNLC,0,9,0.37009344
HLA-C*04:01,AWDDLRNLCL,0,10,0.26925474
HLA-C*04:01,AWDDLRSLC,0,9,0.38634562
HLA-C*04:01,AWDDLRSLCL,0,10,0.22974442
HLA-C*04:01,AYAEVNNII,0,9,0.10196076
HLA-C*04:01,AYDPEVHNV,0,9,0.699683
HLA-C*04:01,AYDPEVHNVW,0,10,0.33696198
HLA-C*04:01,AYDTEVHNV,0,9,0.83264357
HLA-C*04:01,AYDTEVHNVW,0,10,0.4779214
HLA-C*04:01,AYETEKHNV,0,9,0.24616037
HLA-C*04:01,AYETEVHNV,0,9,0.5108525
HLA-C*04:01,AYNTLVYLL,0,9,0.2069778
HLA-C*04:01,DEDHPSISL,0,9,0.1515634
HLA-C*04:01,DHHPPSVSL,0,9,0.033692088
HLA-C*04:01,DHPPPLVSL,0,9,0.026135093
HLA-C*04:01,DHRPPSVSL,0,9,0.02796932
HLA-C*04:01,DIEITTHYF,0,9,0.19027008
HLA-C*04:01,DLDDVPSVV,0,9,0.29105565
HLA-C*04:01,DLEITTHHF,0,9,0.28042713
HLA-C*04:01,DLEITTHSF,0,9,0.25276694
HLA-C*04:01,DLEITTHYF,0,9,0.27986464
HLA-C*04:01,DLETTMHHF,0,9,0.34107733
HLA-C*04:01,DLEVTTHSF,0,9,0.24712862
HLA-C*04:01,DPEVTMHHF,0,9,0.15392408
HLA-C*04:01,DPNPIEISL,0,9,0.11007559
HLA-C*04:01,DPNPQEIAL,0,9,0.10750035
HLA-C*04:01,DPNPQEIFL,0,9,0.13266335
HLA-C*04:01,DPNPQEIHL,0,9,0.13477711
HLA-C*04:01,DPNPQEIHM,0,9,0.1614095
HLA-C*04:01,DPNPQEIYL,0,9,0.10648759
HLA-C*04:01,DPNPQELSL,0,9,0.0728916
HLA-C*04:01,DPNPQEVVL,0,9,0.08661909
HLA-C*04:01,DQEIITHHF,0,9,0.15439752
HLA-C*04:01,EAQQHLLQL,0,9,0.08310248
HLA-C*04:01,EAVDKIEEM,0,9,0.15238532
HLA-C*04:01,EHPPPLISL,0,9,0.027078211
HLA-C*04:01,EKDHPLTSL,0,9,0.057687256
HLA-C*04:01,EPDKEKYPL,0,9,0.06934043
HLA-C*04:01,EWDKEISNY,0,9,0.29771823
HLA-C*04:01,EWNETIIQV,0,9,0.61671317
HLA-C*04:01,EWNETLNQV,0,9,0.5483672
HLA-C*04:01,FFLDRVLNI,0,9,0.7604887
HLA-C*04:01,FFYCNTSKL,0,9,0.33525673
HLA-C*04:01,FFYCNTSQL,0,9,0.3490288
HLA-C*04:01,FFYCNTSTL,0,9,0.23517947
HLA-C*04:01,FFYCNTTKL,0,9,0.35021257
HLA-C*04:01,FGEETTTPL,0,9,0.043533735
HLA-C*04:01,FGNNTIIRF,0,9,0.0788369
HLA-C*04:01,FIDAANTNI,0,9,0.20221399
HLA-C*04:01,FIDSYLQKL,0,9,0.10355625
HLA-C*04:01,FIDVANTNI,0,9,0.27948946
HLA-C*04:01,FLENVTENF,0,9,0.3308568
HLA-C*04:01,FLSRWPNLF,0,9,0.04981814
HLA-C*04:01,FNDNELTTY,0,9,0.23685701
HLA-C*04:01,FNDNELTTYL,0,10,0.17062901
HLA-C*04:01,FNDNETITI,0,9,0.16625412
HLA-C*04:01,FNPEVIPMF,0,9,0.2147552
HLA-C*04:01,FPISPIDTV,0,9,0.08847678
HLA-C*04:01,FPNEIKYKI,0,9,0.0919774
HLA-C*04:01,FPQGKAGEL,0,9,0.120163
HLA-C*04:01,FQPPSGGDL,0,9,0.021774309
HLA-C*04:01,FQPPVGGDL,0,9,0.030945923
HLA-C*04:01,FRDYVDRFF,0,9,0.11807471
HLA-C*04:01,FRDYVDRFY,0,9,0.086017504
HLA-C*04:01,FSPEVIPMF,0,9,0.2529749
HLA-C*04:01,FWDDLRNLC,0,9,0.43904203
HLA-C*04:01,FWDDLRNLCL,0,10,0.3526346
HLA-C*04:01,FYCNTSQLF,0,9,0.49100238
HLA-C*04:01,FYCNTSTLF,0,9,0.5140477
HLA-C*04:01,FYCNTTKLF,0,9,0.3702588
HLA-C*04:01,FYIDAEDSY,0,9,0.18434742
HLA-C*04:01,FYKLDIVQM,0,9,0.25559217
HLA-C*04:01,FYKLDLVSL,0,9,0.15305303
HLA-C*04:01,GAPGSPTNL,0,9,0.030081898
HLA-C*04:01,GGDPEITMF,0,9,0.1613028
HLA-C*04:01,GGDPEITML,0,9,0.09178317
HLA-C*04:01,GGDQEITTL,0,9,0.053466704
HLA-C*04:01,GQDQWTYQI,0,9,0.16374288
HLA-C*04:01,GTDNSTITI,0,9,0.103129275
HLA-C*04:01,GWTDRIIEV,0,9,0.37582088
HLA-C*04:01,GWTDRVIEV,0,9,0.28047863
HLA-C*04:01,GYSPLSLQI,0,9,0.27128845
HLA-C*04:01,HFENKTIKF,0,9,0.28700373
HLA-C*04:01,HFHNKTIKF,0,9,0.12859425
HLA-C*04:01,HFKNKTIVF,0,9,0.066722885
HLA-C*04:01,HFNCGGEFF,0,9,0.4794851
HLA-C*04:01,HFNNRTIIF,0,9,0.17412618
HLA-C*04:01,HFPNKTIHF,0,9,0.3150377
HLA-C*04:01,HFPNKTIKF,0,9,0.16900842
HLA-C*04:01,HFPNKTIRF,0,9,0.16939317
HLA-C*04:01,HFPNNTINF,0,9,0.22777025
HLA-C*04:01,HFQNKTIRF,0,9,0.21932104
HLA-C*04:01,HFQNTTIQF,0,9,0.28371453
HLA-C*04:01,HFRNKTIKF,0,9,0.07524873
HLA-C*04:01,HFTNKAIKF,0,9,0.17635396
HLA-C*04:01,HIEEVIGQF,0,9,0.2202957
HLA-C*04:01,HLDNSIRLM,0,9,0.28558594
HLA-C*04:01,HLEGKVILV,0,9,0.1388603
HLA-C*04:01,HLENVTEEF,0,9,0.15239397
HLA-C*04:01,HLENVTENF,0,9,0.23012558
HLA-C*04:01,HNDSNYSEY,0,9,0.15432005
HLA-C*04:01,HPLTSLKSL,0,9,0.06716816
HLA-C*04:01,HPSISLKSL,0,9,0.06784607
HLA-C*04:01,HQALSPRTL,0,9,0.0053878524
HLA-C*04:01,HQAVSPRTL,0,9,0.0076009207
HLA-C*04:01,HQPISPRTL,0,9,0.012192674
HLA-C*04:01,HQPITPRTL,0,9,0.017279187
HLA-C*04:01,HQPLSPRTL,0,9,0.0074617625
HLA-C*04:01,HQPVSPRTL,0,9,0.00872746
HLA-C*04:01,HQSMSPRTL,0,9,0.012405996
HLA-C*04:01,HVPEVHNVW,0,9,0.15390165
HLA-C*04:01,HWEETLYKV,0,9,0.36331242
HLA-C*04:01,IAEEIGIDL,0,9,0.07393396
HLA-C*04:01,IDLDDVPSVV,0,10,0.18586297
HLA-C*04:01,IFDAVESLDY,0,10,0.49425516
HLA-C*04:01,IFQSSMTKI,0,9,0.30383667
HLA-C*04:01,IHTDNGSNF,0,9,0.07971929
HLA-C*04:01,IIDIQKLNI,0,9,0.2086558
HLA-C*04:01,IIEQLQPTL,0,9,0.030106094
HLA-C*04:01,IIEQLQSHL,0,9,0.07364739
HLA-C*04:01,IIEQLQSNL,0,9,0.08607705
HLA-C*04:01,IIEQLQSTL,0,9,0.035400204
HLA-C*04:01,IIFDAVESL,0,9,0.11350719
HLA-C*04:01,IKDKKKIVY,0,9,0.022734541
HLA-C*04:01,IKDNWRNEL,0,9,0.10213934
HLA-C*04:01,IKDNWRSEL,0,9,0.13925822
HLA-C*04:01,ILDTVNIYI,0,9,0.55168
HLA-C*04:01,ILDVYGSCV,0,9,0.47822496
HLA-C*04:01,ILDVYGSHV,0,9,0.6135412
HLA-C*04:01,ILDWSIYLF,0,9,0.21666007
HLA-C*04:01,ILLSKRPSL,0,9,0.038897216
HLA-C*04:01,IMNQLQPAL,0,9,0.031843055
HLA-C*04:01,IPLDNVTENF,0,10,0.11543443
HLA-C*04:01,IPNPGEPDRL,0,10,0.047822636
HLA-C*04:01,IPNPGGPDRL,0,10,0.05356682
HLA-C*04:01,IPTDPNPQEI,0,10,0.103493206
HLA-C*04:01,IQDNSDIKV,0,9,0.2724014
HLA-C*04:01,IRDKMQKVY,0,9,0.02013198
HLA-C*04:01,IRDKRQQVY,0,9,0.016346078
HLA-C*04:01,IRDPRGSDI,0,9,0.066977985
HLA-C*04:01,IRIGPGQTF,0,9,0.01029398
HLA-C*04:01,IRPVISTQL,0,9,0.035189934
HLA-C*04:01,IRPVVSTQL,0,9,0.030984396
HLA-C*04:01,ISDNAKTII,0,9,0.07955425
HLA-C*04:01,ISFDPIPIHY,0,10,0.081497304
HLA-C*04:01,ITDDFRNCSF,0,10,0.50137997
HLA-C*04:01,ITDDMRGEL,0,9,0.585983
HLA-C*04:01,ITDDVKNCSF,0,10,0.48539892
HLA-C*04:01,ITDDVRNCSF,0,10,0.527906
HLA-C*04:01,ITDEVKNCSF,0,10,0.39955568
HLA-C*04:01,ITDEVRNCSF,0,10,0.46075365
HLA-C*04:01,ITDEVRNCTF,0,10,0.4107058
HLA-C*04:01,ITDNAKTII,0,9,0.15098508
HLA-C*04:01,ITDNVKTII,0,9,0.16826962
HLA-C*04:01,IVEIEPLGL,0,9,0.11339216
HLA-C*04:01,IVNQIIEEL,0,9,0.09302533
HLA-C*04:01,IVTDSQYAL,0,9,0.09923925
HLA-C*04:01,IWDDIRSLC,0,9,0.51192325
HLA-C*04:01,IWDDIRSLCL,0,10,0.3276674
HLA-C*04:01,IWDDLRSLC,0,9,0.46182618
HLA-C*04:01,IWDDLRSLCL,0,10,0.34076586
HLA-C*04:01,IWDDLRSLF,0,9,0.6485466
HLA-C*04:01,IWDDLRSLFL,0,10,0.46012968
HLA-C*04:01,IWDNMTWVQW,0,10,0.59617424
HLA-C*04:01,IWQVDCTHL,0,9,0.59047824
HLA-C*04:01,IYDAVSYNA,0,9,0.551319
HLA-C*04:01,IYDAVSYNAY,0,10,0.5665927
HLA-C*04:01,IYDILTESQ,0,9,0.39914423
HLA-C*04:01,IYDLITKSQ,0,9,0.38298598
HLA-C*04:01,IYDLLIESQ,0,9,0.45186573
HLA-C*04:01,IYDLLIKSQ,0,9,0.396235
HLA-C*04:01,IYDLLTESQ,0,9,0.367718
HLA-C*04:01,IYNPPISGV,0,9,0.26276276
HLA-C*04:01,IYQEPFKNL,0,9,0.2903526
HLA-C*04:01,KALGPAATL,0,9,0.01499522
HLA-C*04:01,KAYDPEVHNV,0,10,0.086872794
HLA-C*04:01,KAYDTEVHNV,0,10,0.12387522
HLA-C*04:01,KHDIDNAEL,0,9,0.0861988
HLA-C*04:01,KHDIDNAELF,0,10,0.1035573
HLA-C*04:01,KHQKEPPFL,0,9,0.010869005
HLA-C*04:01,KIEELRAHL,0,9,0.07625334
HLA-C*04:01,KLTPVCVTL,0,9,0.065213986
HLA-C*04:01,KNDPNSTKY,0,9,0.099516876
HLA-C*04:01,KPVISTQLL,0,9,0.039894205
HLA-C*04:01,KPVVSTQFL,0,9,0.049318817
HLA-C*04:01,KPVVSTQLL,0,9,0.033017863
HLA-C*04:01,KQEPIDKEL,0,9,0.039088346
HLA-C*04:01,KSDVLTTWL,0,9,0.1507807
HLA-C*04:01,KSYDEIWNNM,0,10,0.303451
HLA-C*04:01,KTDSDTITI,0,9,0.13699742
HLA-C*04:01,KVDKTIVDF,0,9,0.18824652
HLA-C*04:01,KWDETLKRV,0,9,0.4479163
HLA-C*04:01,KWNETLIKV,0,9,0.38754293
HLA-C*04:01,KWNETLRKV,0,9,0.17736933
HLA-C*04:01,KWNETLRQV,0,9,0.21767463
HLA-C*04:01,KWNETLSRV,0,9,0.338662
HLA-C*04:01,KWSKVLQQV,0,9,0.12221907
HLA-C*04:01,KYDFVKLLI,0,9,0.24817438
HLA-C*04:01,KYEKVDKTI,0,9,0.0396485
HLA-C*04:01,KYLGGLVQY,0,9,0.0772334
HLA-C*04:01,KYLGNILIY,0,9,0.14722987
HLA-C*04:01,KYLGNLLLY,0,9,0.13272552
HLA-C*04:01,KYLGSLVQY,0,9,0.099727385
HLA-C*04:01,LFDAAAIAI,0,9,0.28728336
HLA-C*04:01,LFDAVAIAV,0,9,0.45896095
HLA-C*04:01,LFDAVAIVV,0,9,0.34981316
HLA-C*04:01,LFDHLAIAV,0,9,0.45631284
HLA-C*04:01,LFDTIAIVV,0,9,0.49334282
HLA-C*04:01,LFDTTAIAV,0,9,0.55539364
HLA-C*04:01,LFIDSYLQKL,0,10,0.11411459
HLA-C*04:01,LFLHYITRL,0,9,0.3010398
HLA-C*04:01,LFNYTENEL,0,9,0.15103611
HLA-C*04:01,LFPNKTIKF,0,9,0.3232986
HLA-C*04:01,LGDGGRDNL,0,9,0.22333188
HLA-C*04:01,LIAARTVEL,0,9,0.011771533
HLA-C*04:01,LIAKRIVEL,0,9,0.019592935
HLA-C*04:01,LIATRTVEL,0,9,0.021214632
HLA-C*04:01,LIDKKHKVY,0,9,0.028585298
HLA-C*04:01,LIDTNWTKI,0,9,0.1951972
HLA-C*04:01,LIEQLQSTL,0,9,0.020945076
HLA-C*04:01,LIWDDIRSL,0,9,0.119325735
HLA-C*04:01,LIWDDLRSLF,0,10,0.05931033
HLA-C*04:01,LKDQKFLGL,0,9,0.030216498
HLA-C*04:01,LKDQQFLGL,0,9,0.04770587
HLA-C*04:01,LKDQRFLGL,0,9,0.029192304
HLA-C*04:01,LLDAIAITI,0,9,0.2134747
HLA-C*04:01,LLDHLAITV,0,9,0.26803416
HLA-C*04:01,LLDTIAIAV,0,9,0.38714534
HLA-C*04:01,LLSDKKQKV,0,9,0.06432851
HLA-C*04:01,LLTDKKQKF,0,9,0.03133284
HLA-C*04:01,LLTDKKQQV,0,9,0.060248077
HLA-C*04:01,LNDSSSSEY,0,9,0.052012384
HLA-C*04:01,LPSVSLKSL,0,9,0.05286316
HLA-C*04:01,LPYYDPWFL,0,9,0.06237201
HLA-C*04:01,LRDKKHKEY,0,9,0.014061027
HLA-C*04:01,LTDKKQKVY,0,9,0.020889804
HLA-C*04:01,LTDNVKTII,0,9,0.12777449
HLA-C*04:01,LTDQKKKVY,0,9,0.01807731
HLA-C*04:01,LTEEAELEL,0,9,0.05867802
HLA-C*04:01,LTEEKIKAL,0,9,0.06396204
HLA-C*04:01,LVDHLAITV,0,9,0.26093242
HLA-C*04:01,LWQEVGRAM,0,9,0.17089884
HLA-C*04:01,LWQGVGQAM,0,9,0.098900124
HLA-C*04:01,LWQRPLVTV,0,9,0.09867322
HLA-C*04:01,LYDAVAIAV,0,9,0.48375034
HLA-C*04:01,LYDTTAIAV,0,9,0.6617103
HLA-C*04:01,LYDTTAVAV,0,9,0.5968823
HLA-C*04:01,LYLESDTEL,0,9,0.15243463
HLA-C*04:01,LYNTIATLY,0,9,0.29100594
HLA-C*04:01,LYNTVAVLY,0,9,0.20434372
HLA-C*04:01,MGEETTSSL,0,9,0.020826427
HLA-C*04:01,MGEGTTSVL,0,9,0.022862004
HLA-C*04:01,MHEDVISLW,0,9,0.10951249
HLA-C*04:01,MKDNWRSEL,0,9,0.11125786
HLA-C*04:01,MRDNWRSEL,0,9,0.066221364
HLA-C*04:01,MTIGPGHVF,0,9,0.026879568
HLA-C*04:01,MWQEVGQAM,0,9,0.32618496
HLA-C*04:01,MWQEVGRAM,0,9,0.27889204
HLA-C*04:01,MWQGAGQAM,0,9,0.15717964
HLA-C*04:01,MWQGVGQAM,0,9,0.16439155
HLA-C*04:01,MWQKVGQAM,0,9,0.10574831
HLA-C*04:01,MWQRIGQAM,0,9,0.08552808
HLA-C*04:01,MWQRVGQAM,0,9,0.079991885
HLA-C*04:01,MYAPPIKGI,0,9,0.07361034
HLA-C*04:01,MYAPPIQGV,0,9,0.12447287
HLA-C*04:01,MYAPPIRGI,0,9,0.08427992
HLA-C*04:01,MYAPPISGI,0,9,0.10282513
HLA-C*04:01,MYAPPISGM,0,9,0.10689069
HLA-C*04:01,NANVTSSSM,0,9,0.08413182
HLA-C*04:01,NAYNTLVYL,0,9,0.094579495
HLA-C*04:01,NEDHPSISL,0,9,0.12718327
HLA-C*04:01,NEDNNTYRL,0,9,0.14886442
HLA-C*04:01,NFDMWKNEM,0,9,0.32812223
HLA-C*04:01,NFLREIMAF,0,9,0.48635548
HLA-C*04:01,NFNDNELTTY,0,10,0.19352259
HLA-C*04:01,NFNMWNNEM,0,9,0.43860507
HLA-C*04:01,NNDTGHIIL,0,9,0.12520894
HLA-C*04:01,NNDTGHLIL,0,9,0.10610008
HLA-C*04:01,NPEIIIYQY,0,9,0.15089358
HLA-C*04:01,NPNPQEIHL,0,9,0.11688922
HLA-C*04:01,NWFDISNWL,0,9,0.40556622
HLA-C*04:01,NWFDITNWL,0,9,0.43662834
HLA-C*04:01,NWTDNNTIIL,0,10,0.100670554
HLA-C*04:01,NYSETIYRL,0,9,0.31732205
HLA-C*04:01,NYTDQIYDL,0,9,0.31740576
HLA-C*04:01,NYTDTIYRL,0,9,0.31333902
HLA-C*04:01,NYTDTIYRLL,0,10,0.17136227
HLA-C*04:01,NYTDTIYYL,0,9,0.5882966
HLA-C*04:01,NYTDTIYYLL,0,10,0.27370358
HLA-C*04:01,NYTDVIYGL,0,9,0.33242124
HLA-C*04:01,NYTENELNY,0,9,0.1972649
HLA-C*04:01,NYTEQIYEL,0,9,0.45442063
HLA-C*04:01,NYTNQIYEL,0,9,0.4351868
HLA-C*04:01,NYTNTIYEL,0,9,0.39205608
HLA-C*04:01,PIDTVPVTL,0,9,0.058599543
HLA-C*04:01,PLDESFRKY,0,9,0.04166125
HLA-C*04:01,PLDNVTENF,0,9,0.31437206
HLA-C*04:01,PPAPPEESF,0,9,0.013272223
HLA-C*04:01,PTDPNPIEI,0,9,0.24847351
HLA-C*04:01,PTDPNPQEI,0,9,0.20494732
HLA-C*04:01,PTDPNPQEL,0,9,0.12995245
HLA-C*04:01,PTDPNPQEV,0,9,0.33049676
HLA-C*04:01,PTDPSPQEI,0,9,0.17128031
HLA-C*04:01,QKDEDHPSI,0,9,0.050821368
HLA-C*04:01,QMHEDVISL,0,9,0.044191573
HLA-C*04:01,QMQEDIISL,0,9,0.06475733
HLA-C*04:01,QMQEDVINL,0,9,0.08471309
HLA-C*04:01,QMQEDVISL,0,9,0.043505054
HLA-C*04:01,QNDSSKYRL,0,9,0.034993134
HLA-C*04:01,QPDRSESEI,0,9,0.07384924
HLA-C*04:01,QQDKNEKDL,0,9,0.019382443
HLA-C*04:01,QQDKNEKEL,0,9,0.02094752
HLA-C*04:01,QQDKNEREL,0,9,0.023630854
HLA-C*04:01,QQDRNEKEL,0,9,0.023046346
HLA-C*04:01,QWDKEISNY,0,9,0.21324968
HLA-C*04:01,QWDREISNY,0,9,0.2568156
HLA-C*04:01,QYDQIPIEI,0,9,0.4071483
HLA-C*04:01,RAEQATQEV,0,9,0.045128364
HLA-C*04:01,RAIEAQQHL,0,9,0.009983965
HLA-C*04:01,RAIEAQQHM,0,9,0.022520438
HLA-C*04:01,RAIEAQQQM,0,9,0.025379866
HLA-C*04:01,RAPEAQQHL,0,9,0.027310325
HLA-C*04:01,RFVSGFLAL,0,9,0.08167128
HLA-C*04:01,RKDHPLTSL,0,9,0.028387813
HLA-C*04:01,RMYSPISIL,0,9,0.025805285
HLA-C*04:01,RMYSPTSIL,0,9,0.014420225
HLA-C*04:01,RMYSPVSIL,0,9,0.020437343
HLA-C*04:01,RPGGKKHYM,0,9,0.0560638
HLA-C*04:01,RPVISTQLL,0,9,0.024333017
HLA-C*04:01,RPVVSTQLL,0,9,0.019986544
HLA-C*04:01,RQYDQIPIEI,0,10,0.07131705
HLA-C*04:01,RSYDEIWENM,0,10,0.22487946
HLA-C*04:01,RVIEIVQRV,0,9,0.034940016
HLA-C*04:01,RWPNLFHIL,0,9,0.18338771
HLA-C*04:01,RWTVQPIEL,0,9,0.12042767
HLA-C*04:01,RYLKDQQFL,0,9,0.080770545
HLA-C*04:01,RYLKDQQLL,0,9,0.048652757
HLA-C*04:01,RYLRDQQLL,0,9,0.03882751
HLA-C*04:01,RYRQRLISL,0,9,0.036139946
HLA-C*04:01,SAPPGQHML,0,9,0.013589075
HLA-C*04:01,SFDPIPIHY,0,9,0.37746438
HLA-C*04:01,SFDPIPIHYC,0,10,0.4111475
HLA-C*04:01,SFDPIPINY,0,9,0.43778443
HLA-C*04:01,SFDPIPINYC,0,10,0.407433
HLA-C*04:01,SFEEIWDNM,0,9,0.44701204
HLA-C*04:01,SFEEIWNNM,0,9,0.43710637
HLA-C*04:01,SFEPIPIHY,0,9,0.15217353
HLA-C*04:01,SFGPGQTFY,0,9,0.09742677
HLA-C*04:01,SFIEVISLL,0,9,0.24210699
HLA-C*04:01,SFNCGGEFF,0,9,0.43986294
HLA-C*04:01,SFNCRGEFF,0,9,0.48991674
HLA-C*04:01,SFNFPQITL,0,9,0.052814938
HLA-C*04:01,SFNVTTELI,0,9,0.15207759
HLA-C*04:01,SFTLMVESF,0,9,0.352068
HLA-C*04:01,SIAARTVEL,0,9,0.0118148755
HLA-C*04:01,SIATRTVEL,0,9,0.019654168
HLA-C*04:01,SIQTTVNTL,0,9,0.03553439
HLA-C*04:01,SIVTRTVEL,0,9,0.024919108
HLA-C*04:01,SLDNVTENF,0,9,0.51583064
HLA-C*04:01,SLFDAAAIAI,0,10,0.068794616
HLA-C*04:01,SLFDAVAIAV,0,10,0.13425227
HLA-C*04:01,SLFDAVAIVV,0,10,0.12673382
HLA-C*04:01,SLFDTIAIVV,0,10,0.13183387
HLA-C*04:01,SLFDTTAIAV,0,10,0.12738405
HLA-C*04:01,SLFNTIVTL,0,9,0.15240748
HLA-C*04:01,SLFNTVATL,0,9,0.14508604
HLA-C*04:01,SLFNTVITL,0,9,0.15273799
HLA-C*04:01,SLFNTVVVL,0,9,0.14867213
HLA-C*04:01,SLQTGSEEL,0,9,0.039770145
HLA-C*04:01,SLYDAVAIAV,0,10,0.1365519
HLA-C*04:01,SLYDTTAIAV,0,10,0.12201087
HLA-C*04:01,SLYDTTAVAV,0,10,0.13082753
HLA-C*04:01,SLYNAVVTL,0,9,0.08806085
HLA-C*04:01,SLYNAVVVL,0,9,0.11293815
HLA-C*04:01,SLYNTIATL,0,9,0.116544865
HLA-C*04:01,SLYNTITTL,0,9,0.11941265
HLA-C*04:01,SLYNTIVTL,0,9,0.102741346
HLA-C*04:01,SLYNTVVTL,0,9,0.09477063
HLA-C*04:01,SNDTILKEI,0,9,0.12980358
HLA-C*04:01,SNDTVLKEV,0,9,0.17527093
HLA-C*04:01,SPAIFQSSM,0,9,0.053218048
HLA-C*04:01,SPIDTVPVTL,0,10,0.073422514
HLA-C*04:01,SPKQEPITSL,0,10,0.017351573
HLA-C*04:01,SPLSFQTRL,0,9,0.06962555
HLA-C*04:01,SPLSPQTLI,0,9,0.03411437
HLA-C*04:01,SSEDGDYML,0,9,0.0435128
HLA-C*04:01,SSEDGEYML,0,9,0.04519638
HLA-C*04:01,STDTIYMLL,0,9,0.27795574
HLA-C*04:01,STNSTTETF,0,9,0.03899976
HLA-C*04:01,SVTARVVEL,0,9,0.02570216
HLA-C*04:01,SWFDISNWL,0,9,0.3677621
HLA-C*04:01,SWFDITNWL,0,9,0.37340584
HLA-C*04:01,SWFDITSWL,0,9,0.35718083
HLA-C*04:01,SWMTETLLV,0,9,0.46381566
HLA-C*04:01,SYDEIWENM,0,9,0.67107964
HLA-C*04:01,SYDEIWNNM,0,9,0.6712294
HLA-C*04:01,SYEDIWNNM,0,9,0.50805503
HLA-C*04:01,SYEEIWDNM,0,9,0.5094836
HLA-C*04:01,SYEEIWGNM,0,9,0.51950324
HLA-C*04:01,SYEEIWNNM,0,9,0.47496533
HLA-C*04:01,SYLKHQQFL,0,9,0.12118774
HLA-C*04:01,SYNAYNTLV,0,9,0.2736153
HLA-C*04:01,SYNELIKIL,0,9,0.15568896
HLA-C*04:01,TADGCKQIM,0,9,0.054409843
HLA-C*04:01,TEDNSTITI,0,9,0.07573193
HLA-C*04:01,TEDVRNCSF,0,9,0.15831272
HLA-C*04:01,TFDPIPIHY,0,9,0.3810881
HLA-C*04:01,TFDPIPIHYC,0,10,0.38696593
HLA-C*04:01,TFNDNETITI,0,10,0.0748804
HLA-C*04:01,TKWDETLKRV,0,10,0.036019992
HLA-C*04:01,TLDCSDAKL,0,9,0.18241951
HLA-C*04:01,TLDCSDATL,0,9,0.07822394
HLA-C*04:01,TLIKVVQKL,0,9,0.010675295
HLA-C*04:01,TLNQVTEKL,0,9,0.031699274
HLA-C*04:01,TMDNSTKSKF,0,10,0.18976869
HLA-C*04:01,TNDKIKLIL,0,9,0.010171291
HLA-C*04:01,TPAGYAILM,0,9,0.05344648
HLA-C*04:01,TPQDLNMML,0,9,0.18507592
HLA-C*04:01,TPQDLNTML,0,9,0.14575782
HLA-C*04:01,TPQDLNVML,0,9,0.13880546
HLA-C*04:01,TQDFWEVQL,0,9,0.05896567
HLA-C*04:01,TSDNSSGIL,0,9,0.04029018
HLA-C*04:01,TWDDLRNLC,0,9,0.39856568
HLA-C*04:01,TWDDLRNLCL,0,10,0.26493672
HLA-C*04:01,TWFDITQWL,0,9,0.31262997
HLA-C*04:01,TYGNTPFIL,0,9,0.16294672
HLA-C*04:01,TYMPNGTFTF,0,10,0.17198996
HLA-C*04:01,VANTNIMIF,0,9,0.13225785
HLA-C*04:01,VIDINYRTI,0,9,0.15033686
HLA-C*04:01,VIWGKTPKF,0,9,0.025811067
HLA-C*04:01,VLAEAMSHV,0,9,0.28112814
HLA-C*04:01,VLAEAMSQV,0,9,0.2279634
HLA-C*04:01,VLAEAMSSV,0,9,0.14443982
HLA-C*04:01,VLDVGDAYF,0,9,0.6283334
HLA-C*04:01,VLENVTENF,0,9,0.24492338
HLA-C*04:01,VLTDKKQQV,0,9,0.12004084
HLA-C*04:01,VNTPPLVKL,0,9,0.022716029
HLA-C*04:01,VPAMFTAAL,0,9,0.04591635
HLA-C*04:01,VPLDESFRKY,0,10,0.06572767
HLA-C*04:01,VPLTEEAEL,0,9,0.08031348
HLA-C*04:01,VPPIIENRL,0,9,0.038440824
HLA-C*04:01,VPTDPNPIEI,0,10,0.13898863
HLA-C*04:01,VPTDPNPQEI,0,10,0.10537047
HLA-C*04:01,VPTDPNPQEL,0,10,0.09380964
HLA-C*04:01,VPTDPNPQEV,0,10,0.18958874
HLA-C*04:01,VPTDPSPQEI,0,10,0.08764305
HLA-C*04:01,VQFNTPVQI,0,9,0.102742776
HLA-C*04:01,VRDKKQQVY,0,9,0.015119754
HLA-C*04:01,VSFDPIPIHY,0,10,0.0919557
HLA-C*04:01,VSFDPIPINY,0,10,0.09413143
HLA-C*04:01,VSFEPIPIHY,0,10,0.05746227
HLA-C*04:01,VSFGPGQTF,0,9,0.02523786
HLA-C*04:01,VSMGPGQAF,0,9,0.029748246
HLA-C*04:01,VSMGPGSAF,0,9,0.035418566
HLA-C*04:01,VTDEVKNCSF,0,10,0.4313159
HLA-C*04:01,VTDRGRQKV,0,9,0.21566327
HLA-C*04:01,VTFDPIPIHY,0,10,0.14235334
HLA-C*04:01,VVDREKRAV,0,9,0.115542375
HLA-C*04:01,VVDRQKRAV,0,9,0.09977502
HLA-C*04:01,VVESMNKEL,0,9,0.051364396
HLA-C*04:01,VWDDLRSLC,0,9,0.5000072
HLA-C*04:01,VWDDLRSLCL,0,10,0.3972676
HLA-C*04:01,VWEDLRSLCL,0,10,0.22247003
HLA-C*04:01,VWKDADTTL,0,9,0.070520304
HLA-C*04:01,VWKDADTTLF,0,10,0.14288028
HLA-C*04:01,VWKDAETTL,0,9,0.08304431
HLA-C*04:01,VWKDAETTLF,0,10,0.1571368
HLA-C*04:01,VWKDATTTL,0,9,0.07216306
HLA-C*04:01,VWKDATTTLF,0,10,0.14481345
HLA-C*04:01,VWKEATTTL,0,9,0.067371964
HLA-C*04:01,VWKEATTTLF,0,10,0.11672736
HLA-C*04:01,VWRDADTTL,0,9,0.08205732
HLA-C*04:01,VWRDADTTLF,0,10,0.16341718
HLA-C*04:01,VWRDAKTTL,0,9,0.06961908
HLA-C*04:01,VWRDAKTTLF,0,10,0.13527358
HLA-C*04:01,VWRDANTTL,0,9,0.08168639
HLA-C*04:01,VWRDANTTLF,0,10,0.15289772
HLA-C*04:01,VYYDPSKDL,0,9,0.1526582
HLA-C*04:01,VYYDPSKDLV,0,10,0.3218836
HLA-C*04:01,WEDLRSLCL,0,9,0.07252737
HLA-C*04:01,WFDISNWLRY,0,10,0.21550271
HLA-C*04:01,WFDISNWLW,0,9,0.2944672
HLA-C*04:01,WFDITNWLW,0,9,0.30152187
HLA-C*04:01,WFDITQWLW,0,9,0.25300127
HLA-C*04:01,WFDITRWLW,0,9,0.3307984
HLA-C*04:01,WFDITSWLW,0,9,0.26872528
HLA-C*04:01,WKDADTTLF,0,9,0.054716557
HLA-C*04:01,WKDAETTLF,0,9,0.09160948
HLA-C*04:01,WKDATTTLF,0,9,0.07888288
HLA-C*04:01,WRDADTTLF,0,9,0.0387908
HLA-C*04:01,WRDAKTTLF,0,9,0.033592146
HLA-C*04:01,WRDANTTLF,0,9,0.037216153
HLA-C*04:01,WTDNNTIIL,0,9,0.0606821
HLA-C*04:01,WWANVRQEF,0,9,0.32758006
HLA-C*04:01,YAPPIAGNI,0,9,0.07604027
HLA-C*04:01,YAPPIQGVI,0,9,0.051009562
HLA-C*04:01,YAPPISGAI,0,9,0.03831215
HLA-C*04:01,YAPPISGII,0,9,0.05418334
HLA-C*04:01,YAPPISGKI,0,9,0.050740544
HLA-C*04:01,YAPPISGMI,0,9,0.04500326
HLA-C*04:01,YAPPISGRI,0,9,0.05671485
HLA-C*04:01,YAPPISGSI,0,9,0.03586484
HLA-C*04:01,YCTPAGYAL,0,9,0.027450994
HLA-C*04:01,YFIDAANTNI,0,10,0.29743224
HLA-C*04:01,YFIDVANTNI,0,10,0.4158992
HLA-C*04:01,YFNCRGEFF,0,9,0.6304093
HLA-C*04:01,YFSVPLDESF,0,10,0.24081478
HLA-C*04:01,YGNTPFILL,0,9,0.061719682
HLA-C*04:01,YLENVTENF,0,9,0.27839085
HLA-C*04:01,YMPNGTFTF,0,9,0.115212135
HLA-C*04:01,YPLASLRSL,0,9,0.05525401
HLA-C*04:01,YPLVSLKSL,0,9,0.08290333
HLA-C*04:01,YPMASLKSL,0,9,0.07069756
HLA-C*04:01,YQDSDVSQEV,0,10,0.075133786
HLA-C*04:01,YQLEKDPII,0,9,0.039994616
HLA-C*04:01,YRDSRDPIW,0,9,0.027024215
HLA-C*04:01,YRLLRDLSL,0,9,0.014080047
HLA-C*04:01,YRYGTFLYV,0,9,0.08662938
HLA-C*04:01,YSETIYRLL,0,9,0.030870179
HLA-C*04:01,YSPLSFQTL,0,9,0.03647328
HLA-C*04:01,YSPLSLQTL,0,9,0.029276323
HLA-C*04:01,YSPLSPQTL,0,9,0.018077837
HLA-C*04:01,YTDQIYDLI,0,9,0.2204134
HLA-C*04:01,YTDTIYRLL,0,9,0.14343293
HLA-C*04:01,YTDTIYYLL,0,9,0.23562022
HLA-C*04:01,YTDVIYGLL,0,9,0.23574625
HLA-C*04:01,YTEQIYELL,0,9,0.046789907
HLA-C*04:01,YVDRFFKTL,0,9,0.034289546
HLA-C*04:01,YVDRFYKTL,0,9,0.033747997
HLA-C*04:01,YYDPSKDLV,0,9,0.38636807
HLA-C*04:01,YYDPSKDLVA,0,10,0.20530601
HLA-C*04:01,YYDPWFLVG,0,9,0.30143502
HLA-C*04:01,YYDPWFLVGV,0,10,0.5912762
HLA-C*04:01,YYQGSCYIL,0,9,0.17609763
HLA-C*04:01,YYRDSRDPIW,0,10,0.05167383
HLA-C*07:01,AAASIQTTV,0,9,0.016960163
HLA-C*07:01,AANTNIMIF,0,9,0.36322954
HLA-C*07:01,AHEPEVHNV,0,9,0.014334851
HLA-C*07:01,AHTNDVRQL,0,9,0.018912056
HLA-C*07:01,AHVPEAHNV,0,9,0.011999578
HLA-C*07:01,AHVPEVHNV,0,9,0.02479935
HLA-C*07:01,AKRQGTSSSF,0,10,0.0034357496
HLA-C*07:01,AQHSIPTNV,0,9,0.007186088
HLA-C*07:01,ARILAVESY,0,9,0.11054695
HLA-C*07:01,ARNRFGTTPF,0,10,0.043409735
HLA-C*07:01,ARVLALERY,0,9,0.032331582
HLA-C*07:01,ARVLAVERY,0,9,0.054903112
HLA-C*07:01,ASDLWVTVY,0,9,0.010088094
HLA-C*07:01,ASNLWVTVY,0,9,0.12650459
HLA-C*07:01,AYAEVNNII,0,9,0.06717817
HLA-C*07:01,AYDPEVHNV,0,9,0.054399528
HLA-C*07:01,AYDPEVHNVW,0,10,0.022779092
HLA-C*07:01,AYDTEVHNV,0,9,0.05246902
HLA-C*07:01,AYNTLVYLL,0,9,0.4690574
HLA-C*07:01,CRIKQIINM,0,9,0.4816021
HLA-C*07:01,CRIKQIVNL,0,9,0.30823728
HLA-C*07:01,CRIKQIVNM,0,9,0.32441738
HLA-C*07:01,CRIRQIINM,0,9,0.3946059
HLA-C*07:01,CRSNITGLL,0,9,0.21696998
HLA-C*07:01,CSAPPGQHM,0,9,0.035292614
HLA-C*07:01,CYIKNKTVF,0,9,0.24752095
HLA-C*07:01,DHHPPSVSL,0,9,0.011253548
HLA-C*07:01,DHPPPLVSL,0,9,0.01887795
HLA-C*07:01,DHRPPSVSL,0,9,0.011164489
HLA-C*07:01,DKKQKVHAL,0,9,0.0029660068
HLA-C*07:01,DKKQKVYAL,0,9,0.015222513
HLA-C*07:01,DKKQKVYSL,0,9,0.0133730965
HLA-C*07:01,DKMQKVYAL,0,9,0.028507119
HLA-C*07:01,DQKKKVYAL,0,9,0.0048742895
HLA-C*07:01,DREPDKEKY,0,9,0.015398066
HLA-C*07:01,DRKQKVYAL,0,9,0.23144135
HLA-C*07:01,DRWNNLWSW,0,9,0.02667698
HLA-C*07:01,EALDKIKEV,0,9,0.0043177004
HLA-C*07:01,EAQQHLLKL,0,9,0.0031135934
HLA-C*07:01,EAQQHLLQL,0,9,0.007451362
HLA-C*07:01,EAQQHMLQL,0,9,0.006769687
HLA-C*07:01,EAQQRMLQL,0,9,0.0047576833
HLA-C*07:01,EAVDKIEEM,0,9,0.006133746
HLA-C*07:01,EHFNKTIEF,0,9,0.01329949
HLA-C*07:01,EHFNKTIIF,0,9,0.0640006
HLA-C*07:01,EHFNKTIKF,0,9,0.006336804
HLA-C*07:01,EHFNKTIRF,0,9,0.0050934157
HLA-C*07:01,EHFNKTKTI,0,9,0.0008251333
HLA-C*07:01,EHFNRTITF,0,9,0.01393752
HLA-C*07:01,EHFPNKTIHF,0,10,0.017858284
HLA-C*07:01,EHFPNKTIKF,0,10,0.010625681
HLA-C*07:01,EHPPPLISL,0,9,0.030894788
HLA-C*07:01,ERFALNPGF,0,9,0.015079359
HLA-C*07:01,ERFALNPGL,0,9,0.014399904
HLA-C*07:01,ERFAVNPGL,0,9,0.012171519
HLA-C*07:01,ERLNDTIIL,0,9,0.21702167
HLA-C*07:01,ERNEKDLLEL,0,10,0.07993889
HLA-C*07:01,ERYLKDQKF,0,9,0.014619707
HLA-C*07:01,ERYLKDQQF,0,9,0.021465242
HLA-C*07:01,ERYLKDQQL,0,9,0.020896474
HLA-C*07:01,ERYLKDQRF,0,9,0.013532387
HLA-C*07:01,ERYLRDQQL,0,9,0.036937688
HLA-C*07:01,ESYLKHQQF,0,9,0.0045425333
HLA-C*07:01,ETKEFKTLY,0,9,0.014304804
HLA-C*07:01,ETPGIRYQY,0,9,0.018396033
HLA-C*07:01,FFLDRVLNI,0,9,0.06992721
HLA-C*07:01,FFYCNTSKL,0,9,0.009324848
HLA-C*07:01,FFYCNTSQL,0,9,0.01237627
HLA-C*07:01,FFYCNTSTL,0,9,0.010883127
HLA-C*07:01,FFYCNTTKL,0,9,0.017463703
HLA-C*07:01,FGNNTIIRF,0,9,0.14353529
HLA-C*07:01,FHFNCRGEF,0,9,0.010988544
HLA-C*07:01,FIDSYLQKL,0,9,0.017287036
HLA-C*07:01,FKNLKTGKY,0,9,0.016673544
HLA-C*07:01,FKRKGGIGGY,0,10,0.053409357
HLA-C*07:01,FLFSYHRLI,0,9,0.07484139
HLA-C*07:01,FLSRWPNLF,0,9,0.027183715
HLA-C*07:01,FLYHRLRDF,0,9,0.012808368
HLA-C*07:01,FMYYAKRML,0,9,0.0776963
HLA-C*07:01,FNDNELTTY,0,9,0.022540916
HLA-C*07:01,FNFPQITLW,0,9,0.08566972
HLA-C*07:01,FNKTKTIKF,0,9,0.13912146
HLA-C*07:01,FNPEVIPMF,0,9,0.05177674
HLA-C*07:01,FNSPFNENL,0,9,0.10111173
HLA-C*07:01,FNSTFNSTY,0,9,0.048490494
HLA-C*07:01,FPNEIKYKI,0,9,0.032958332
HLA-C*07:01,FQSSMTKIL,0,9,0.0825815
HLA-C*07:01,FRDYVDRFF,0,9,0.35287374
HLA-C*07:01,FRDYVDRFY,0,9,0.445929
HLA-C*07:01,FRFGEEMTA,0,9,0.09256681
HLA-C*07:01,FRKKNPEII,0,9,0.30707023
HLA-C*07:01,FRKYTAFTI,0,9,0.29631042
HLA-C*07:01,FRLGEKINPL,0,10,0.12161219
HLA-C*07:01,FRLPIQRET,0,9,0.2984118
HLA-C*07:01,FRLPIQRETW,0,10,0.10085696
HLA-C*07:01,FRTSPMIIA,0,9,0.39362094
HLA-C*07:01,FSISKWLWY,0,9,0.23456882
HLA-C*07:01,FSPEVIPMF,0,9,0.033855338
HLA-C*07:01,FSYHHLRDL,0,9,0.15726414
HLA-C*07:01,FSYHRLIDL,0,9,0.26186317
HLA-C*07:01,FSYHRLRDF,0,9,0.066565044
HLA-C*07:01,FSYHRLRDL,0,9,0.07979483
HLA-C*07:01,FSYHRLSDL,0,9,0.038673606
HLA-C*07:01,FYCGIIHGI,0,9,0.06459192
HLA-C*07:01,FYCNTSGLF,0,9,0.041653357
HLA-C*07:01,FYCNTSKLF,0,9,0.0776278
HLA-C*07:01,FYCNTSQLF,0,9,0.05202151
HLA-C*07:01,FYCNTSTLF,0,9,0.051082257
HLA-C*07:01,FYCNTTKLF,0,9,0.070324264
HLA-C*07:01,FYIDAEDSY,0,9,0.12380009
HLA-C*07:01,FYKLDIEQV,0,9,0.08339401
HLA-C*07:01,FYKLDIVPL,0,9,0.4447731
HLA-C*07:01,FYKLDIVQI,0,9,0.19038548
HLA-C*07:01,FYKLDIVQM,0,9,0.45678458
HLA-C*07:01,FYKLDLVQM,0,9,0.370881
HLA-C*07:01,FYKLDLVSL,0,9,0.38642114
HLA-C*07:01,FYRLDVVQI,0,9,0.15426467
HLA-C*07:01,GGFIKVRQY,0,9,0.06324656
HLA-C*07:01,GIRIGPGQTF,0,10,0.022822684
HLA-C*07:01,GKQQKVHAL,0,9,0.005987123
HLA-C*07:01,GLNKIVRMY,0,9,0.03012526
HLA-C*07:01,GPKEPFRDY,0,9,0.041816976
HLA-C*07:01,GRDRSIRLV,0,9,0.14565475
HLA-C*07:01,GRDRSVRFV,0,9,0.12943374
HLA-C*07:01,GRDRSVRLV,0,9,0.10987409
HLA-C*07:01,GRHPSFVKC,0,9,0.11631655
HLA-C*07:01,GRRGWEALKY,0,10,0.1224237
HLA-C*07:01,GRRTRHFLSY,0,10,0.09531091
HLA-C*07:01,GRTRSVRLV,0,9,0.08708477
HLA-C*07:01,GRWPVKVIH,0,9,0.51050764
HLA-C*07:01,GYSPLSLQI,0,9,0.043419927
HLA-C*07:01,HFENKTIKF,0,9,0.009246395
HLA-C*07:01,HFHNKTIKF,0,9,0.020263169
HLA-C*07:01,HFKNKTIIF,0,9,0.219119
HLA-C*07:01,HFKNKTIVF,0,9,0.15060295
HLA-C*07:01,HFNNRTIIF,0,9,0.32729074
HLA-C*07:01,HFPNKTIHF,0,9,0.070425816
HLA-C*07:01,HFPNKTIKF,0,9,0.045360584
HLA-C*07:01,HFPNKTIRF,0,9,0.025865754
HLA-C*07:01,HFPNNTINF,0,9,0.037863936
HLA-C*07:01,HFQNKTIRF,0,9,0.012033885
HLA-C*07:01,HFQNTTIQF,0,9,0.015767744
HLA-C*07:01,HFRNKTIKF,0,9,0.02866226
HLA-C*07:01,HFTNKAIKF,0,9,0.01959902
HLA-C*07:01,HGISLIKLY,0,9,0.08719255
HLA-C*07:01,HHFNCGGEF,0,9,0.0035243095
HLA-C*07:01,HHFNCRGEF,0,9,0.003825394
HLA-C*07:01,HHPPSVSLK,0,9,0.0117840795
HLA-C*07:01,HKAEVHNVW,0,9,0.018363878
HLA-C*07:01,HLDNSIRLM,0,9,0.013348385
HLA-C*07:01,HNDSNYSEY,0,9,0.028995173
HLA-C*07:01,HQALSPRTL,0,9,0.005838104
HLA-C*07:01,HQAVSPRTL,0,9,0.011070932
HLA-C*07:01,HQKEPPFLW,0,9,0.017810198
HLA-C*07:01,HQPISPRTL,0,9,0.030076299
HLA-C*07:01,HQPITPRTL,0,9,0.036167897
HLA-C*07:01,HQPLSPRTL,0,9,0.012498061
HLA-C*07:01,HQPVSPRTL,0,9,0.019219398
HLA-C*07:01,HQSMSPRTL,0,9,0.008446788
HLA-C*07:01,HRLIDLLLI,0,9,0.22982676
HLA-C*07:01,HRLRDFILI,0,9,0.21437927
HLA-C*07:01,HRLRDFLLI,0,9,0.17957528
HLA-C*07:01,HRLRDFSLI,0,9,0.058295824
HLA-C*07:01,HRLRDFVLV,0,9,0.16930512
HLA-C*07:01,HRLRDLASI,0,9,0.014888997
HLA-C*07:01,HRLRDLLLI,0,9,0.11759867
HLA-C*07:01,HRLRDSVLI,0,9,0.051385913
HLA-C*07:01,HRLSDFSSI,0,9,0.05967834
HLA-C*07:01,HRLSDLISI,0,9,0.13160662
HLA-C*07:01,HRPPSVSLK,0,9,0.17868756
HLA-C*07:01,HSSLKGLRL,0,9,0.006251678
HLA-C*07:01,HVPEVHNVW,0,9,0.014828138
HLA-C*07:01,HYFNCRGEF,0,9,0.12498667
HLA-C*07:01,HYMLKHLVW,0,9,0.10847747
HLA-C*07:01,HYVSCRNKY,0,9,0.016590828
HLA-C*07:01,IERYLKDQQL,0,10,0.019865429
HLA-C*07:01,IGPGQVLFY,0,9,0.15972148
HLA-C*07:01,IHQPVSPRTL,0,10,0.014686739
HLA-C*07:01,IHTDNGSNF,0,9,0.0073715937
HLA-C*07:01,IIFDAVESL,0,9,0.023762876
HLA-C*07:01,IKDKKKIVY,0,9,0.122269034
HLA-C*07:01,IKDNWRNEL,0,9,0.026675684
HLA-C*07:01,IKDNWRSEL,0,9,0.016441973
HLA-C*07:01,IKNKTVFQL,0,9,0.19982097
HLA-C*07:01,IKPVISTQL,0,9,0.06514653
HLA-C*07:01,IKPVVSTQF,0,9,0.07791761
HLA-C*07:01,IKPVVSTQL,0,9,0.06379087
HLA-C*07:01,INIGPGQVF,0,9,0.04730604
HLA-C*07:01,IQMSWPSLW,0,9,0.0063581085
HLA-C*07:01,IRDKKQKVH,0,9,0.029585455
HLA-C*07:01,IRDKMQKVY,0,9,0.21733844
HLA-C*07:01,IRDKRQQVY,0,9,0.20067307
HLA-C*07:01,IRDPRGSDI,0,9,0.01940264
HLA-C*07:01,IRIGPGQAF,0,9,0.06503082
HLA-C*07:01,IRIGPGQAFY,0,10,0.213859
HLA-C*07:01,IRIGPGQTF,0,9,0.07210206
HLA-C*07:01,IRIGPGQTFF,0,10,0.16352318
HLA-C*07:01,IRIGPGQTFY,0,10,0.23400381
HLA-C*07:01,IRISMVISL,0,9,0.46056876
HLA-C*07:01,IRKDKVYLSW,0,10,0.18748255
HLA-C*07:01,IRPVISTQL,0,9,0.50557023
HLA-C*07:01,IRPVISTQLL,0,10,0.24658453
HLA-C*07:01,IRPVVSTQL,0,9,0.48645738
HLA-C*07:01,IRPVVSTQLL,0,10,0.15512612
HLA-C*07:01,IRQGAERAW,0,9,0.020967666
HLA-C*07:01,IRQGFELAL,0,9,0.23297887
HLA-C*07:01,IRQGFERAL,0,9,0.13194862
HLA-C*07:01,IRQGLERAL,0,9,0.11443647
HLA-C*07:01,IRQGLERFL,0,9,0.35315102
HLA-C*07:01,IRQGLERFLL,0,10,0.21185942
HLA-C*07:01,IRQGLERLL,0,9,0.39797968
HLA-C*07:01,IRQGLERLLL,0,10,0.18234411
HLA-C*07:01,IRQGPKEPF,0,9,0.074485235
HLA-C*07:01,IRQNHGCNI,0,9,0.025203599
HLA-C*07:01,IRRNLALKY,0,9,0.19267932
HLA-C*07:01,IRSLCLFSY,0,9,0.27411747
HLA-C*07:01,IRYRQRLISL,0,10,0.11924254
HLA-C*07:01,ISFDPIPIHY,0,10,0.10177835
HLA-C*07:01,ISIGPGRVY,0,9,0.05922576
HLA-C*07:01,ISNYTNQIY,0,9,0.23103668
HLA-C*07:01,ISNYTQIIY,0,9,0.53126884
HLA-C*07:01,ISNYTSQIY,0,9,0.2004005
HLA-C*07:01,IVNQIIEEL,0,9,0.033652164
HLA-C*07:01,IWDDLRSLF,0,9,0.030659644
HLA-C*07:01,IYNPPISGV,0,9,0.101065576
HLA-C*07:01,IYQEPFKNL,0,9,0.07375104
HLA-C*07:01,KALGPAATL,0,9,0.012902239
HLA-C*07:01,KDHHPPSVSL,0,10,0.011004447
HLA-C*07:01,KDHPPPLVSL,0,10,0.019258706
HLA-C*07:01,KEHPPPLISL,0,10,0.040459923
HLA-C*07:01,KHKEYALFY,0,9,0.2565401
HLA-C*07:01,KHKVSALFY,0,9,0.07102483
HLA-C*07:01,KHKVYALFY,0,9,0.17397954
HLA-C*07:01,KHQKEPPFL,0,9,0.014685795
HLA-C*07:01,KHYMLKHLV,0,9,0.013862255
HLA-C*07:01,KKHKVSALF,0,9,0.021863556
HLA-C*07:01,KKHKVYALF,0,9,0.047861066
HLA-C*07:01,KKIVYALFY,0,9,0.19352601
HLA-C*07:01,KKKKSVTVL,0,9,0.060758464
HLA-C*07:01,KKKVYALFY,0,9,0.20177722
HLA-C*07:01,KKNPEIIIY,0,9,0.6415499
HLA-C*07:01,KKQKVHALF,0,9,0.03351352
HLA-C*07:01,KKQKVYSLF,0,9,0.032588024
HLA-C*07:01,KKQQVHALF,0,9,0.03650984
HLA-C*07:01,KKYKLKHLV,0,9,0.024650231
HLA-C*07:01,KKYKMKHLL,0,9,0.051424798
HLA-C*07:01,KKYNMKHLV,0,9,0.033002306
HLA-C*07:01,KLQNFRVYY,0,9,0.036168844
HLA-C*07:01,KNDPNSTKY,0,9,0.030541511
HLA-C*07:01,KQITKLQNF,0,9,0.010989474
HLA-C*07:01,KQKFYALFY,0,9,0.15552752
HLA-C*07:01,KQKVHALFY,0,9,0.06256253
HLA-C*07:01,KQKVYALFY,0,9,0.10533123
HLA-C*07:01,KQKVYSLFY,0,9,0.075024985
HLA-C*07:01,KQQVHALFY,0,9,0.03322392
HLA-C*07:01,KQQVYALFY,0,9,0.054736607
HLA-C*07:01,KRAVGIGAM,0,9,0.13021065
HLA-C*07:01,KRAVGIGAVF,0,10,0.173263
HLA-C*07:01,KRAVGIGVM,0,9,0.28147852
HLA-C*07:01,KRHWEETLY,0,9,0.32972938
HLA-C*07:01,KRKDHPLTS,0,9,0.14237256
HLA-C*07:01,KRKDHPLTSL,0,10,0.30911058
HLA-C*07:01,KRKGGIGGY,0,9,0.14421502
HLA-C*07:01,KRPSLKIMI,0,9,0.5503032
HLA-C*07:01,KRQGTSSSF,0,9,0.04942604
HLA-C*07:01,KRQQVYALF,0,9,0.17957042
HLA-C*07:01,KRQQVYALFY,0,10,0.25338212
HLA-C*07:01,KRSAHTNDV,0,9,0.020757576
HLA-C*07:01,KRTQDFWEV,0,9,0.36971977
HLA-C*07:01,KSRQKTQQV,0,9,0.0041063004
HLA-C*07:01,KTNNNTKYM,0,9,0.05222442
HLA-C*07:01,KTPVHGVYY,0,9,0.17948197
HLA-C*07:01,KTYMSNSTF,0,9,0.009292753
HLA-C*07:01,KVASSTTQY,0,9,0.011681701
HLA-C*07:01,KVKETQMNW,0,9,0.012666284
HLA-C*07:01,KVVSSTTQY,0,9,0.013627937
HLA-C*07:01,KYDFVKLLI,0,9,0.07349147
HLA-C*07:01,KYHMKHLVW,0,9,0.13308194
HLA-C*07:01,KYLGGLVQY,0,9,0.15570553
HLA-C*07:01,KYLGNILIY,0,9,0.70664775
HLA-C*07:01,KYLGNLLAY,0,9,0.1797938
HLA-C*07:01,KYLGNLLIY,0,9,0.6567
HLA-C*07:01,KYLGNLLLY,0,9,0.30472016
HLA-C*07:01,KYLGNLLVY,0,9,0.4199387
HLA-C*07:01,KYLGSLVQY,0,9,0.1535028
HLA-C*07:01,KYLWNLLLY,0,9,0.3735698
HLA-C*07:01,KYNMKHLVW,0,9,0.19906858
HLA-C*07:01,KYRYGTFLY,0,9,0.41557238
HLA-C*07:01,KYWWNLLQY,0,9,0.2765718
HLA-C*07:01,LAWDDLRSL,0,9,0.012373752
HLA-C*07:01,LFNTVATLY,0,9,0.027283227
HLA-C*07:01,LFPNKTIKF,0,9,0.024566
HLA-C*07:01,LIAKRIVEL,0,9,0.02089708
HLA-C*07:01,LIATRTVEL,0,9,0.020372275
HLA-C*07:01,LIDKKHKVY,0,9,0.010066337
HLA-C*07:01,LIWDDIRSL,0,9,0.055124998
HLA-C*07:01,LKKSAISLF,0,9,0.04126809
HLA-C*07:01,LKTPVHGVY,0,9,0.111718595
HLA-C*07:01,LMRYGRHPSF,0,10,0.004562159
HLA-C*07:01,LRAIEAQQHL,0,10,0.114779234
HLA-C*07:01,LRAIEAQQHM,0,10,0.13760084
HLA-C*07:01,LRAIEAQQQM,0,10,0.1730621
HLA-C*07:01,LRAPEAQQH,0,9,0.06464862
HLA-C*07:01,LRAPEAQQHL,0,10,0.17752865
HLA-C*07:01,LRDKKHKEY,0,9,0.049366
HLA-C*07:01,LRDKKQKVY,0,9,0.07393716
HLA-C*07:01,LRDRKQKVY,0,9,0.053604864
HLA-C*07:01,LRISAISLY,0,9,0.2095184
HLA-C*07:01,LRLGWEGLKY,0,10,0.070817545
HLA-C*07:01,LRLGWEILKY,0,10,0.18160544
HLA-C*07:01,LRNLCLFLY,0,9,0.33301872
HLA-C*07:01,LRNLCLFSY,0,9,0.24849372
HLA-C*07:01,LRPGGKKHY,0,9,0.22592734
HLA-C*07:01,LRPGGKKHYM,0,10,0.27328056
HLA-C*07:01,LRPGGKKKY,0,9,0.11804457
HLA-C*07:01,LRPGGKKQY,0,9,0.21656667
HLA-C*07:01,LRQGWEGLKY,0,10,0.051849972
HLA-C*07:01,LRRGWEGLKY,0,10,0.06555729
HLA-C*07:01,LRRGWEILKY,0,10,0.21407579
HLA-C*07:01,LRRGWEVLKY,0,10,0.1466129
HLA-C*07:01,LRSLCLFLY,0,9,0.2833677
HLA-C*07:01,LRSLCLFSY,0,9,0.15657459
HLA-C*07:01,LRSLFLFSY,0,9,0.21155523
HLA-C*07:01,LRTSAISLF,0,9,0.23902439
HLA-C*07:01,LRTSATSLY,0,9,0.15115793
HLA-C*07:01,LRYIQIFIM,0,9,0.67125875
HLA-C*07:01,LSNSNSSEY,0,9,0.007731233
HLA-C*07:01,LTDKKQKFY,0,9,0.010816038
HLA-C*07:01,LTDKKQKVY,0,9,0.00841094
HLA-C*07:01,LTDQKKKVY,0,9,0.009670466
HLA-C*07:01,LVTARVVEL,0,9,0.014329268
HLA-C*07:01,LVTTRVVEL,0,9,0.024728073
HLA-C*07:01,LVWDDLRSL,0,9,0.012669681
HLA-C*07:01,LYKYKIVEI,0,9,0.1938795
HLA-C*07:01,LYKYKVIEI,0,9,0.25402427
HLA-C*07:01,LYKYKVVEI,0,9,0.17756924
HLA-C*07:01,LYKYKVVEV,0,9,0.19671997
HLA-C*07:01,LYKYKVVKI,0,9,0.05916914
HLA-C*07:01,LYKYKVVQI,0,9,0.13251065
HLA-C*07:01,LYLESDTEL,0,9,0.030979227
HLA-C*07:01,LYNLFIDSY,0,9,0.20133702
HLA-C*07:01,LYNTIATLY,0,9,0.08710448
HLA-C*07:01,LYNTITTLW,0,9,0.023627955
HLA-C*07:01,LYNTIVTLW,0,9,0.048113603
HLA-C*07:01,LYNTVAVLY,0,9,0.13072544
HLA-C*07:01,LYNTVVTLW,0,9,0.043403737
HLA-C*07:01,LYWSRELKV,0,9,0.017829046
HLA-C*07:01,MHEDVISLW,0,9,0.0058761267
HLA-C*07:01,MHTDIISLW,0,9,0.016659804
HLA-C*07:01,MKDNWRSEL,0,9,0.008532783
HLA-C*07:01,MRDNWRSEL,0,9,0.07690186
HLA-C*07:01,MRDNWRSELY,0,10,0.101140276
HLA-C*07:01,MRNNWRSEL,0,9,0.2923803
HLA-C*07:01,MRNNWRSELY,0,10,0.35256353
HLA-C*07:01,MRYGRHPSF,0,9,0.13969482
HLA-C*07:01,MRYGRHPSFV,0,10,0.07540826
HLA-C*07:01,MSWPNLWTW,0,9,0.02239331
HLA-C*07:01,MSWPNYRTW,0,9,0.017669352
HLA-C*07:01,MTIGPGHVF,0,9,0.014033486
HLA-C*07:01,MYAPPIKGI,0,9,0.04363882
HLA-C*07:01,MYAPPIQGV,0,9,0.051769506
HLA-C*07:01,MYAPPIRGI,0,9,0.08361835
HLA-C*07:01,MYAPPISGI,0,9,0.029174218
HLA-C*07:01,MYAPPISGM,0,9,0.13070318
HLA-C*07:01,MYYAKRMLF,0,9,0.14386559
HLA-C*07:01,NAKNIIVHL,0,9,0.08226944
HLA-C*07:01,NAKNILVQF,0,9,0.04849684
HLA-C*07:01,NAKTIIVHL,0,9,0.09138979
HLA-C*07:01,NAYNTLVYL,0,9,0.04264763
HLA-C*07:01,NFDMWKNEM,0,9,0.01784776
HLA-C*07:01,NFKGPNRTV,0,9,0.012092667
HLA-C*07:01,NFNMWKNEM,0,9,0.082815565
HLA-C*07:01,NGYTPLHYV,0,9,0.0499424
HLA-C*07:01,NHNDSNYSEY,0,10,0.09483383
HLA-C*07:01,NHSENYSEY,0,9,0.018434713
HLA-C*07:01,NIKEYVYQL,0,9,0.36484474
HLA-C*07:01,NKSDVLTTW,0,9,0.02121371
HLA-C*07:01,NKTVFQLVF,0,9,0.2312012
HLA-C*07:01,NKYDFVKLL,0,9,0.1194403
HLA-C*07:01,NPNPQEIHL,0,9,0.1155471
HLA-C*07:01,NRFGTTPFY,0,9,0.16330035
HLA-C*07:01,NRGSFIHNL,0,9,0.54764944
HLA-C*07:01,NRNGDFETI,0,9,0.17124029
HLA-C*07:01,NRQEIKNCSF,0,10,0.10444724
HLA-C*07:01,NRSNNSNKEY,0,10,0.055889267
HLA-C*07:01,NRTKWNETL,0,9,0.17763126
HLA-C*07:01,NSSKVSLNY,0,9,0.06456726
HLA-C*07:01,NSSNVSQNY,0,9,0.03307912
HLA-C*07:01,NSSPVSQNY,0,9,0.05178686
HLA-C*07:01,NSSWSNRSY,0,9,0.049562693
HLA-C*07:01,NSTDTIYML,0,9,0.25708732
HLA-C*07:01,NTPPLVKLW,0,9,0.04880138
HLA-C*07:01,NVKTIIVHL,0,9,0.1008001
HLA-C*07:01,NWFDITNWL,0,9,0.018283071
HLA-C*07:01,NWFDITRWL,0,9,0.051096883
HLA-C*07:01,NYSETIYRL,0,9,0.21881433
HLA-C*07:01,NYTDQIYDL,0,9,0.5326247
HLA-C*07:01,NYTDTIYRL,0,9,0.29846618
HLA-C*07:01,NYTDTIYYL,0,9,0.5522784
HLA-C*07:01,NYTDVIYGL,0,9,0.4984567
HLA-C*07:01,NYTENELNY,0,9,0.11854748
HLA-C*07:01,NYTEQIYEL,0,9,0.5315824
HLA-C*07:01,NYTGIIYDL,0,9,0.5993972
HLA-C*07:01,NYTNKIYDL,0,9,0.57064646
HLA-C*07:01,NYTNQIYDL,0,9,0.4891324
HLA-C*07:01,NYTNQIYEI,0,9,0.2918722
HLA-C*07:01,NYTNQIYEL,0,9,0.61299247
HLA-C*07:01,NYTNTIYEL,0,9,0.5444024
HLA-C*07:01,NYTQIIYGL,0,9,0.37581834
HLA-C*07:01,QEYNLVRKY,0,9,0.021005865
HLA-C*07:01,QHRTKIEEL,0,9,0.0062338333
HLA-C*07:01,QNYPIVQNI,0,9,0.05918452
HLA-C*07:01,QNYPIVQNL,0,9,0.07676562
HLA-C*07:01,QNYPIVQNM,0,9,0.0591137
HLA-C*07:01,QQKVHALFY,0,9,0.022500357
HLA-C*07:01,QRAGRAILH,0,9,0.17538288
HLA-C*07:01,QRAWRAFIH,0,9,0.42013842
HLA-C*07:01,QRAWRAFLH,0,9,0.19037168
HLA-C*07:01,QRAWRAIIH,0,9,0.44981956
HLA-C*07:01,QRAWRAILH,0,9,0.24991147
HLA-C*07:01,QRAWRALLH,0,9,0.18988876
HLA-C*07:01,QRGWEALKY,0,9,0.22444437
HLA-C*07:01,QRGWETLKY,0,9,0.23024155
HLA-C*07:01,QRMLQLTVW,0,9,0.020432694
HLA-C*07:01,QRPLVTVKI,0,9,0.14621814
HLA-C*07:01,QRTWRAILH,0,9,0.16922379
HLA-C*07:01,QRVWRGILH,0,9,0.101544335
HLA-C*07:01,QYDQIPIEI,0,9,0.02195009
HLA-C*07:01,RAIEAQQHL,0,9,0.024377538
HLA-C*07:01,RAIEAQQHM,0,9,0.018458094
HLA-C*07:01,RAIEAQQQM,0,9,0.028153198
HLA-C*07:01,RAIEAQQRM,0,9,0.0074239406
HLA-C*07:01,RAPEAQQHL,0,9,0.041285533
HLA-C*07:01,RDRKQKVYAL,0,10,0.019505758
HLA-C*07:01,RGRQKVVSL,0,9,0.019131899
HLA-C*07:01,RIGPGQMFY,0,9,0.13931356
HLA-C*07:01,RIIEIGQRL,0,9,0.018504303
HLA-C*07:01,RIRQGFELAL,0,10,0.033111967
HLA-C*07:01,RIRQGFERAL,0,10,0.02832563
HLA-C*07:01,RIRQGLERLL,0,10,0.045886334
HLA-C*07:01,RKAKIIRDY,0,9,0.1649804
HLA-C*07:01,RKDHPLTSL,0,9,0.025473248
HLA-C*07:01,RKDKVYLSW,0,9,0.023872608
HLA-C*07:01,RLRPGGKKHY,0,10,0.0136154145
HLA-C*07:01,RLRPGGKKKY,0,10,0.006747441
HLA-C*07:01,RLRPGGKKQY,0,10,0.01210433
HLA-C*07:01,RMYSPISIL,0,9,0.08346439
HLA-C*07:01,RMYSPTSIL,0,9,0.037575983
HLA-C*07:01,RMYSPVSIL,0,9,0.05706183
HLA-C*07:01,RNRFGTTPFY,0,10,0.066627696
HLA-C*07:01,RQQVYALFY,0,9,0.049698923
HLA-C*07:01,RRGWEALKY,0,9,0.3496673
HLA-C*07:01,RRGWEGLKY,0,9,0.24369751
HLA-C*07:01,RRGWEGLKYL,0,10,0.26680583
HLA-C*07:01,RRGWEILKY,0,9,0.580929
HLA-C*07:01,RRGWEILKYL,0,10,0.41628146
HLA-C*07:01,RRGWEVLKY,0,9,0.47819015
HLA-C*07:01,RRGWEVLKYL,0,10,0.353339
HLA-C*07:01,RRIRQGLER,0,9,0.011078842
HLA-C*07:01,RRIRQGLERF,0,10,0.017861564
HLA-C*07:01,RRIRQGLERL,0,10,0.0169872
HLA-C*07:01,RRKAKIIRDY,0,10,0.21945989
HLA-C*07:01,RRNLALKYRY,0,10,0.11411718
HLA-C*07:01,RRTRHFLSY,0,9,0.31022143
HLA-C*07:01,RSNITGLLL,0,9,0.28570744
HLA-C*07:01,RSNNSNKEY,0,9,0.016042009
HLA-C*07:01,RSSLKGLRL,0,9,0.015142666
HLA-C*07:01,RSWPNLWKW,0,9,0.0314222
HLA-C*07:01,RVIEIVQRV,0,9,0.015743358
HLA-C*07:01,RVKETQMNW,0,9,0.012762198
HLA-C*07:01,RVKETQRNW,0,9,0.009687877
HLA-C*07:01,RVKETQRSW,0,9,0.007671083
HLA-C*07:01,RVKGIQMSW,0,9,0.013283527
HLA-C*07:01,RVMGIQRNW,0,9,0.019018443
HLA-C*07:01,RVRETQMNW,0,9,0.00916855
HLA-C*07:01,RYHSNWRAM,0,9,0.34628266
HLA-C*07:01,RYLKDQQFL,0,9,0.13269493
HLA-C*07:01,RYLKDQQLL,0,9,0.14011887
HLA-C*07:01,RYLKDQRFL,0,9,0.2581427
HLA-C*07:01,RYLRDQQLL,0,9,0.11401888
HLA-C*07:01,RYRQRLISL,0,9,0.27024293
HLA-C*07:01,SAPPGQHML,0,9,0.069898404
HLA-C*07:01,SCFPNEIKY,0,9,0.06428712
HLA-C*07:01,SENSSFREY,0,9,0.042020854
HLA-C*07:01,SFDPIPIHY,0,9,0.02438848
HLA-C*07:01,SFDPIPINY,0,9,0.01952141
HLA-C*07:01,SFEPIPIHY,0,9,0.020659748
HLA-C*07:01,SFGPGQTFY,0,9,0.038186852
HLA-C*07:01,SFIEVISLL,0,9,0.034633722
HLA-C*07:01,SFNFPQITL,0,9,0.07125055
HLA-C*07:01,SGIRKVLFL,0,9,0.096677005
HLA-C*07:01,SGSKVSQNY,0,9,0.012448217
HLA-C*07:01,SHANNTIMM,0,9,0.02584739
HLA-C*07:01,SHANSNIMM,0,9,0.023280019
HLA-C*07:01,SHIQQTNIM,0,9,0.023627445
HLA-C*07:01,SHKGRPGNF,0,9,0.0037479694
HLA-C*07:01,SHVQNTNIM,0,9,0.019455507
HLA-C*07:01,SIAARTVEL,0,9,0.019432563
HLA-C*07:01,SIATRTVEL,0,9,0.035494346
HLA-C*07:01,SIGPGQVFY,0,9,0.075668536
HLA-C*07:01,SIGPGRVYY,0,9,0.105606556
HLA-C*07:01,SIRIGPGQAF,0,10,0.015654562
HLA-C*07:01,SIRIGPGQTF,0,10,0.021091778
HLA-C*07:01,SIRRNLALKY,0,10,0.011688779
HLA-C*07:01,SIVTRTVEL,0,9,0.038918514
HLA-C*07:01,SKKDWNETL,0,9,0.06969291
HLA-C*07:01,SKNSSEYRL,0,9,0.06390302
HLA-C*07:01,SKRHWEETLY,0,10,0.11628082
HLA-C*07:01,SKRPSLKIM,0,9,0.043527663
HLA-C*07:01,SLFNTIVTL,0,9,0.023410652
HLA-C*07:01,SLFNTVATL,0,9,0.00933062
HLA-C*07:01,SLFNTVITL,0,9,0.055164095
HLA-C*07:01,SLFNTVVVL,0,9,0.033712327
HLA-C*07:01,SLYNAVVTL,0,9,0.019400151
HLA-C*07:01,SLYNAVVVL,0,9,0.030143889
HLA-C*07:01,SLYNTIATL,0,9,0.013932625
HLA-C*07:01,SLYNTITTL,0,9,0.012957888
HLA-C*07:01,SLYNTIVTL,0,9,0.023982476
HLA-C*07:01,SLYNTVAVL,0,9,0.023537233
HLA-C*07:01,SLYNTVVTL,0,9,0.017284794
HLA-C*07:01,SNNLWVTVY,0,9,0.20878819
HLA-C*07:01,SNYTDTIYY,0,9,0.106440485
HLA-C*07:01,SQAQHTNIL,0,9,0.026665295
HLA-C*07:01,SQTNHAIMM,0,9,0.06671528
HLA-C*07:01,SQTNKIIMM,0,9,0.06756674
HLA-C*07:01,SRELERFAL,0,9,0.046784334
HLA-C*07:01,SRELKVSAI,0,9,0.0108715845
HLA-C*07:01,SRGVIDINY,0,9,0.5945258
HLA-C*07:01,SRLSFTLMV,0,9,0.27247995
HLA-C*07:01,SRWPNLFHI,0,9,0.22781868
HLA-C*07:01,SRWPNLFHIL,0,10,0.5797512
HLA-C*07:01,SSIDTNWTM,0,9,0.076029114
HLA-C*07:01,SSNSSKYRL,0,9,0.04256978
HLA-C*07:01,SSSKISQNY,0,9,0.015869152
HLA-C*07:01,SSSKVSQNY,0,9,0.0124642225
HLA-C*07:01,SSSNNSEEY,0,9,0.008010464
HLA-C*07:01,SSSSNSSSF,0,9,0.0060539837
HLA-C*07:01,STDTIYMLL,0,9,0.072989
HLA-C*07:01,STFNSTYNL,0,9,0.037687633
HLA-C*07:01,STNDKIKLI,0,9,0.0355412
HLA-C*07:01,STNSTTETF,0,9,0.030491179
HLA-C*07:01,STRIGPGQVF,0,10,0.032853458
HLA-C*07:01,STSHIIQEY,0,9,0.13393289
HLA-C*07:01,STYMPNGTF,0,9,0.022021119
HLA-C*07:01,STYTPNGTF,0,9,0.02441076
HLA-C*07:01,SVNTVVRDF,0,9,0.11862285
HLA-C*07:01,SVRIGPGQMF,0,10,0.012616153
HLA-C*07:01,SVRIGPGQVF,0,10,0.022408992
HLA-C*07:01,SVSFGPGQTF,0,10,0.010601768
HLA-C*07:01,SVTARVVEL,0,9,0.022225192
HLA-C*07:01,SWFDISNWL,0,9,0.026220815
HLA-C*07:01,SWFDITNWL,0,9,0.022073869
HLA-C*07:01,SWFDITSWL,0,9,0.015131161
HLA-C*07:01,SYDEIWENM,0,9,0.1109214
HLA-C*07:01,SYDEIWNNM,0,9,0.08773821
HLA-C*07:01,SYEDIWNNM,0,9,0.08927514
HLA-C*07:01,SYEEIWNNM,0,9,0.061453164
HLA-C*07:01,SYHRLIDLL,0,9,0.13104475
HLA-C*07:01,SYHRLRDLL,0,9,0.06606232
HLA-C*07:01,SYILDTVNIY,0,10,0.06541922
HLA-C*07:01,SYLKHQQFL,0,9,0.177954
HLA-C*07:01,SYNAYNTLV,0,9,0.07612345
HLA-C*07:01,SYNELIKIL,0,9,0.24879356
HLA-C*07:01,TFDPIPIHY,0,9,0.02207815
HLA-C*07:01,THLEGKVIL,0,9,0.023309454
HLA-C*07:01,TIGPGHVFY,0,9,0.109540306
HLA-C*07:01,TIYNETSIY,0,9,0.02218653
HLA-C*07:01,TKLQNFRVY,0,9,0.050994474
HLA-C*07:01,TLIKVVQKL,0,9,0.006862264
HLA-C*07:01,TMGPGRVYY,0,9,0.03491209
HLA-C*07:01,TRHFLSYIL,0,9,0.5803108
HLA-C*07:01,TRIGPGQVF,0,9,0.09282911
HLA-C*07:01,TRIGPGQVFY,0,10,0.2613822
HLA-C*07:01,TRILAIERY,0,9,0.06784504
HLA-C*07:01,TRILAIERYL,0,10,0.1299778
HLA-C*07:01,TRIRQGFEL,0,9,0.07746633
HLA-C*07:01,TRMSWLNLW,0,9,0.0994728
HLA-C*07:01,TRVLAIERY,0,9,0.07636701
HLA-C*07:01,TSIGPGQVF,0,9,0.017351406
HLA-C*07:01,TSIGPGQVL,0,9,0.024901029
HLA-C*07:01,TSIGQGQVF,0,9,0.023286344
HLA-C*07:01,TSMGPGRAF,0,9,0.009696792
HLA-C*07:01,TTIDPKITV,0,9,0.04403067
HLA-C*07:01,TVNDIQKLV,0,9,0.041503124
HLA-C*07:01,TWFDITQWL,0,9,0.020621937
HLA-C*07:01,TYGNTPFIL,0,9,0.57624406
HLA-C*07:01,TYMPNGTFTF,0,10,0.065775394
HLA-C*07:01,VAGTGVQFY,0,9,0.03865966
HLA-C*07:01,VANTNIMIF,0,9,0.4057212
HLA-C*07:01,VERYLKDQQF,0,10,0.013452753
HLA-C*07:01,VHLNKSVEI,0,9,0.0054255254
HLA-C*07:01,VHLNKSVVI,0,9,0.010617654
HLA-C*07:01,VHQPISPRTL,0,10,0.017152013
HLA-C*07:01,VHQPITPRTL,0,10,0.017641397
HLA-C*07:01,VHQPVSPRTL,0,10,0.009851287
HLA-C*07:01,VIWGKTPKF,0,9,0.0105226105
HLA-C*07:01,VNTPPLVKL,0,9,0.03746591
HLA-C*07:01,VQFNTPVQI,0,9,0.013006538
HLA-C*07:01,VQMDKSNRY,0,9,0.0023782328
HLA-C*07:01,VRDKKQQVY,0,9,0.18388994
HLA-C*07:01,VRFVSGFLAL,0,10,0.4035538
HLA-C*07:01,VRIGPGQMF,0,9,0.1011007
HLA-C*07:01,VRIGPGQMFY,0,10,0.30095392
HLA-C*07:01,VRIGPGQVF,0,9,0.11176179
HLA-C*07:01,VRIGPGQVFY,0,10,0.26824984
HLA-C*07:01,VRLTPLCVTL,0,10,0.123557985
HLA-C*07:01,VRMYCPVSI,0,9,0.19865637
HLA-C*07:01,VRMYSPISI,0,9,0.23176654
HLA-C*07:01,VRMYSPISIL,0,10,0.48999682
HLA-C*07:01,VRMYSPTCI,0,9,0.08234658
HLA-C*07:01,VRMYSPTCIL,0,10,0.29800412
HLA-C*07:01,VRMYSPTSI,0,9,0.08566679
HLA-C*07:01,VRMYSPTSIL,0,10,0.21015534
HLA-C*07:01,VRMYSPVGI,0,9,0.116652675
HLA-C*07:01,VRMYSPVGIL,0,10,0.3863717
HLA-C*07:01,VRMYSPVSI,0,9,0.14300562
HLA-C*07:01,VRMYSPVSIL,0,10,0.34853405
HLA-C*07:01,VRQEFGIPY,0,9,0.2620354
HLA-C*07:01,VRQGYSPLSF,0,10,0.20427778
HLA-C*07:01,VRQGYSPLSL,0,10,0.18646805
HLA-C*07:01,VSFDPIPIH,0,9,0.042779345
HLA-C*07:01,VSFDPIPIHY,0,10,0.09796719
HLA-C*07:01,VSFDPIPINY,0,10,0.08856376
HLA-C*07:01,VSFEPIPIHY,0,10,0.064809486
HLA-C*07:01,VSFGPGQTF,0,9,0.01265653
HLA-C*07:01,VSFGPGQTFY,0,10,0.015459159
HLA-C*07:01,VSMGPGQAF,0,9,0.009161728
HLA-C*07:01,VSMGPGSAF,0,9,0.007282805
HLA-C*07:01,VSQEVRKYF,0,9,0.016756758
HLA-C*07:01,VSSGIRKVL,0,9,0.06333595
HLA-C*07:01,VSYNAYNTL,0,9,0.036011867
HLA-C*07:01,VTFDPIPIH,0,9,0.05070593
HLA-C*07:01,VTFDPIPIHY,0,10,0.09641866
HLA-C*07:01,VTMGPGRVY,0,9,0.084246166
HLA-C*07:01,VVGDIRKAY,0,9,0.021862274
HLA-C*07:01,VVRDKKQQV,0,9,0.0090272855
HLA-C*07:01,VVRDKKQQVY,0,10,0.02644473
HLA-C*07:01,VVRDKQQKV,0,9,0.0072324905
HLA-C*07:01,VWKDAETTL,0,9,0.026044847
HLA-C*07:01,VWKDATTTL,0,9,0.02536364
HLA-C*07:01,VWKEATTTL,0,9,0.024169087
HLA-C*07:01,VWRDAKTTLF,0,10,0.030193293
HLA-C*07:01,VWRDANTTLF,0,10,0.025009362
HLA-C*07:01,VYGSHVRNI,0,9,0.13323031
HLA-C*07:01,VYWGQELKI,0,9,0.021858826
HLA-C*07:01,VYWGQELRI,0,9,0.018981513
HLA-C*07:01,VYYDPSKDL,0,9,0.052586727
HLA-C*07:01,WKDATTTLF,0,9,0.01408738
HLA-C*07:01,WKNEMVNQM,0,9,0.035673376
HLA-C*07:01,WRDADTTLF,0,9,0.0403996
HLA-C*07:01,WRDAKTTLF,0,9,0.061260972
HLA-C*07:01,WRDANTTLF,0,9,0.071434125
HLA-C*07:01,YAGIKVKQL,0,9,0.040289607
HLA-C*07:01,YAPPIQGVI,0,9,0.050186567
HLA-C*07:01,YAPPISGAI,0,9,0.015738958
HLA-C*07:01,YAPPISGKI,0,9,0.01323989
HLA-C*07:01,YAPPISGMI,0,9,0.019195672
HLA-C*07:01,YAPPISGRI,0,9,0.010707857
HLA-C*07:01,YAPPISGSI,0,9,0.022794936
HLA-C*07:01,YGENILHIY,0,9,0.09414577
HLA-C*07:01,YGNTPFILL,0,9,0.231698
HLA-C*07:01,YHHLRDLIL,0,9,0.06891527
HLA-C*07:01,YHRLIDLLL,0,9,0.064974666
HLA-C*07:01,YHRLRDFIL,0,9,0.05962331
HLA-C*07:01,YHRLRDFLL,0,9,0.03845471
HLA-C*07:01,YHRLRDFSL,0,9,0.016085492
HLA-C*07:01,YHRLRDFVL,0,9,0.029936584
HLA-C*07:01,YHRLRDLLL,0,9,0.03523611
HLA-C*07:01,YHRLRDSVL,0,9,0.0054385094
HLA-C*07:01,YILDTVNIY,0,9,0.10718457
HLA-C*07:01,YKKSESESY,0,9,0.040218372
HLA-C*07:01,YKRWIILGL,0,9,0.30016097
HLA-C*07:01,YKVVEIKSL,0,9,0.02170768
HLA-C*07:01,YMPNGTFTF,0,9,0.034676816
HLA-C*07:01,YNAYNTLVY,0,9,0.27127117
HLA-C*07:01,YPMASLKSL,0,9,0.010548121
HLA-C*07:01,YRDSRDPIW,0,9,0.09819941
HLA-C*07:01,YRIKHLVWA,0,9,0.1853995
HLA-C*07:01,YRKSESESY,0,9,0.21340367
HLA-C*07:01,YRLKHLVWA,0,9,0.14222981
HLA-C*07:01,YRLLRDLSL,0,9,0.35461065
HLA-C*07:01,YRMKHLVWA,0,9,0.13155712
HLA-C*07:01,YRQRLISLL,0,9,0.17161192
HLA-C*07:01,YRTWGTLII,0,9,0.5523117
HLA-C*07:01,YRYGTFLYV,0,9,0.58178
HLA-C*07:01,YSETIYRLL,0,9,0.09604689
HLA-C*07:01,YSPLSFQTL,0,9,0.053214468
HLA-C*07:01,YSPLSLQTL,0,9,0.029876824
HLA-C*07:01,YSPLSPQTL,0,9,0.027739717
HLA-C*07:01,YTDTIYRLL,0,9,0.15291004
HLA-C*07:01,YTDTIYYLL,0,9,0.23768625
HLA-C*07:01,YTNQIYEIL,0,9,0.26838756
HLA-C*07:01,YTNQIYELL,0,9,0.10473132
HLA-C*07:01,YTNTIYELL,0,9,0.14657235
HLA-C*07:01,YVDRFFKTL,0,9,0.0065305238
HLA-C*07:01,YVDRFYKTL,0,9,0.008218111
HLA-C*07:01,YYDPSKDLV,0,9,0.17865887
HLA-C*07:01,YYQGSCYIL,0,9,0.5289188
