2026-08-25 21:55:14,314 INFO:main.py:246:print_splash_screen:PDB2PQR v3.7.1: biomolecular structure conversion software.
2026-08-25 21:55:14,314 INFO:main.py:248:print_splash_screen:Please cite:  Jurrus E, et al.  Improvements to the APBS biomolecular solvation software suite.  Protein Sci 27 112-128 (2018).
2026-08-25 21:55:14,314 INFO:main.py:248:print_splash_screen:Please cite:  Dolinsky TJ, et al.  PDB2PQR: expanding and upgrading automated preparation of biomolecular structures for molecular simulations. Nucleic Acids Res 35 W522-W525 (2007).
2026-08-25 21:55:14,314 INFO:main.py:770:main_driver:Checking and transforming input arguments.
2026-08-25 21:55:14,314 INFO:main.py:774:main_driver:Loading topology files.
2026-08-25 21:55:14,340 INFO:main.py:776:main_driver:Loading molecule: /Users/nek/Desktop/School/Research/Step_Outputs/Phase2/StepC/Supplementary_Archive/Vax_Final_a6aaa7d2_length=496_phenix_pass1.pdb
2026-08-25 21:55:14,340 ERROR:pdb.py:2605:read_pdb:Warning -- ignoring record:
2026-08-25 21:55:14,340 ERROR:pdb.py:2606:read_pdb:<SSBOND   1 CYS A   11    CYS A   40>
2026-08-25 21:55:14,340 ERROR:pdb.py:2605:read_pdb:Warning -- ignoring record:
2026-08-25 21:55:14,340 ERROR:pdb.py:2606:read_pdb:<SSBOND   2 CYS A   18    CYS A   33>
2026-08-25 21:55:14,340 ERROR:pdb.py:2605:read_pdb:Warning -- ignoring record:
2026-08-25 21:55:14,340 ERROR:pdb.py:2606:read_pdb:<SSBOND   3 CYS A   23    CYS A   41>
2026-08-25 21:55:14,340 ERROR:pdb.py:2605:read_pdb:Warning -- ignoring record:
2026-08-25 21:55:14,341 ERROR:pdb.py:2606:read_pdb:<SSBOND   4 CYS A  427    CYS A  464>
2026-08-25 21:55:14,350 INFO:main.py:781:main_driver:Setting up molecule.
2026-08-25 21:55:14,360 INFO:main.py:423:setup_molecule:Created biomolecule object with 496 residues and 3794 atoms.
2026-08-25 21:55:14,360 INFO:main.py:785:main_driver:Setting termini states for biomolecule chains.
2026-08-25 21:55:14,367 INFO:main.py:616:non_trivial:Loading forcefield.
2026-08-25 21:55:14,370 INFO:main.py:620:non_trivial:Loading hydrogen topology definitions.
2026-08-25 21:55:14,372 INFO:main.py:474:is_repairable:This biomolecule is clean.  No repair needed.
2026-08-25 21:55:14,372 INFO:main.py:635:non_trivial:Updating disulfide bridges.
2026-08-25 21:55:14,372 INFO:main.py:638:non_trivial:Debumping biomolecule.
2026-08-25 21:55:14,425 INFO:main.py:645:non_trivial:Assigning titration states with PROPKA.
2026-08-25 21:55:14,438 INFO:output.py:74:print_header:
propka3.5.1                                                                                  2026-08-25

-------------------------------------------------------------------------------
--                                                                           --
--  PROPKA: A PROTEIN PKA PREDICTOR                                          --
--                                                                           --
--  VERSION 1.0,  04/25/2004,  IOWA CITY                                     --
--  BY HUI LI                                                                --
--                                                                           --
--  VERSION 2.0,  11/05/2007, IOWA CITY/COPENHAGEN                           --
--  BY DELPHINE C. BAS AND DAVID M. ROGERS                                   --
--                                                                           --
--  VERSION 3.0,  01/06/2011, COPENHAGEN                                     --
--  BY MATS H.M. OLSSON AND CHRESTEN R. SONDERGARD                           --
--                                                                           --
--  VERSION 3.1,  07/01/2011, COPENHAGEN                                     --
--  BY CHRESTEN R. SONDERGARD AND MATS H.M. OLSSON                           --
--                                                                           --
--  VERSION 3.2,  06/17/2020, PLANET EARTH                                   --
--  SEE ABOVE FOR AUTHORS                                                    --
--                                                                           --
-------------------------------------------------------------------------------


-------------------------------------------------------------------------------
References:

Very Fast Empirical Prediction and Rationalization of Protein pKa Values.
Hui Li, Andrew D. Robertson and Jan H. Jensen. PROTEINS: Structure, Function,
and Bioinformatics. 61:704-721 (2005)

Very Fast Prediction and Rationalization of pKa Values for Protein-Ligand
Complexes.  Delphine C. Bas, David M. Rogers and Jan H. Jensen.  PROTEINS:
Structure, Function, and Bioinformatics 73:765-783 (2008)

PROPKA3: Consistent Treatment of Internal and Surface Residues in Empirical
pKa predictions.  Mats H.M. Olsson, Chresten R. Sondergard, Michal Rostkowski,
and Jan H. Jensen.  Journal of Chemical Theory and Computation, 7(2):525-537
(2011)

Improved Treatment of Ligands and Coupling Effects in Empirical Calculation
and Rationalization of pKa Values.  Chresten R. Sondergaard, Mats H.M. Olsson,
Michal Rostkowski, and Jan H. Jensen.  Journal of Chemical Theory and
Computation, (2011)
-------------------------------------------------------------------------------



2026-08-25 21:55:14,481 INFO:conformation_container.py:124:find_covalently_coupled_groups:Coupling map:

2026-08-25 21:55:14,481 INFO:conformation_container.py:213:calculate_pka:Calculating pKas for Conformation container 1A with 4440 atoms and 1200 groups
2026-08-25 21:55:14,771 INFO:output.py:225:print_pka_section:pKa determinants:

---------  -----   ------   ---------------------    --------------    --------------    --------------
                            DESOLVATION  EFFECTS       SIDECHAIN          BACKBONE        COULOMBIC
 RESIDUE    pKa    BURIED     REGULAR      RE        HYDROGEN BOND     HYDROGEN BOND      INTERACTION
---------  -----   ------   ---------   ---------    --------------    --------------    --------------

ASP  78 A   3.52     0 %    0.28  102   0.00    0   -0.37 SER  80 A   -0.19 SER  80 A    0.00 XXX   0 X

ASP 107 A   3.41     0 %    0.20   92   0.00    0   -0.59 THR 104 A    0.00 XXX   0 X    0.00 XXX   0 X

ASP 119 A   3.91     0 %    0.11   56   0.00    0    0.00 XXX   0 X    0.00 XXX   0 X    0.00 XXX   0 X

ASP 294 A   2.60     0 %    0.55  279   0.00    0   -0.58 SER 314 A    0.00 XXX   0 X   -0.19 ARG 274 A
ASP 294 A                                           -0.58 TYR 272 A    0.00 XXX   0 X   -0.29 LYS 292 A
ASP 294 A                                            0.00 XXX   0 X    0.00 XXX   0 X   -0.10 HIS 313 A

ASP 302 A   3.85    23 %    1.33  345   0.15    0   -0.19 THR 297 A    0.00 XXX   0 X   -0.04 LYS 317 A
ASP 302 A                                           -0.69 LYS 282 A    0.00 XXX   0 X   -0.49 LYS 282 A

ASP 306 A   5.00    48 %    1.56  417   0.09    0   -0.14 CYS 326 A    0.00 XXX   0 X    0.05 GLU 305 A
ASP 306 A                                            0.00 XXX   0 X    0.00 XXX   0 X    0.24 ASP 315 A
ASP 306 A                                            0.00 XXX   0 X    0.00 XXX   0 X   -0.61 HIS 313 A

ASP 315 A   4.42    35 %    1.28  380   0.09    0   -0.11 HIS 313 A    0.00 XXX   0 X   -0.16 LYS 317 A
ASP 315 A                                            0.00 XXX   0 X    0.00 XXX   0 X    0.07 ASP 294 A
ASP 315 A                                            0.00 XXX   0 X    0.00 XXX   0 X   -0.56 HIS 313 A

ASP 321 A   4.05     0 %    0.24  151   0.00    0    0.00 XXX   0 X    0.00 XXX   0 X   -0.01 LYS 323 A
ASP 321 A                                            0.00 XXX   0 X    0.00 XXX   0 X    0.03 ASP 302 A

ASP 340 A   3.97     0 %    0.17   81   0.00    0    0.00 XXX   0 X    0.00 XXX   0 X    0.00 XXX   0 X

ASP 361 A   3.91     0 %    0.11   72   0.00    0    0.00 XXX   0 X    0.00 XXX   0 X    0.00 XXX   0 X

ASP 366 A   3.92     0 %    0.12  110   0.00    0    0.00 XXX   0 X    0.00 XXX   0 X    0.00 XXX   0 X

ASP 392 A   3.91     0 %    0.11  101   0.00    0    0.00 XXX   0 X    0.00 XXX   0 X    0.00 XXX   0 X

ASP 439 A   3.80     0 %    0.26  146   0.00    0    0.00 XXX   0 X   -0.22 ASN 436 A   -0.04 LYS 443 A

ASP 467 A   4.16     0 %    0.34  244   0.00    0    0.00 XXX   0 X    0.00 XXX   0 X   -0.01 ARG 420 A
ASP 467 A                                            0.00 XXX   0 X    0.00 XXX   0 X    0.02 ASP 469 A

ASP 469 A   4.10     0 %    0.26  183   0.00    0    0.00 XXX   0 X    0.00 XXX   0 X    0.03 ASP 473 A

ASP 473 A   3.98     0 %    0.21  196   0.00    0    0.00 XXX   0 X    0.00 XXX   0 X   -0.03 LYS 480 A

ASP 488 A   3.89     0 %    0.32  128   0.00    0    0.00 XXX   0 X   -0.23 GLN 490 A    0.00 XXX   0 X

GLU  27 A   4.26     0 %    0.56  232   0.00    0    0.00 XXX   0 X   -0.35 LEU  24 A   -0.28 ARG  17 A
GLU  27 A                                            0.00 XXX   0 X    0.00 XXX   0 X   -0.15 ARG  43 A
GLU  27 A                                            0.00 XXX   0 X    0.00 XXX   0 X   -0.01 LYS  44 A

GLU  28 A   3.84     0 %    0.29  205   0.00    0   -0.53 ARG  42 A    0.00 XXX   0 X   -0.14 LYS  44 A
GLU  28 A                                            0.00 XXX   0 X    0.00 XXX   0 X   -0.02 LYS  45 A
GLU  28 A                                            0.00 XXX   0 X    0.00 XXX   0 X   -0.26 ARG  42 A

GLU  46 A   4.57     0 %    0.07  114   0.00    0    0.00 XXX   0 X    0.00 XXX   0 X    0.00 XXX   0 X

GLU 101 A   4.58     0 %    0.08  108   0.00    0    0.00 XXX   0 X    0.00 XXX   0 X    0.00 XXX   0 X

GLU 115 A   4.56     0 %    0.06   49   0.00    0    0.00 XXX   0 X    0.00 XXX   0 X    0.00 XXX   0 X

GLU 151 A   4.59     0 %    0.09   59   0.00    0    0.00 XXX   0 X    0.00 XXX   0 X    0.00 XXX   0 X

GLU 153 A   4.55     0 %    0.05   73   0.00    0    0.00 XXX   0 X    0.00 XXX   0 X    0.00 XXX   0 X

GLU 157 A   4.56     0 %    0.06   74   0.00    0    0.00 XXX   0 X    0.00 XXX   0 X    0.00 XXX   0 X

GLU 175 A   4.61     0 %    0.11  106   0.00    0    0.00 XXX   0 X    0.00 XXX   0 X    0.00 XXX   0 X

GLU 192 A   4.56     0 %    0.06   52   0.00    0    0.00 XXX   0 X    0.00 XXX   0 X    0.00 XXX   0 X

GLU 246 A   6.06    66 %    2.13  465   0.17    0   -0.52 LYS 273 A    0.00 XXX   0 X    0.41 GLU 253 A
GLU 246 A                                            0.00 XXX   0 X    0.00 XXX   0 X   -0.64 LYS 273 A

GLU 253 A   5.57    37 %    0.85  384   0.39    0    0.00 XXX   0 X    0.00 XXX   0 X   -0.18 LYS 273 A

GLU 263 A   4.14    19 %    0.52  334   0.00    0   -0.23 ARG 243 A    0.00 XXX   0 X   -0.19 ARG 285 A
GLU 263 A                                            0.00 XXX   0 X    0.00 XXX   0 X   -0.13 LYS 407 A
GLU 263 A                                            0.00 XXX   0 X    0.00 XXX   0 X   -0.34 ARG 243 A

GLU 305 A   4.04     1 %    0.34  283   0.00    0   -0.58 TYR 303 A    0.00 XXX   0 X   -0.23 ARG 285 A

GLU 320 A   4.56     0 %    0.06  101   0.00    0    0.00 XXX   0 X    0.00 XXX   0 X    0.00 XXX   0 X

GLU 336 A   4.67     0 %    0.17  124   0.00    0    0.00 XXX   0 X    0.00 XXX   0 X    0.00 XXX   0 X

GLU 342 A   4.59     0 %    0.09   83   0.00    0    0.00 XXX   0 X    0.00 XXX   0 X    0.00 XXX   0 X

GLU 358 A   4.63     0 %    0.13  127   0.00    0    0.00 XXX   0 X    0.00 XXX   0 X    0.00 XXX   0 X

GLU 430 A   4.07     0 %    0.18  191   0.00    0   -0.28 LYS 460 A    0.00 XXX   0 X   -0.02 LYS 426 A
GLU 430 A                                            0.00 XXX   0 X    0.00 XXX   0 X   -0.30 LYS 460 A

GLU 482 A   4.00     0 %    0.32  159   0.00    0   -0.49 HIS 478 A    0.00 XXX   0 X    0.02 ASP 488 A
GLU 482 A                                            0.00 XXX   0 X    0.00 XXX   0 X   -0.34 HIS 478 A

GLU 496 A   4.53     0 %    0.03   34   0.00    0    0.00 XXX   0 X    0.00 XXX   0 X    0.00 XXX   0 X

C-  496 A   3.29     0 %    0.09   66   0.00    0    0.00 XXX   0 X    0.00 XXX   0 X   -0.01 LYS 425 A

HIS 167 A   6.39     0 %   -0.11   78   0.00    0    0.00 XXX   0 X    0.00 XXX   0 X    0.00 XXX   0 X

HIS 216 A   6.27     0 %   -0.23  219   0.00    0    0.00 XXX   0 X    0.00 XXX   0 X    0.00 XXX   0 X

HIS 313 A   7.17    42 %   -1.18  399   0.00    0    0.11 ASP 315 A    0.49 SER 293 A   -0.01 LYS 292 A
HIS 313 A                                            0.00 XXX   0 X    0.00 XXX   0 X   -0.01 LYS 317 A
HIS 313 A                                            0.00 XXX   0 X    0.00 XXX   0 X    0.10 ASP 294 A
HIS 313 A                                            0.00 XXX   0 X    0.00 XXX   0 X    0.61 ASP 306 A
HIS 313 A                                            0.00 XXX   0 X    0.00 XXX   0 X    0.56 ASP 315 A

HIS 401 A   6.23     0 %   -0.17  114   0.00    0    0.00 XXX   0 X    0.00 XXX   0 X   -0.10 LYS 397 A

HIS 478 A   7.13     0 %   -0.33  221   0.00    0    0.49 GLU 482 A    0.15 HIS 478 A   -0.01 LYS 479 A
HIS 478 A                                            0.00 XXX   0 X    0.00 XXX   0 X    0.34 GLU 482 A

CYS  11 A  99.99     0 %    0.00    0   0.00    0    0.00 XXX   0 X    0.00 XXX   0 X    0.00 XXX   0 X

CYS  18 A  99.99     0 %    0.00    0   0.00    0    0.00 XXX   0 X    0.00 XXX   0 X    0.00 XXX   0 X

CYS  23 A  99.99     0 %    0.00    0   0.00    0    0.00 XXX   0 X    0.00 XXX   0 X    0.00 XXX   0 X

CYS  33 A  99.99     0 %    0.00    0   0.00    0    0.00 XXX   0 X    0.00 XXX   0 X    0.00 XXX   0 X

CYS  40 A  99.99     0 %    0.00    0   0.00    0    0.00 XXX   0 X    0.00 XXX   0 X    0.00 XXX   0 X

CYS  41 A  99.99     0 %    0.00    0   0.00    0    0.00 XXX   0 X    0.00 XXX   0 X    0.00 XXX   0 X

CYS  58 A   9.11     0 %    0.11   80   0.00    0    0.00 XXX   0 X    0.00 XXX   0 X    0.00 XXX   0 X

CYS  65 A   9.19     0 %    0.19   79   0.00    0    0.00 XXX   0 X    0.00 XXX   0 X    0.00 XXX   0 X

CYS  84 A   9.20     0 %    0.20  131   0.00    0    0.00 XXX   0 X    0.00 XXX   0 X    0.00 XXX   0 X

CYS 218 A   9.24     0 %    0.24  246   0.00    0    0.00 XXX   0 X    0.00 XXX   0 X    0.00 XXX   0 X

CYS 326 A  10.34    21 %    0.65  339   0.00    0    0.14 ASP 306 A    0.00 XXX   0 X   -0.06 LYS 317 A
CYS 326 A                                            0.00 XXX   0 X    0.00 XXX   0 X    0.24 ASP 315 A
CYS 326 A                                            0.00 XXX   0 X    0.00 XXX   0 X    0.38 ASP 306 A

CYS 427 A  99.99     0 %    0.00    0   0.00    0    0.00 XXX   0 X    0.00 XXX   0 X    0.00 XXX   0 X

CYS 464 A  99.99     0 %    0.00    0   0.00    0    0.00 XXX   0 X    0.00 XXX   0 X    0.00 XXX   0 X

TYR   9 A  10.18     0 %    0.12  145   0.00    0    0.00 XXX   0 X    0.00 XXX   0 X    0.06 TYR  10 A

TYR  10 A  10.09     0 %    0.12  163   0.00    0    0.00 XXX   0 X    0.00 XXX   0 X   -0.03 ARG  14 A

TYR  53 A  10.04     0 %    0.04   60   0.00    0    0.00 XXX   0 X    0.00 XXX   0 X    0.00 XXX   0 X

TYR  54 A  10.05     0 %    0.05   92   0.00    0    0.00 XXX   0 X    0.00 XXX   0 X    0.00 XXX   0 X

TYR  59 A  10.04     0 %    0.04   38   0.00    0    0.00 XXX   0 X    0.00 XXX   0 X    0.00 XXX   0 X

TYR  62 A  10.09     0 %    0.09  115   0.00    0    0.00 XXX   0 X    0.00 XXX   0 X    0.00 XXX   0 X

TYR  74 A  10.07     0 %    0.07  100   0.00    0    0.00 XXX   0 X    0.00 XXX   0 X    0.00 XXX   0 X

TYR  87 A  10.08     0 %    0.08  121   0.00    0    0.00 XXX   0 X    0.00 XXX   0 X    0.00 XXX   0 X

TYR  99 A  10.12     0 %    0.12  125   0.00    0    0.00 XXX   0 X    0.00 XXX   0 X    0.00 XXX   0 X

TYR 111 A  10.03     0 %    0.03   78   0.00    0    0.00 XXX   0 X    0.00 XXX   0 X    0.00 XXX   0 X

TYR 120 A  10.06     0 %    0.06   95   0.00    0    0.00 XXX   0 X    0.00 XXX   0 X    0.00 XXX   0 X

TYR 123 A  10.17     0 %    0.17   97   0.00    0    0.00 XXX   0 X    0.00 XXX   0 X    0.00 XXX   0 X

TYR 136 A  10.06     0 %    0.06   81   0.00    0    0.00 XXX   0 X    0.00 XXX   0 X    0.00 XXX   0 X

TYR 146 A  10.05     0 %    0.05   42   0.00    0    0.00 XXX   0 X    0.00 XXX   0 X    0.00 XXX   0 X

TYR 149 A  10.14     0 %    0.14   95   0.00    0    0.00 XXX   0 X    0.00 XXX   0 X    0.00 XXX   0 X

TYR 155 A  10.06     0 %    0.06   95   0.00    0    0.00 XXX   0 X    0.00 XXX   0 X    0.00 XXX   0 X

TYR 161 A  10.05     0 %    0.05   67   0.00    0    0.00 XXX   0 X    0.00 XXX   0 X    0.00 XXX   0 X

TYR 164 A  10.09     0 %    0.09  146   0.00    0    0.00 XXX   0 X    0.00 XXX   0 X    0.00 XXX   0 X

TYR 173 A  10.15     0 %    0.15  127   0.00    0    0.00 XXX   0 X    0.00 XXX   0 X    0.00 XXX   0 X

TYR 180 A  10.04     0 %    0.04   57   0.00    0    0.00 XXX   0 X    0.00 XXX   0 X    0.00 XXX   0 X

TYR 185 A  10.06     0 %    0.06   97   0.00    0    0.00 XXX   0 X    0.00 XXX   0 X    0.00 XXX   0 X

TYR 197 A  10.11     0 %    0.11   97   0.00    0    0.00 XXX   0 X    0.00 XXX   0 X    0.00 XXX   0 X

TYR 217 A  10.21     0 %    0.21  262   0.00    0    0.00 XXX   0 X    0.00 XXX   0 X    0.00 XXX   0 X

TYR 223 A   9.95     0 %    0.16  220   0.00    0    0.00 XXX   0 X    0.00 XXX   0 X   -0.15 ARG 243 A
TYR 223 A                                            0.00 XXX   0 X    0.00 XXX   0 X    0.03 GLU 263 A
TYR 223 A                                            0.00 XXX   0 X    0.00 XXX   0 X   -0.08 LYS 407 A

TYR 272 A  10.52     0 %    0.55  264   0.00    0   -0.46 ARG 274 A    0.00 XXX   0 X   -0.38 ARG 274 A
TYR 272 A                                            0.58 ASP 294 A    0.00 XXX   0 X   -0.16 LYS 292 A
TYR 272 A                                            0.00 XXX   0 X    0.00 XXX   0 X    0.38 ASP 294 A

TYR 303 A  11.05     0 %    0.31  254   0.00    0   -0.09 ASN 325 A    0.00 XXX   0 X   -0.13 ARG 285 A
TYR 303 A                                            0.58 GLU 305 A    0.00 XXX   0 X    0.38 GLU 305 A

TYR 316 A  10.07     0 %    0.07  134   0.00    0    0.00 XXX   0 X    0.00 XXX   0 X    0.00 XXX   0 X

TYR 332 A  10.22     0 %    0.22  196   0.00    0    0.00 XXX   0 X    0.00 XXX   0 X    0.00 XXX   0 X

TYR 346 A  10.08     0 %    0.08  115   0.00    0    0.00 XXX   0 X    0.00 XXX   0 X    0.00 XXX   0 X

TYR 357 A  10.05     0 %    0.05   56   0.00    0    0.00 XXX   0 X    0.00 XXX   0 X    0.00 XXX   0 X

TYR 383 A  10.12     0 %    0.12  119   0.00    0    0.00 XXX   0 X    0.00 XXX   0 X    0.00 XXX   0 X

TYR 394 A  10.02     0 %    0.17  276   0.00    0    0.00 XXX   0 X    0.00 XXX   0 X    0.00 GLU 263 A
TYR 394 A                                            0.00 XXX   0 X    0.00 XXX   0 X   -0.18 ARG 285 A
TYR 394 A                                            0.00 XXX   0 X    0.00 XXX   0 X    0.05 GLU 305 A
TYR 394 A                                            0.00 XXX   0 X    0.00 XXX   0 X   -0.02 LYS 397 A

TYR 449 A  10.08     0 %    0.13  183   0.00    0    0.00 XXX   0 X    0.00 XXX   0 X   -0.00 ARG 452 A
TYR 449 A                                            0.00 XXX   0 X    0.00 XXX   0 X   -0.05 LYS 443 A

TYR 468 A  10.19     0 %    0.19  226   0.00    0    0.00 XXX   0 X    0.00 XXX   0 X    0.00 XXX   0 X

LYS   8 A   9.76     0 %   -0.28  215   0.00    0    0.00 XXX   0 X    0.00 XXX   0 X   -0.05 ARG  12 A
LYS   8 A                                            0.00 XXX   0 X    0.00 XXX   0 X   -0.03 ARG  36 A
LYS   8 A                                            0.00 XXX   0 X    0.00 XXX   0 X   -0.37 ARG  38 A

LYS  26 A  10.45     0 %   -0.05   90   0.00    0    0.00 XXX   0 X    0.00 XXX   0 X    0.00 XXX   0 X

LYS  32 A  10.39     0 %   -0.11  183   0.00    0    0.00 XXX   0 X    0.00 XXX   0 X    0.00 XXX   0 X

LYS  39 A  10.25     0 %   -0.20  195   0.00    0    0.00 XXX   0 X    0.00 XXX   0 X   -0.05 LYS  32 A

LYS  44 A  10.42     0 %   -0.23  163   0.00    0    0.00 XXX   0 X    0.00 XXX   0 X    0.01 GLU  27 A
LYS  44 A                                            0.00 XXX   0 X    0.00 XXX   0 X    0.14 GLU  28 A

LYS  45 A  10.20     0 %   -0.10  176   0.00    0    0.00 XXX   0 X    0.00 XXX   0 X    0.02 GLU  28 A
LYS  45 A                                            0.00 XXX   0 X    0.00 XXX   0 X   -0.14 ARG  42 A
LYS  45 A                                            0.00 XXX   0 X    0.00 XXX   0 X   -0.08 ARG 200 A

LYS  50 A  10.46     0 %   -0.04   74   0.00    0    0.00 XXX   0 X    0.00 XXX   0 X    0.00 XXX   0 X

LYS  63 A  10.47     0 %   -0.03   62   0.00    0    0.00 XXX   0 X    0.00 XXX   0 X    0.00 XXX   0 X

LYS  67 A  10.45     0 %   -0.05   83   0.00    0    0.00 XXX   0 X    0.00 XXX   0 X    0.00 XXX   0 X

LYS  82 A  10.46     0 %   -0.04   84   0.00    0    0.00 XXX   0 X    0.00 XXX   0 X    0.00 XXX   0 X

LYS 114 A  10.47     0 %   -0.03   48   0.00    0    0.00 XXX   0 X    0.00 XXX   0 X    0.00 XXX   0 X

LYS 124 A  10.47     0 %   -0.03   46   0.00    0    0.00 XXX   0 X    0.00 XXX   0 X    0.00 XXX   0 X

LYS 174 A  10.40     0 %   -0.10   72   0.00    0    0.00 XXX   0 X    0.00 XXX   0 X    0.00 XXX   0 X

LYS 177 A  10.45     0 %   -0.05   93   0.00    0    0.00 XXX   0 X    0.00 XXX   0 X    0.00 XXX   0 X

LYS 273 A  10.37    48 %   -1.47  416   0.00    0    0.52 GLU 246 A    0.00 XXX   0 X    0.18 GLU 253 A
LYS 273 A                                            0.00 XXX   0 X    0.00 XXX   0 X    0.64 GLU 246 A

LYS 282 A   9.91    31 %   -1.77  369   0.00    0    0.69 ASP 302 A    0.00 XXX   0 X    0.49 ASP 302 A

LYS 292 A  10.69     0 %   -0.22  202   0.00    0    0.00 XXX   0 X    0.00 XXX   0 X   -0.03 ARG 274 A
LYS 292 A                                            0.00 XXX   0 X    0.00 XXX   0 X    0.29 ASP 294 A
LYS 292 A                                            0.00 XXX   0 X    0.00 XXX   0 X    0.16 TYR 272 A

LYS 317 A  10.39     1 %   -0.37  284   0.00    0    0.00 XXX   0 X    0.00 XXX   0 X    0.04 ASP 302 A
LYS 317 A                                            0.00 XXX   0 X    0.00 XXX   0 X    0.16 ASP 315 A
LYS 317 A                                            0.00 XXX   0 X    0.00 XXX   0 X    0.06 CYS 326 A

LYS 323 A  10.42     0 %   -0.09  174   0.00    0    0.00 XXX   0 X    0.00 XXX   0 X    0.01 ASP 321 A

LYS 333 A  10.44     0 %   -0.06  116   0.00    0    0.00 XXX   0 X    0.00 XXX   0 X    0.00 XXX   0 X

LYS 356 A  10.46     0 %   -0.04   67   0.00    0    0.00 XXX   0 X    0.00 XXX   0 X    0.00 XXX   0 X

LYS 359 A  10.47     0 %   -0.03   67   0.00    0    0.00 XXX   0 X    0.00 XXX   0 X    0.00 XXX   0 X

LYS 362 A  10.44     0 %   -0.06   87   0.00    0    0.00 XXX   0 X    0.00 XXX   0 X    0.00 XXX   0 X

LYS 377 A  10.44     0 %   -0.06  118   0.00    0    0.00 XXX   0 X    0.00 XXX   0 X    0.00 XXX   0 X

LYS 381 A  10.46     0 %   -0.04   86   0.00    0    0.00 XXX   0 X    0.00 XXX   0 X    0.00 XXX   0 X

LYS 397 A  10.39     0 %   -0.13  176   0.00    0    0.00 XXX   0 X    0.00 XXX   0 X    0.02 TYR 394 A

LYS 407 A  10.46     0 %   -0.18  248   0.00    0    0.00 XXX   0 X    0.00 XXX   0 X   -0.06 ARG 243 A
LYS 407 A                                            0.00 XXX   0 X    0.00 XXX   0 X    0.13 GLU 263 A
LYS 407 A                                            0.00 XXX   0 X    0.00 XXX   0 X    0.08 TYR 223 A

LYS 408 A  10.44     0 %   -0.06  112   0.00    0    0.00 XXX   0 X    0.00 XXX   0 X    0.00 XXX   0 X

LYS 415 A  10.41     0 %   -0.09   88   0.00    0    0.00 XXX   0 X    0.00 XXX   0 X    0.00 XXX   0 X

LYS 425 A  10.33     0 %   -0.18  230   0.00    0    0.00 XXX   0 X    0.00 XXX   0 X    0.01 C-  496 A

LYS 426 A  10.38     0 %   -0.14  136   0.00    0    0.00 XXX   0 X    0.00 XXX   0 X    0.02 GLU 430 A

LYS 437 A  10.31     0 %   -0.15  193   0.00    0    0.00 XXX   0 X    0.00 XXX   0 X   -0.04 LYS 461 A

LYS 443 A  10.49     0 %   -0.10  151   0.00    0    0.00 XXX   0 X    0.00 XXX   0 X    0.04 ASP 439 A
LYS 443 A                                            0.00 XXX   0 X    0.00 XXX   0 X    0.05 TYR 449 A

LYS 444 A  10.48     0 %   -0.02   54   0.00    0    0.00 XXX   0 X    0.00 XXX   0 X    0.00 XXX   0 X

LYS 459 A  10.41     0 %   -0.09  119   0.00    0    0.00 XXX   0 X    0.00 XXX   0 X    0.00 XXX   0 X

LYS 460 A  10.87     0 %   -0.21  206   0.00    0    0.28 GLU 430 A    0.00 XXX   0 X    0.30 GLU 430 A

LYS 461 A  10.38     0 %   -0.12  229   0.00    0    0.00 XXX   0 X    0.00 XXX   0 X    0.00 XXX   0 X

LYS 462 A  10.41     0 %   -0.09  134   0.00    0    0.00 XXX   0 X    0.00 XXX   0 X    0.00 XXX   0 X

LYS 479 A  10.43     0 %   -0.07  116   0.00    0    0.00 XXX   0 X    0.00 XXX   0 X    0.00 XXX   0 X

LYS 480 A  10.40     0 %   -0.13  165   0.00    0    0.00 XXX   0 X    0.00 XXX   0 X    0.03 ASP 473 A

LYS 491 A  10.43     0 %   -0.07   84   0.00    0    0.00 XXX   0 X    0.00 XXX   0 X    0.00 XXX   0 X

ARG  12 A  12.39     0 %   -0.11  188   0.00    0    0.00 XXX   0 X    0.00 XXX   0 X    0.00 XXX   0 X

ARG  14 A  12.25     0 %   -0.19  209   0.00    0    0.00 XXX   0 X    0.00 XXX   0 X    0.03 TYR  10 A
ARG  14 A                                            0.00 XXX   0 X    0.00 XXX   0 X   -0.08 ARG  42 A
ARG  14 A                                            0.00 XXX   0 X    0.00 XXX   0 X   -0.01 ARG 200 A

ARG  17 A  12.49     0 %   -0.25  230   0.00    0    0.00 XXX   0 X    0.00 XXX   0 X    0.28 GLU  27 A
ARG  17 A                                            0.00 XXX   0 X    0.00 XXX   0 X   -0.04 ARG  43 A

ARG  36 A  12.43     0 %   -0.07  126   0.00    0    0.00 XXX   0 X    0.00 XXX   0 X    0.00 XXX   0 X

ARG  38 A  12.22     0 %   -0.21  202   0.00    0    0.00 XXX   0 X    0.00 XXX   0 X   -0.07 ARG  36 A

ARG  42 A  12.98     0 %   -0.32  226   0.00    0    0.53 GLU  28 A    0.00 XXX   0 X    0.26 GLU  28 A

ARG  43 A  12.55     0 %   -0.10  163   0.00    0    0.00 XXX   0 X    0.00 XXX   0 X    0.15 GLU  27 A

ARG 118 A  12.47     0 %   -0.03   58   0.00    0    0.00 XXX   0 X    0.00 XXX   0 X    0.00 XXX   0 X

ARG 163 A  12.45     0 %   -0.05   98   0.00    0    0.00 XXX   0 X    0.00 XXX   0 X    0.00 XXX   0 X

ARG 166 A  12.48     0 %   -0.02   54   0.00    0    0.00 XXX   0 X    0.00 XXX   0 X    0.00 XXX   0 X

ARG 200 A  12.40     0 %   -0.08  138   0.00    0    0.00 XXX   0 X    0.00 XXX   0 X   -0.01 ARG  42 A

ARG 243 A  12.85     8 %   -0.34  303   0.00    0    0.23 GLU 263 A    0.00 XXX   0 X    0.15 TYR 223 A
ARG 243 A                                            0.00 XXX   0 X    0.00 XXX   0 X   -0.03 ARG 285 A
ARG 243 A                                            0.00 XXX   0 X    0.00 XXX   0 X    0.34 GLU 263 A

ARG 274 A  13.26     0 %   -0.28  260   0.00    0    0.46 TYR 272 A    0.00 XXX   0 X    0.38 TYR 272 A
ARG 274 A                                            0.00 XXX   0 X    0.00 XXX   0 X    0.19 ASP 294 A

ARG 285 A  12.96    11 %   -0.28  312   0.00    0    0.00 XXX   0 X    0.00 XXX   0 X    0.19 GLU 263 A
ARG 285 A                                            0.00 XXX   0 X    0.00 XXX   0 X    0.13 TYR 303 A
ARG 285 A                                            0.00 XXX   0 X    0.00 XXX   0 X    0.23 GLU 305 A
ARG 285 A                                            0.00 XXX   0 X    0.00 XXX   0 X    0.18 TYR 394 A

ARG 355 A  12.37     0 %   -0.13  162   0.00    0    0.00 XXX   0 X    0.00 XXX   0 X    0.00 XXX   0 X

ARG 420 A  12.34     0 %   -0.16  270   0.00    0    0.00 XXX   0 X    0.00 XXX   0 X    0.01 ASP 467 A

ARG 448 A  12.46     0 %   -0.04   64   0.00    0    0.00 XXX   0 X    0.00 XXX   0 X    0.00 XXX   0 X

ARG 450 A  12.17     0 %   -0.33  157   0.00    0    0.00 XXX   0 X    0.00 XXX   0 X    0.00 XXX   0 X

ARG 452 A  12.42     0 %   -0.08  105   0.00    0    0.00 XXX   0 X    0.00 XXX   0 X    0.00 TYR 449 A

N+    1 A   7.77     0 %   -0.19  118   0.00    0    0.00 XXX   0 X    0.00 XXX   0 X   -0.04 LYS   8 A


2026-08-25 21:55:14,771 INFO:output.py:227:print_pka_section:pKa summary:
--------------------------------------------------------------------------------------------------------
SUMMARY OF THIS PREDICTION
       Group      pKa  model-pKa   ligand atom-type
   ASP  78 A     3.52       3.80                      
   ASP 107 A     3.41       3.80                      
   ASP 119 A     3.91       3.80                      
   ASP 294 A     2.60       3.80                      
   ASP 302 A     3.85       3.80                      
   ASP 306 A     5.00       3.80                      
   ASP 315 A     4.42       3.80                      
   ASP 321 A     4.05       3.80                      
   ASP 340 A     3.97       3.80                      
   ASP 361 A     3.91       3.80                      
   ASP 366 A     3.92       3.80                      
   ASP 392 A     3.91       3.80                      
   ASP 439 A     3.80       3.80                      
   ASP 467 A     4.16       3.80                      
   ASP 469 A     4.10       3.80                      
   ASP 473 A     3.98       3.80                      
   ASP 488 A     3.89       3.80                      
   GLU  27 A     4.26       4.50                      
   GLU  28 A     3.84       4.50                      
   GLU  46 A     4.57       4.50                      
   GLU 101 A     4.58       4.50                      
   GLU 115 A     4.56       4.50                      
   GLU 151 A     4.59       4.50                      
   GLU 153 A     4.55       4.50                      
   GLU 157 A     4.56       4.50                      
   GLU 175 A     4.61       4.50                      
   GLU 192 A     4.56       4.50                      
   GLU 246 A     6.06       4.50                      
   GLU 253 A     5.57       4.50                      
   GLU 263 A     4.14       4.50                      
   GLU 305 A     4.04       4.50                      
   GLU 320 A     4.56       4.50                      
   GLU 336 A     4.67       4.50                      
   GLU 342 A     4.59       4.50                      
   GLU 358 A     4.63       4.50                      
   GLU 430 A     4.07       4.50                      
   GLU 482 A     4.00       4.50                      
   GLU 496 A     4.53       4.50                      
   C-  496 A     3.29       3.20                      
   HIS 167 A     6.39       6.50                      
   HIS 216 A     6.27       6.50                      
   HIS 313 A     7.17       6.50                      
   HIS 401 A     6.23       6.50                      
   HIS 478 A     7.13       6.50                      
   CYS  11 A    99.99       9.00                      
   CYS  18 A    99.99       9.00                      
   CYS  23 A    99.99       9.00                      
   CYS  33 A    99.99       9.00                      
   CYS  40 A    99.99       9.00                      
   CYS  41 A    99.99       9.00                      
   CYS  58 A     9.11       9.00                      
   CYS  65 A     9.19       9.00                      
   CYS  84 A     9.20       9.00                      
   CYS 218 A     9.24       9.00                      
   CYS 326 A    10.34       9.00                      
   CYS 427 A    99.99       9.00                      
   CYS 464 A    99.99       9.00                      
   TYR   9 A    10.18      10.00                      
   TYR  10 A    10.09      10.00                      
   TYR  53 A    10.04      10.00                      
   TYR  54 A    10.05      10.00                      
   TYR  59 A    10.04      10.00                      
   TYR  62 A    10.09      10.00                      
   TYR  74 A    10.07      10.00                      
   TYR  87 A    10.08      10.00                      
   TYR  99 A    10.12      10.00                      
   TYR 111 A    10.03      10.00                      
   TYR 120 A    10.06      10.00                      
   TYR 123 A    10.17      10.00                      
   TYR 136 A    10.06      10.00                      
   TYR 146 A    10.05      10.00                      
   TYR 149 A    10.14      10.00                      
   TYR 155 A    10.06      10.00                      
   TYR 161 A    10.05      10.00                      
   TYR 164 A    10.09      10.00                      
   TYR 173 A    10.15      10.00                      
   TYR 180 A    10.04      10.00                      
   TYR 185 A    10.06      10.00                      
   TYR 197 A    10.11      10.00                      
   TYR 217 A    10.21      10.00                      
   TYR 223 A     9.95      10.00                      
   TYR 272 A    10.52      10.00                      
   TYR 303 A    11.05      10.00                      
   TYR 316 A    10.07      10.00                      
   TYR 332 A    10.22      10.00                      
   TYR 346 A    10.08      10.00                      
   TYR 357 A    10.05      10.00                      
   TYR 383 A    10.12      10.00                      
   TYR 394 A    10.02      10.00                      
   TYR 449 A    10.08      10.00                      
   TYR 468 A    10.19      10.00                      
   LYS   8 A     9.76      10.50                      
   LYS  26 A    10.45      10.50                      
   LYS  32 A    10.39      10.50                      
   LYS  39 A    10.25      10.50                      
   LYS  44 A    10.42      10.50                      
   LYS  45 A    10.20      10.50                      
   LYS  50 A    10.46      10.50                      
   LYS  63 A    10.47      10.50                      
   LYS  67 A    10.45      10.50                      
   LYS  82 A    10.46      10.50                      
   LYS 114 A    10.47      10.50                      
   LYS 124 A    10.47      10.50                      
   LYS 174 A    10.40      10.50                      
   LYS 177 A    10.45      10.50                      
   LYS 273 A    10.37      10.50                      
   LYS 282 A     9.91      10.50                      
   LYS 292 A    10.69      10.50                      
   LYS 317 A    10.39      10.50                      
   LYS 323 A    10.42      10.50                      
   LYS 333 A    10.44      10.50                      
   LYS 356 A    10.46      10.50                      
   LYS 359 A    10.47      10.50                      
   LYS 362 A    10.44      10.50                      
   LYS 377 A    10.44      10.50                      
   LYS 381 A    10.46      10.50                      
   LYS 397 A    10.39      10.50                      
   LYS 407 A    10.46      10.50                      
   LYS 408 A    10.44      10.50                      
   LYS 415 A    10.41      10.50                      
   LYS 425 A    10.33      10.50                      
   LYS 426 A    10.38      10.50                      
   LYS 437 A    10.31      10.50                      
   LYS 443 A    10.49      10.50                      
   LYS 444 A    10.48      10.50                      
   LYS 459 A    10.41      10.50                      
   LYS 460 A    10.87      10.50                      
   LYS 461 A    10.38      10.50                      
   LYS 462 A    10.41      10.50                      
   LYS 479 A    10.43      10.50                      
   LYS 480 A    10.40      10.50                      
   LYS 491 A    10.43      10.50                      
   ARG  12 A    12.39      12.50                      
   ARG  14 A    12.25      12.50                      
   ARG  17 A    12.49      12.50                      
   ARG  36 A    12.43      12.50                      
   ARG  38 A    12.22      12.50                      
   ARG  42 A    12.98      12.50                      
   ARG  43 A    12.55      12.50                      
   ARG 118 A    12.47      12.50                      
   ARG 163 A    12.45      12.50                      
   ARG 166 A    12.48      12.50                      
   ARG 200 A    12.40      12.50                      
   ARG 243 A    12.85      12.50                      
   ARG 274 A    13.26      12.50                      
   ARG 285 A    12.96      12.50                      
   ARG 355 A    12.37      12.50                      
   ARG 420 A    12.34      12.50                      
   ARG 448 A    12.46      12.50                      
   ARG 450 A    12.17      12.50                      
   ARG 452 A    12.42      12.50                      
   N+    1 A     7.77       8.00                      

2026-08-25 21:55:14,783 INFO:main.py:648:non_trivial:PROPKA information:
--------------------------------------------------------------------------------------------------------
Free energy of   folding (kcal/mol) as a function of pH (using neutral reference)
  0.00     13.61
  1.00     13.60
  2.00     13.51
  3.00     13.12
  4.00     13.30
  5.00     15.11
  6.00     16.93
  7.00     17.86
  8.00     18.38
  9.00     19.19
 10.00     20.96
 11.00     21.60
 12.00     21.51
 13.00     21.72
 14.00     22.22

The pH of optimum stability is  3.4 for which the free energy is   13.0 kcal/mol at 298K
Could not determine pH values where the free energy is within 80 % of minimum
Could not determine the pH-range where the free energy is negative


Protein charge of folded and unfolded state as a function of pH
    pH  unfolded  folded
  0.00     66.00   65.99
  0.10     65.99   65.99
  0.20     65.99   65.99
  0.30     65.99   65.99
  0.40     65.99   65.98
  0.50     65.99   65.98
  0.60     65.98   65.98
  0.70     65.98   65.97
  0.80     65.97   65.96
  0.90     65.97   65.95
  1.00     65.96   65.94
  1.10     65.95   65.92
  1.20     65.94   65.91
  1.30     65.92   65.88
  1.40     65.90   65.85
  1.50     65.87   65.82
  1.60     65.84   65.77
  1.70     65.80   65.71
  1.80     65.75   65.64
  1.90     65.69   65.56
  2.00     65.61   65.45
  2.10     65.51   65.33
  2.20     65.39   65.17
  2.30     65.24   64.99
  2.40     65.05   64.77
  2.50     64.81   64.51
  2.60     64.53   64.20
  2.70     64.18   63.84
  2.80     63.76   63.41
  2.90     63.25   62.91
  3.00     62.64   62.33
  3.10     61.92   61.65
  3.20     61.08   60.87
  3.30     60.11   59.98
  3.40     59.00   58.96
  3.50     57.74   57.83
  3.60     56.35   56.57
  3.70     54.83   55.18
  3.80     53.20   53.69
  3.90     51.46   52.09
  4.00     49.65   50.42
  4.10     47.79   48.69
  4.20     45.90   46.92
  4.30     44.00   45.16
  4.40     42.14   43.41
  4.50     40.33   41.71
  4.60     38.60   40.08
  4.70     36.98   38.54
  4.80     35.48   37.10
  4.90     34.13   35.78
  5.00     32.91   34.57
  5.10     31.85   33.48
  5.20     30.91   32.51
  5.30     30.10   31.64
  5.40     29.40   30.86
  5.50     28.79   30.16
  5.60     28.25   29.52
  5.70     27.77   28.94
  5.80     27.33   28.40
  5.90     26.92   27.90
  6.00     26.53   27.42
  6.10     26.15   26.97
  6.20     25.78   26.53
  6.30     25.41   26.12
  6.40     25.04   25.72
  6.50     24.68   25.34
  6.60     24.33   24.98
  6.70     23.99   24.63
  6.80     23.67   24.30
  6.90     23.37   23.98
  7.00     23.09   23.67
  7.10     22.83   23.38
  7.20     22.59   23.10
  7.30     22.36   22.82
  7.40     22.15   22.56
  7.50     21.94   22.30
  7.60     21.72   22.04
  7.70     21.50   21.79
  7.80     21.27   21.54
  7.90     21.02   21.28
  8.00     20.74   21.01
  8.10     20.43   20.72
  8.20     20.07   20.41
  8.30     19.66   20.06
  8.40     19.19   19.66
  8.50     18.64   19.20
  8.60     18.00   18.65
  8.70     17.26   18.02
  8.80     16.40   17.26
  8.90     15.41   16.37
  9.00     14.25   15.32
  9.10     12.92   14.08
  9.20     11.39   12.63
  9.30      9.62   10.94
  9.40      7.61    8.97
  9.50      5.32    6.72
  9.60      2.74    4.14
  9.70     -0.14    1.25
  9.80     -3.31   -1.98
  9.90     -6.76   -5.51
 10.00    -10.44   -9.31
 10.10    -14.32  -13.32
 10.20    -18.33  -17.48
 10.30    -22.38  -21.70
 10.40    -26.42  -25.89
 10.50    -30.36  -29.96
 10.60    -34.13  -33.85
 10.70    -37.68  -37.48
 10.80    -40.95  -40.82
 10.90    -43.93  -43.84
 11.00    -46.59  -46.54
 11.10    -48.95  -48.93
 11.20    -51.04  -51.04
 11.30    -52.87  -52.89
 11.40    -54.49  -54.54
 11.50    -55.94  -56.01
 11.60    -57.26  -57.36
 11.70    -58.49  -58.61
 11.80    -59.67  -59.80
 11.90    -60.82  -60.96
 12.00    -61.97  -62.10
 12.10    -63.13  -63.25
 12.20    -64.32  -64.40
 12.30    -65.54  -65.56
 12.40    -66.76  -66.71
 12.50    -67.99  -67.85
 12.60    -69.18  -68.95
 12.70    -70.32  -70.02
 12.80    -71.40  -71.02
 12.90    -72.38  -71.95
 13.00    -73.27  -72.80
 13.10    -74.06  -73.57
 13.20    -74.74  -74.26
 13.30    -75.32  -74.86
 13.40    -75.81  -75.38
 13.50    -76.22  -75.83
 13.60    -76.56  -76.22
 13.70    -76.84  -76.54
 13.80    -77.07  -76.81
 13.90    -77.25  -77.04
 14.00    -77.40  -77.22
The pI is  9.74 (folded) and  9.70 (unfolded)

--------------------------------------------------------------------------------------------------------
2026-08-25 21:55:14,783 INFO:biomolecule.py:797:apply_pka_values:Applying pKa values at a pH of 7.00:
2026-08-25 21:55:14,784 INFO:main.py:661:non_trivial:Adding hydrogens to biomolecule.
2026-08-25 21:55:14,915 INFO:main.py:664:non_trivial:Debumping biomolecule (again).
2026-08-25 21:55:15,044 INFO:main.py:666:non_trivial:Optimizing hydrogen bonds
2026-08-25 21:55:15,294 INFO:main.py:678:non_trivial:Applying force field to biomolecule states.
2026-08-25 21:55:15,297 INFO:main.py:725:non_trivial:Regenerating headers.
2026-08-25 21:55:15,297 INFO:main.py:750:non_trivial:Regenerating PDB lines.
2026-08-25 21:55:15,311 WARNING:main.py:326:print_pqr:Ignoring 466 header lines in output.
2026-08-25 21:57:57,308 INFO:main.py:246:print_splash_screen:PDB2PQR v3.7.1: biomolecular structure conversion software.
2026-08-25 21:57:57,308 INFO:main.py:248:print_splash_screen:Please cite:  Jurrus E, et al.  Improvements to the APBS biomolecular solvation software suite.  Protein Sci 27 112-128 (2018).
2026-08-25 21:57:57,308 INFO:main.py:248:print_splash_screen:Please cite:  Dolinsky TJ, et al.  PDB2PQR: expanding and upgrading automated preparation of biomolecular structures for molecular simulations. Nucleic Acids Res 35 W522-W525 (2007).
2026-08-25 21:57:57,308 INFO:main.py:770:main_driver:Checking and transforming input arguments.
2026-08-25 21:57:57,308 INFO:main.py:774:main_driver:Loading topology files.
2026-08-25 21:57:57,332 INFO:main.py:776:main_driver:Loading molecule: /Users/nek/Desktop/School/Research/Step_Outputs/Phase2/StepC/Supplementary_Archive/Vax_Final_a6aaa7d2_phenix_pass1.pdb
2026-08-25 21:57:57,332 ERROR:pdb.py:2605:read_pdb:Warning -- ignoring record:
2026-08-25 21:57:57,332 ERROR:pdb.py:2606:read_pdb:<SSBOND   1 CYS A   11    CYS A   40>
2026-08-25 21:57:57,332 ERROR:pdb.py:2605:read_pdb:Warning -- ignoring record:
2026-08-25 21:57:57,332 ERROR:pdb.py:2606:read_pdb:<SSBOND   2 CYS A   18    CYS A   33>
2026-08-25 21:57:57,332 ERROR:pdb.py:2605:read_pdb:Warning -- ignoring record:
2026-08-25 21:57:57,332 ERROR:pdb.py:2606:read_pdb:<SSBOND   3 CYS A   23    CYS A   41>
2026-08-25 21:57:57,332 ERROR:pdb.py:2605:read_pdb:Warning -- ignoring record:
2026-08-25 21:57:57,332 ERROR:pdb.py:2606:read_pdb:<SSBOND   4 CYS A  427    CYS A  464>
2026-08-25 21:57:57,340 INFO:main.py:781:main_driver:Setting up molecule.
2026-08-25 21:57:57,359 INFO:main.py:423:setup_molecule:Created biomolecule object with 496 residues and 3794 atoms.
2026-08-25 21:57:57,360 INFO:main.py:785:main_driver:Setting termini states for biomolecule chains.
2026-08-25 21:57:57,367 INFO:main.py:616:non_trivial:Loading forcefield.
2026-08-25 21:57:57,372 INFO:main.py:620:non_trivial:Loading hydrogen topology definitions.
2026-08-25 21:57:57,373 INFO:main.py:474:is_repairable:This biomolecule is clean.  No repair needed.
2026-08-25 21:57:57,373 INFO:main.py:635:non_trivial:Updating disulfide bridges.
2026-08-25 21:57:57,374 INFO:main.py:638:non_trivial:Debumping biomolecule.
2026-08-25 21:57:57,416 INFO:main.py:645:non_trivial:Assigning titration states with PROPKA.
2026-08-25 21:57:57,429 INFO:output.py:74:print_header:
propka3.5.1                                                                                  2026-08-25

-------------------------------------------------------------------------------
--                                                                           --
--  PROPKA: A PROTEIN PKA PREDICTOR                                          --
--                                                                           --
--  VERSION 1.0,  04/25/2004,  IOWA CITY                                     --
--  BY HUI LI                                                                --
--                                                                           --
--  VERSION 2.0,  11/05/2007, IOWA CITY/COPENHAGEN                           --
--  BY DELPHINE C. BAS AND DAVID M. ROGERS                                   --
--                                                                           --
--  VERSION 3.0,  01/06/2011, COPENHAGEN                                     --
--  BY MATS H.M. OLSSON AND CHRESTEN R. SONDERGARD                           --
--                                                                           --
--  VERSION 3.1,  07/01/2011, COPENHAGEN                                     --
--  BY CHRESTEN R. SONDERGARD AND MATS H.M. OLSSON                           --
--                                                                           --
--  VERSION 3.2,  06/17/2020, PLANET EARTH                                   --
--  SEE ABOVE FOR AUTHORS                                                    --
--                                                                           --
-------------------------------------------------------------------------------


-------------------------------------------------------------------------------
References:

Very Fast Empirical Prediction and Rationalization of Protein pKa Values.
Hui Li, Andrew D. Robertson and Jan H. Jensen. PROTEINS: Structure, Function,
and Bioinformatics. 61:704-721 (2005)

Very Fast Prediction and Rationalization of pKa Values for Protein-Ligand
Complexes.  Delphine C. Bas, David M. Rogers and Jan H. Jensen.  PROTEINS:
Structure, Function, and Bioinformatics 73:765-783 (2008)

PROPKA3: Consistent Treatment of Internal and Surface Residues in Empirical
pKa predictions.  Mats H.M. Olsson, Chresten R. Sondergard, Michal Rostkowski,
and Jan H. Jensen.  Journal of Chemical Theory and Computation, 7(2):525-537
(2011)

Improved Treatment of Ligands and Coupling Effects in Empirical Calculation
and Rationalization of pKa Values.  Chresten R. Sondergaard, Mats H.M. Olsson,
Michal Rostkowski, and Jan H. Jensen.  Journal of Chemical Theory and
Computation, (2011)
-------------------------------------------------------------------------------



2026-08-25 21:57:57,477 INFO:conformation_container.py:124:find_covalently_coupled_groups:Coupling map:

2026-08-25 21:57:57,478 INFO:conformation_container.py:213:calculate_pka:Calculating pKas for Conformation container 1A with 4440 atoms and 1200 groups
2026-08-25 21:57:57,772 INFO:output.py:225:print_pka_section:pKa determinants:

---------  -----   ------   ---------------------    --------------    --------------    --------------
                            DESOLVATION  EFFECTS       SIDECHAIN          BACKBONE        COULOMBIC
 RESIDUE    pKa    BURIED     REGULAR      RE        HYDROGEN BOND     HYDROGEN BOND      INTERACTION
---------  -----   ------   ---------   ---------    --------------    --------------    --------------

ASP  78 A   3.55     0 %    0.28  102   0.00    0   -0.35 SER  80 A   -0.19 SER  80 A    0.00 XXX   0 X

ASP 107 A   3.41     0 %    0.20   92   0.00    0   -0.59 THR 104 A    0.00 XXX   0 X    0.00 XXX   0 X

ASP 119 A   3.91     0 %    0.11   56   0.00    0    0.00 XXX   0 X    0.00 XXX   0 X    0.00 XXX   0 X

ASP 294 A   2.61     0 %    0.56  282   0.00    0   -0.58 SER 314 A    0.00 XXX   0 X   -0.19 ARG 274 A
ASP 294 A                                           -0.58 TYR 272 A    0.00 XXX   0 X   -0.29 LYS 292 A
ASP 294 A                                            0.00 XXX   0 X    0.00 XXX   0 X   -0.11 HIS 313 A

ASP 302 A   4.07    23 %    1.36  346   0.16    0   -0.03 THR 297 A    0.00 XXX   0 X   -0.05 LYS 317 A
ASP 302 A                                           -0.70 LYS 282 A    0.00 XXX   0 X    0.03 ASP 321 A
ASP 302 A                                            0.00 XXX   0 X    0.00 XXX   0 X   -0.50 LYS 282 A

ASP 306 A   4.96    47 %    1.54  413   0.11    0   -0.18 CYS 326 A    0.00 XXX   0 X    0.05 GLU 305 A
ASP 306 A                                            0.00 XXX   0 X    0.00 XXX   0 X    0.24 ASP 315 A
ASP 306 A                                            0.00 XXX   0 X    0.00 XXX   0 X   -0.60 HIS 313 A

ASP 315 A   4.36    35 %    1.25  378   0.09    0   -0.11 HIS 313 A    0.00 XXX   0 X   -0.18 LYS 317 A
ASP 315 A                                            0.00 XXX   0 X    0.00 XXX   0 X    0.06 ASP 294 A
ASP 315 A                                            0.00 XXX   0 X    0.00 XXX   0 X   -0.56 HIS 313 A

ASP 321 A   4.02     0 %    0.23  152   0.00    0    0.00 XXX   0 X    0.00 XXX   0 X   -0.02 LYS 323 A

ASP 340 A   3.97     0 %    0.17   81   0.00    0    0.00 XXX   0 X    0.00 XXX   0 X    0.00 XXX   0 X

ASP 361 A   3.91     0 %    0.11   72   0.00    0    0.00 XXX   0 X    0.00 XXX   0 X    0.00 XXX   0 X

ASP 366 A   3.92     0 %    0.12  108   0.00    0    0.00 XXX   0 X    0.00 XXX   0 X    0.00 XXX   0 X

ASP 392 A   3.91     0 %    0.11  101   0.00    0    0.00 XXX   0 X    0.00 XXX   0 X    0.00 XXX   0 X

ASP 439 A   3.68     0 %    0.27  147   0.00    0    0.00 XXX   0 X   -0.33 ASN 436 A   -0.05 LYS 443 A

ASP 467 A   4.13     0 %    0.32  245   0.00    0    0.00 XXX   0 X    0.00 XXX   0 X   -0.01 ARG 420 A
ASP 467 A                                            0.00 XXX   0 X    0.00 XXX   0 X    0.02 ASP 469 A

ASP 469 A   4.09     0 %    0.25  186   0.00    0    0.00 XXX   0 X    0.00 XXX   0 X    0.04 ASP 473 A

ASP 473 A   3.99     0 %    0.22  193   0.00    0    0.00 XXX   0 X    0.00 XXX   0 X   -0.03 LYS 480 A

ASP 488 A   3.93     0 %    0.32  126   0.00    0    0.00 XXX   0 X   -0.19 GLN 490 A    0.00 XXX   0 X

GLU  27 A   4.26     0 %    0.56  232   0.00    0    0.00 XXX   0 X   -0.35 LEU  24 A   -0.28 ARG  17 A
GLU  27 A                                            0.00 XXX   0 X    0.00 XXX   0 X   -0.15 ARG  43 A
GLU  27 A                                            0.00 XXX   0 X    0.00 XXX   0 X   -0.02 LYS  44 A

GLU  28 A   3.89     0 %    0.29  205   0.00    0   -0.50 ARG  42 A    0.00 XXX   0 X   -0.13 LYS  44 A
GLU  28 A                                            0.00 XXX   0 X    0.00 XXX   0 X   -0.02 LYS  45 A
GLU  28 A                                            0.00 XXX   0 X    0.00 XXX   0 X   -0.25 ARG  42 A

GLU  46 A   4.57     0 %    0.07  115   0.00    0    0.00 XXX   0 X    0.00 XXX   0 X    0.00 XXX   0 X

GLU 101 A   4.58     0 %    0.08  108   0.00    0    0.00 XXX   0 X    0.00 XXX   0 X    0.00 XXX   0 X

GLU 115 A   4.56     0 %    0.06   49   0.00    0    0.00 XXX   0 X    0.00 XXX   0 X    0.00 XXX   0 X

GLU 151 A   4.59     0 %    0.09   59   0.00    0    0.00 XXX   0 X    0.00 XXX   0 X    0.00 XXX   0 X

GLU 153 A   4.55     0 %    0.05   73   0.00    0    0.00 XXX   0 X    0.00 XXX   0 X    0.00 XXX   0 X

GLU 157 A   4.56     0 %    0.06   76   0.00    0    0.00 XXX   0 X    0.00 XXX   0 X    0.00 XXX   0 X

GLU 175 A   4.61     0 %    0.11  106   0.00    0    0.00 XXX   0 X    0.00 XXX   0 X    0.00 XXX   0 X

GLU 192 A   4.56     0 %    0.06   52   0.00    0    0.00 XXX   0 X    0.00 XXX   0 X    0.00 XXX   0 X

GLU 246 A   6.05    65 %    2.15  464   0.18    0   -0.53 LYS 273 A    0.00 XXX   0 X    0.39 GLU 253 A
GLU 246 A                                            0.00 XXX   0 X    0.00 XXX   0 X   -0.64 LYS 273 A

GLU 253 A   5.59    36 %    0.84  383   0.42    0    0.00 XXX   0 X    0.00 XXX   0 X   -0.18 LYS 273 A

GLU 263 A   4.05    19 %    0.54  335   0.00    0   -0.32 ARG 243 A    0.00 XXX   0 X   -0.18 ARG 285 A
GLU 263 A                                            0.00 XXX   0 X    0.00 XXX   0 X   -0.13 LYS 407 A
GLU 263 A                                            0.00 XXX   0 X    0.00 XXX   0 X   -0.37 ARG 243 A

GLU 305 A   4.05     1 %    0.35  285   0.01    0   -0.57 TYR 303 A    0.00 XXX   0 X   -0.24 ARG 285 A

GLU 320 A   4.56     0 %    0.06  102   0.00    0    0.00 XXX   0 X    0.00 XXX   0 X    0.00 XXX   0 X

GLU 336 A   4.67     0 %    0.17  124   0.00    0    0.00 XXX   0 X    0.00 XXX   0 X    0.00 XXX   0 X

GLU 342 A   4.58     0 %    0.08   82   0.00    0    0.00 XXX   0 X    0.00 XXX   0 X    0.00 XXX   0 X

GLU 358 A   4.62     0 %    0.12  129   0.00    0    0.00 XXX   0 X    0.00 XXX   0 X    0.00 XXX   0 X

GLU 430 A   4.23     0 %    0.17  186   0.00    0   -0.13 LYS 460 A    0.00 XXX   0 X   -0.03 LYS 426 A
GLU 430 A                                            0.00 XXX   0 X    0.00 XXX   0 X   -0.28 LYS 460 A

GLU 482 A   3.98     0 %    0.31  158   0.00    0   -0.51 HIS 478 A    0.00 XXX   0 X    0.02 ASP 488 A
GLU 482 A                                            0.00 XXX   0 X    0.00 XXX   0 X   -0.33 HIS 478 A

GLU 496 A   4.53     0 %    0.03   35   0.00    0    0.00 XXX   0 X    0.00 XXX   0 X    0.00 XXX   0 X

C-  496 A   3.29     0 %    0.09   68   0.00    0    0.00 XXX   0 X    0.00 XXX   0 X   -0.01 LYS 425 A

HIS 167 A   6.39     0 %   -0.11   77   0.00    0    0.00 XXX   0 X    0.00 XXX   0 X    0.00 XXX   0 X

HIS 216 A   6.28     0 %   -0.22  217   0.00    0    0.00 XXX   0 X    0.00 XXX   0 X    0.00 XXX   0 X

HIS 313 A   7.24    42 %   -1.18  400   0.00    0    0.11 ASP 315 A    0.56 SER 293 A   -0.00 LYS 292 A
HIS 313 A                                            0.00 XXX   0 X    0.00 XXX   0 X   -0.02 LYS 317 A
HIS 313 A                                            0.00 XXX   0 X    0.00 XXX   0 X    0.11 ASP 294 A
HIS 313 A                                            0.00 XXX   0 X    0.00 XXX   0 X    0.60 ASP 306 A
HIS 313 A                                            0.00 XXX   0 X    0.00 XXX   0 X    0.56 ASP 315 A

HIS 401 A   6.23     0 %   -0.17  114   0.00    0    0.00 XXX   0 X    0.00 XXX   0 X   -0.10 LYS 397 A

HIS 478 A   7.15     0 %   -0.33  222   0.00    0    0.51 GLU 482 A    0.15 HIS 478 A   -0.02 LYS 479 A
HIS 478 A                                            0.00 XXX   0 X    0.00 XXX   0 X    0.33 GLU 482 A

CYS  11 A  99.99     0 %    0.00    0   0.00    0    0.00 XXX   0 X    0.00 XXX   0 X    0.00 XXX   0 X

CYS  18 A  99.99     0 %    0.00    0   0.00    0    0.00 XXX   0 X    0.00 XXX   0 X    0.00 XXX   0 X

CYS  23 A  99.99     0 %    0.00    0   0.00    0    0.00 XXX   0 X    0.00 XXX   0 X    0.00 XXX   0 X

CYS  33 A  99.99     0 %    0.00    0   0.00    0    0.00 XXX   0 X    0.00 XXX   0 X    0.00 XXX   0 X

CYS  40 A  99.99     0 %    0.00    0   0.00    0    0.00 XXX   0 X    0.00 XXX   0 X    0.00 XXX   0 X

CYS  41 A  99.99     0 %    0.00    0   0.00    0    0.00 XXX   0 X    0.00 XXX   0 X    0.00 XXX   0 X

CYS  58 A   9.11     0 %    0.11   77   0.00    0    0.00 XXX   0 X    0.00 XXX   0 X    0.00 XXX   0 X

CYS  65 A   9.19     0 %    0.19   78   0.00    0    0.00 XXX   0 X    0.00 XXX   0 X    0.00 XXX   0 X

CYS  84 A   9.20     0 %    0.20  131   0.00    0    0.00 XXX   0 X    0.00 XXX   0 X    0.00 XXX   0 X

CYS 218 A   9.24     0 %    0.24  247   0.00    0    0.00 XXX   0 X    0.00 XXX   0 X    0.00 XXX   0 X

CYS 326 A  10.37    21 %    0.65  340   0.00    0    0.18 ASP 306 A    0.00 XXX   0 X   -0.07 LYS 317 A
CYS 326 A                                            0.00 XXX   0 X    0.00 XXX   0 X    0.24 ASP 315 A
CYS 326 A                                            0.00 XXX   0 X    0.00 XXX   0 X    0.38 ASP 306 A

CYS 427 A  99.99     0 %    0.00    0   0.00    0    0.00 XXX   0 X    0.00 XXX   0 X    0.00 XXX   0 X

CYS 464 A  99.99     0 %    0.00    0   0.00    0    0.00 XXX   0 X    0.00 XXX   0 X    0.00 XXX   0 X

TYR   9 A  10.18     0 %    0.12  148   0.00    0    0.00 XXX   0 X    0.00 XXX   0 X    0.06 TYR  10 A

TYR  10 A  10.09     0 %    0.11  164   0.00    0    0.00 XXX   0 X    0.00 XXX   0 X   -0.03 ARG  14 A

TYR  53 A  10.04     0 %    0.04   60   0.00    0    0.00 XXX   0 X    0.00 XXX   0 X    0.00 XXX   0 X

TYR  54 A  10.05     0 %    0.05   93   0.00    0    0.00 XXX   0 X    0.00 XXX   0 X    0.00 XXX   0 X

TYR  59 A  10.03     0 %    0.03   38   0.00    0    0.00 XXX   0 X    0.00 XXX   0 X    0.00 XXX   0 X

TYR  62 A  10.09     0 %    0.09  114   0.00    0    0.00 XXX   0 X    0.00 XXX   0 X    0.00 XXX   0 X

TYR  74 A  10.06     0 %    0.06  100   0.00    0    0.00 XXX   0 X    0.00 XXX   0 X    0.00 XXX   0 X

TYR  87 A  10.08     0 %    0.08  122   0.00    0    0.00 XXX   0 X    0.00 XXX   0 X    0.00 XXX   0 X

TYR  99 A  10.13     0 %    0.13  128   0.00    0    0.00 XXX   0 X    0.00 XXX   0 X    0.00 XXX   0 X

TYR 111 A  10.03     0 %    0.03   78   0.00    0    0.00 XXX   0 X    0.00 XXX   0 X    0.00 XXX   0 X

TYR 120 A  10.06     0 %    0.06   96   0.00    0    0.00 XXX   0 X    0.00 XXX   0 X    0.00 XXX   0 X

TYR 123 A  10.16     0 %    0.16   97   0.00    0    0.00 XXX   0 X    0.00 XXX   0 X    0.00 XXX   0 X

TYR 136 A  10.06     0 %    0.06   81   0.00    0    0.00 XXX   0 X    0.00 XXX   0 X    0.00 XXX   0 X

TYR 146 A  10.05     0 %    0.05   42   0.00    0    0.00 XXX   0 X    0.00 XXX   0 X    0.00 XXX   0 X

TYR 149 A  10.14     0 %    0.14   98   0.00    0    0.00 XXX   0 X    0.00 XXX   0 X    0.00 XXX   0 X

TYR 155 A  10.05     0 %    0.05   96   0.00    0    0.00 XXX   0 X    0.00 XXX   0 X    0.00 XXX   0 X

TYR 161 A  10.05     0 %    0.05   67   0.00    0    0.00 XXX   0 X    0.00 XXX   0 X    0.00 XXX   0 X

TYR 164 A  10.09     0 %    0.09  147   0.00    0    0.00 XXX   0 X    0.00 XXX   0 X    0.00 XXX   0 X

TYR 173 A  10.15     0 %    0.15  127   0.00    0    0.00 XXX   0 X    0.00 XXX   0 X    0.00 XXX   0 X

TYR 180 A  10.04     0 %    0.04   57   0.00    0    0.00 XXX   0 X    0.00 XXX   0 X    0.00 XXX   0 X

TYR 185 A  10.06     0 %    0.06   97   0.00    0    0.00 XXX   0 X    0.00 XXX   0 X    0.00 XXX   0 X

TYR 197 A  10.11     0 %    0.11   96   0.00    0    0.00 XXX   0 X    0.00 XXX   0 X    0.00 XXX   0 X

TYR 217 A  10.20     0 %    0.20  257   0.00    0    0.00 XXX   0 X    0.00 XXX   0 X    0.00 XXX   0 X

TYR 223 A   9.95     0 %    0.16  218   0.00    0    0.00 XXX   0 X    0.00 XXX   0 X   -0.16 ARG 243 A
TYR 223 A                                            0.00 XXX   0 X    0.00 XXX   0 X    0.03 GLU 263 A
TYR 223 A                                            0.00 XXX   0 X    0.00 XXX   0 X   -0.08 LYS 407 A

TYR 272 A  10.60     0 %    0.55  265   0.00    0   -0.38 ARG 274 A    0.00 XXX   0 X   -0.38 ARG 274 A
TYR 272 A                                            0.58 ASP 294 A    0.00 XXX   0 X   -0.15 LYS 292 A
TYR 272 A                                            0.00 XXX   0 X    0.00 XXX   0 X    0.38 ASP 294 A

TYR 303 A  10.99     0 %    0.32  252   0.00    0   -0.16 ASN 325 A    0.00 XXX   0 X   -0.12 ARG 285 A
TYR 303 A                                            0.57 GLU 305 A    0.00 XXX   0 X    0.38 GLU 305 A

TYR 316 A  10.07     0 %    0.07  136   0.00    0    0.00 XXX   0 X    0.00 XXX   0 X    0.00 XXX   0 X

TYR 332 A  10.22     0 %    0.22  197   0.00    0    0.00 XXX   0 X    0.00 XXX   0 X    0.00 XXX   0 X

TYR 346 A  10.08     0 %    0.08  114   0.00    0    0.00 XXX   0 X    0.00 XXX   0 X    0.00 XXX   0 X

TYR 357 A  10.05     0 %    0.05   55   0.00    0    0.00 XXX   0 X    0.00 XXX   0 X    0.00 XXX   0 X

TYR 383 A  10.12     0 %    0.12  119   0.00    0    0.00 XXX   0 X    0.00 XXX   0 X    0.00 XXX   0 X

TYR 394 A  10.02     0 %    0.17  275   0.00    0    0.00 XXX   0 X    0.00 XXX   0 X    0.00 GLU 263 A
TYR 394 A                                            0.00 XXX   0 X    0.00 XXX   0 X   -0.19 ARG 285 A
TYR 394 A                                            0.00 XXX   0 X    0.00 XXX   0 X    0.05 GLU 305 A
TYR 394 A                                            0.00 XXX   0 X    0.00 XXX   0 X   -0.02 LYS 397 A

TYR 449 A  10.09     0 %    0.14  182   0.00    0    0.00 XXX   0 X    0.00 XXX   0 X   -0.00 ARG 452 A
TYR 449 A                                            0.00 XXX   0 X    0.00 XXX   0 X   -0.05 LYS 443 A

TYR 468 A  10.19     0 %    0.19  229   0.00    0    0.00 XXX   0 X    0.00 XXX   0 X    0.00 XXX   0 X

LYS   8 A   9.77     0 %   -0.28  215   0.00    0    0.00 XXX   0 X    0.00 XXX   0 X   -0.05 ARG  12 A
LYS   8 A                                            0.00 XXX   0 X    0.00 XXX   0 X   -0.03 ARG  36 A
LYS   8 A                                            0.00 XXX   0 X    0.00 XXX   0 X   -0.37 ARG  38 A

LYS  26 A  10.44     0 %   -0.06   90   0.00    0    0.00 XXX   0 X    0.00 XXX   0 X    0.00 XXX   0 X

LYS  32 A  10.39     0 %   -0.11  182   0.00    0    0.00 XXX   0 X    0.00 XXX   0 X    0.00 XXX   0 X

LYS  39 A  10.25     0 %   -0.20  195   0.00    0    0.00 XXX   0 X    0.00 XXX   0 X   -0.05 LYS  32 A

LYS  44 A  10.41     0 %   -0.24  163   0.00    0    0.00 XXX   0 X    0.00 XXX   0 X    0.02 GLU  27 A
LYS  44 A                                            0.00 XXX   0 X    0.00 XXX   0 X    0.13 GLU  28 A

LYS  45 A  10.20     0 %   -0.10  177   0.00    0    0.00 XXX   0 X    0.00 XXX   0 X    0.02 GLU  28 A
LYS  45 A                                            0.00 XXX   0 X    0.00 XXX   0 X   -0.14 ARG  42 A
LYS  45 A                                            0.00 XXX   0 X    0.00 XXX   0 X   -0.08 ARG 200 A

LYS  50 A  10.46     0 %   -0.04   74   0.00    0    0.00 XXX   0 X    0.00 XXX   0 X    0.00 XXX   0 X

LYS  63 A  10.47     0 %   -0.03   59   0.00    0    0.00 XXX   0 X    0.00 XXX   0 X    0.00 XXX   0 X

LYS  67 A  10.45     0 %   -0.05   83   0.00    0    0.00 XXX   0 X    0.00 XXX   0 X    0.00 XXX   0 X

LYS  82 A  10.46     0 %   -0.04   84   0.00    0    0.00 XXX   0 X    0.00 XXX   0 X    0.00 XXX   0 X

LYS 114 A  10.47     0 %   -0.03   47   0.00    0    0.00 XXX   0 X    0.00 XXX   0 X    0.00 XXX   0 X

LYS 124 A  10.47     0 %   -0.03   46   0.00    0    0.00 XXX   0 X    0.00 XXX   0 X    0.00 XXX   0 X

LYS 174 A  10.40     0 %   -0.10   74   0.00    0    0.00 XXX   0 X    0.00 XXX   0 X    0.00 XXX   0 X

LYS 177 A  10.45     0 %   -0.05   95   0.00    0    0.00 XXX   0 X    0.00 XXX   0 X    0.00 XXX   0 X

LYS 273 A  10.39    47 %   -1.46  414   0.00    0    0.53 GLU 246 A    0.00 XXX   0 X    0.18 GLU 253 A
LYS 273 A                                            0.00 XXX   0 X    0.00 XXX   0 X    0.64 GLU 246 A

LYS 282 A   9.79    33 %   -1.91  374   0.00    0    0.70 ASP 302 A    0.00 XXX   0 X    0.50 ASP 302 A

LYS 292 A  10.70     0 %   -0.21  200   0.00    0    0.00 XXX   0 X    0.00 XXX   0 X   -0.04 ARG 274 A
LYS 292 A                                            0.00 XXX   0 X    0.00 XXX   0 X    0.29 ASP 294 A
LYS 292 A                                            0.00 XXX   0 X    0.00 XXX   0 X    0.15 TYR 272 A

LYS 317 A  10.42     1 %   -0.38  284   0.00    0    0.00 XXX   0 X    0.00 XXX   0 X    0.05 ASP 302 A
LYS 317 A                                            0.00 XXX   0 X    0.00 XXX   0 X    0.18 ASP 315 A
LYS 317 A                                            0.00 XXX   0 X    0.00 XXX   0 X    0.07 CYS 326 A

LYS 323 A  10.43     0 %   -0.09  175   0.00    0    0.00 XXX   0 X    0.00 XXX   0 X    0.02 ASP 321 A

LYS 333 A  10.44     0 %   -0.06  116   0.00    0    0.00 XXX   0 X    0.00 XXX   0 X    0.00 XXX   0 X

LYS 356 A  10.46     0 %   -0.04   65   0.00    0    0.00 XXX   0 X    0.00 XXX   0 X    0.00 XXX   0 X

LYS 359 A  10.47     0 %   -0.03   66   0.00    0    0.00 XXX   0 X    0.00 XXX   0 X    0.00 XXX   0 X

LYS 362 A  10.44     0 %   -0.06   89   0.00    0    0.00 XXX   0 X    0.00 XXX   0 X    0.00 XXX   0 X

LYS 377 A  10.44     0 %   -0.06  119   0.00    0    0.00 XXX   0 X    0.00 XXX   0 X    0.00 XXX   0 X

LYS 381 A  10.46     0 %   -0.04   86   0.00    0    0.00 XXX   0 X    0.00 XXX   0 X    0.00 XXX   0 X

LYS 397 A  10.38     0 %   -0.13  177   0.00    0    0.00 XXX   0 X    0.00 XXX   0 X    0.02 TYR 394 A

LYS 407 A  10.46     0 %   -0.18  251   0.00    0    0.00 XXX   0 X    0.00 XXX   0 X   -0.06 ARG 243 A
LYS 407 A                                            0.00 XXX   0 X    0.00 XXX   0 X    0.13 GLU 263 A
LYS 407 A                                            0.00 XXX   0 X    0.00 XXX   0 X    0.08 TYR 223 A

LYS 408 A  10.44     0 %   -0.06  111   0.00    0    0.00 XXX   0 X    0.00 XXX   0 X    0.00 XXX   0 X

LYS 415 A  10.40     0 %   -0.10   88   0.00    0    0.00 XXX   0 X    0.00 XXX   0 X    0.00 XXX   0 X

LYS 425 A  10.33     0 %   -0.17  232   0.00    0    0.00 XXX   0 X    0.00 XXX   0 X    0.01 C-  496 A

LYS 426 A  10.39     0 %   -0.14  139   0.00    0    0.00 XXX   0 X    0.00 XXX   0 X    0.03 GLU 430 A

LYS 437 A  10.31     0 %   -0.14  192   0.00    0    0.00 XXX   0 X    0.00 XXX   0 X   -0.05 LYS 461 A

LYS 443 A  10.50     0 %   -0.10  152   0.00    0    0.00 XXX   0 X    0.00 XXX   0 X    0.05 ASP 439 A
LYS 443 A                                            0.00 XXX   0 X    0.00 XXX   0 X    0.05 TYR 449 A

LYS 444 A  10.48     0 %   -0.02   54   0.00    0    0.00 XXX   0 X    0.00 XXX   0 X    0.00 XXX   0 X

LYS 459 A  10.41     0 %   -0.09  113   0.00    0    0.00 XXX   0 X    0.00 XXX   0 X    0.00 XXX   0 X

LYS 460 A  10.70     0 %   -0.20  209   0.00    0    0.13 GLU 430 A    0.00 XXX   0 X    0.28 GLU 430 A

LYS 461 A  10.38     0 %   -0.12  225   0.00    0    0.00 XXX   0 X    0.00 XXX   0 X    0.00 XXX   0 X

LYS 462 A  10.41     0 %   -0.09  133   0.00    0    0.00 XXX   0 X    0.00 XXX   0 X    0.00 XXX   0 X

LYS 479 A  10.43     0 %   -0.07  116   0.00    0    0.00 XXX   0 X    0.00 XXX   0 X    0.00 XXX   0 X

LYS 480 A  10.40     0 %   -0.13  164   0.00    0    0.00 XXX   0 X    0.00 XXX   0 X    0.03 ASP 473 A

LYS 491 A  10.44     0 %   -0.06   84   0.00    0    0.00 XXX   0 X    0.00 XXX   0 X    0.00 XXX   0 X

ARG  12 A  12.39     0 %   -0.11  189   0.00    0    0.00 XXX   0 X    0.00 XXX   0 X    0.00 XXX   0 X

ARG  14 A  12.25     0 %   -0.19  212   0.00    0    0.00 XXX   0 X    0.00 XXX   0 X    0.03 TYR  10 A
ARG  14 A                                            0.00 XXX   0 X    0.00 XXX   0 X   -0.08 ARG  42 A
ARG  14 A                                            0.00 XXX   0 X    0.00 XXX   0 X   -0.01 ARG 200 A

ARG  17 A  12.49     0 %   -0.25  230   0.00    0    0.00 XXX   0 X    0.00 XXX   0 X    0.28 GLU  27 A
ARG  17 A                                            0.00 XXX   0 X    0.00 XXX   0 X   -0.04 ARG  43 A

ARG  36 A  12.43     0 %   -0.07  125   0.00    0    0.00 XXX   0 X    0.00 XXX   0 X    0.00 XXX   0 X

ARG  38 A  12.22     0 %   -0.21  200   0.00    0    0.00 XXX   0 X    0.00 XXX   0 X   -0.07 ARG  36 A

ARG  42 A  12.93     0 %   -0.32  226   0.00    0    0.50 GLU  28 A    0.00 XXX   0 X    0.25 GLU  28 A

ARG  43 A  12.55     0 %   -0.10  161   0.00    0    0.00 XXX   0 X    0.00 XXX   0 X    0.15 GLU  27 A

ARG 118 A  12.47     0 %   -0.03   58   0.00    0    0.00 XXX   0 X    0.00 XXX   0 X    0.00 XXX   0 X

ARG 163 A  12.46     0 %   -0.04   98   0.00    0    0.00 XXX   0 X    0.00 XXX   0 X    0.00 XXX   0 X

ARG 166 A  12.47     0 %   -0.03   55   0.00    0    0.00 XXX   0 X    0.00 XXX   0 X    0.00 XXX   0 X

ARG 200 A  12.40     0 %   -0.08  138   0.00    0    0.00 XXX   0 X    0.00 XXX   0 X   -0.02 ARG  42 A

ARG 243 A  13.00     8 %   -0.35  304   0.00    0    0.32 GLU 263 A    0.00 XXX   0 X    0.16 TYR 223 A
ARG 243 A                                            0.00 XXX   0 X    0.00 XXX   0 X    0.37 GLU 263 A

ARG 274 A  13.17     0 %   -0.28  261   0.00    0    0.38 TYR 272 A    0.00 XXX   0 X    0.38 TYR 272 A
ARG 274 A                                            0.00 XXX   0 X    0.00 XXX   0 X    0.19 ASP 294 A

ARG 285 A  12.92    11 %   -0.28  313   0.00    0    0.00 XXX   0 X    0.00 XXX   0 X    0.18 GLU 263 A
ARG 285 A                                            0.00 XXX   0 X    0.00 XXX   0 X    0.12 TYR 303 A
ARG 285 A                                            0.00 XXX   0 X    0.00 XXX   0 X    0.24 GLU 305 A
ARG 285 A                                            0.00 XXX   0 X    0.00 XXX   0 X    0.19 TYR 394 A
ARG 285 A                                            0.00 XXX   0 X    0.00 XXX   0 X   -0.03 ARG 243 A

ARG 355 A  12.36     0 %   -0.14  160   0.00    0    0.00 XXX   0 X    0.00 XXX   0 X    0.00 XXX   0 X

ARG 420 A  12.35     0 %   -0.16  270   0.00    0    0.00 XXX   0 X    0.00 XXX   0 X    0.01 ASP 467 A

ARG 448 A  12.46     0 %   -0.04   65   0.00    0    0.00 XXX   0 X    0.00 XXX   0 X    0.00 XXX   0 X

ARG 450 A  12.17     0 %   -0.33  156   0.00    0    0.00 XXX   0 X    0.00 XXX   0 X    0.00 XXX   0 X

ARG 452 A  12.42     0 %   -0.08  105   0.00    0    0.00 XXX   0 X    0.00 XXX   0 X    0.00 TYR 449 A

N+    1 A   7.75     0 %   -0.20  120   0.00    0    0.00 XXX   0 X    0.00 XXX   0 X   -0.05 LYS   8 A


2026-08-25 21:57:57,772 INFO:output.py:227:print_pka_section:pKa summary:
--------------------------------------------------------------------------------------------------------
SUMMARY OF THIS PREDICTION
       Group      pKa  model-pKa   ligand atom-type
   ASP  78 A     3.55       3.80                      
   ASP 107 A     3.41       3.80                      
   ASP 119 A     3.91       3.80                      
   ASP 294 A     2.61       3.80                      
   ASP 302 A     4.07       3.80                      
   ASP 306 A     4.96       3.80                      
   ASP 315 A     4.36       3.80                      
   ASP 321 A     4.02       3.80                      
   ASP 340 A     3.97       3.80                      
   ASP 361 A     3.91       3.80                      
   ASP 366 A     3.92       3.80                      
   ASP 392 A     3.91       3.80                      
   ASP 439 A     3.68       3.80                      
   ASP 467 A     4.13       3.80                      
   ASP 469 A     4.09       3.80                      
   ASP 473 A     3.99       3.80                      
   ASP 488 A     3.93       3.80                      
   GLU  27 A     4.26       4.50                      
   GLU  28 A     3.89       4.50                      
   GLU  46 A     4.57       4.50                      
   GLU 101 A     4.58       4.50                      
   GLU 115 A     4.56       4.50                      
   GLU 151 A     4.59       4.50                      
   GLU 153 A     4.55       4.50                      
   GLU 157 A     4.56       4.50                      
   GLU 175 A     4.61       4.50                      
   GLU 192 A     4.56       4.50                      
   GLU 246 A     6.05       4.50                      
   GLU 253 A     5.59       4.50                      
   GLU 263 A     4.05       4.50                      
   GLU 305 A     4.05       4.50                      
   GLU 320 A     4.56       4.50                      
   GLU 336 A     4.67       4.50                      
   GLU 342 A     4.58       4.50                      
   GLU 358 A     4.62       4.50                      
   GLU 430 A     4.23       4.50                      
   GLU 482 A     3.98       4.50                      
   GLU 496 A     4.53       4.50                      
   C-  496 A     3.29       3.20                      
   HIS 167 A     6.39       6.50                      
   HIS 216 A     6.28       6.50                      
   HIS 313 A     7.24       6.50                      
   HIS 401 A     6.23       6.50                      
   HIS 478 A     7.15       6.50                      
   CYS  11 A    99.99       9.00                      
   CYS  18 A    99.99       9.00                      
   CYS  23 A    99.99       9.00                      
   CYS  33 A    99.99       9.00                      
   CYS  40 A    99.99       9.00                      
   CYS  41 A    99.99       9.00                      
   CYS  58 A     9.11       9.00                      
   CYS  65 A     9.19       9.00                      
   CYS  84 A     9.20       9.00                      
   CYS 218 A     9.24       9.00                      
   CYS 326 A    10.37       9.00                      
   CYS 427 A    99.99       9.00                      
   CYS 464 A    99.99       9.00                      
   TYR   9 A    10.18      10.00                      
   TYR  10 A    10.09      10.00                      
   TYR  53 A    10.04      10.00                      
   TYR  54 A    10.05      10.00                      
   TYR  59 A    10.03      10.00                      
   TYR  62 A    10.09      10.00                      
   TYR  74 A    10.06      10.00                      
   TYR  87 A    10.08      10.00                      
   TYR  99 A    10.13      10.00                      
   TYR 111 A    10.03      10.00                      
   TYR 120 A    10.06      10.00                      
   TYR 123 A    10.16      10.00                      
   TYR 136 A    10.06      10.00                      
   TYR 146 A    10.05      10.00                      
   TYR 149 A    10.14      10.00                      
   TYR 155 A    10.05      10.00                      
   TYR 161 A    10.05      10.00                      
   TYR 164 A    10.09      10.00                      
   TYR 173 A    10.15      10.00                      
   TYR 180 A    10.04      10.00                      
   TYR 185 A    10.06      10.00                      
   TYR 197 A    10.11      10.00                      
   TYR 217 A    10.20      10.00                      
   TYR 223 A     9.95      10.00                      
   TYR 272 A    10.60      10.00                      
   TYR 303 A    10.99      10.00                      
   TYR 316 A    10.07      10.00                      
   TYR 332 A    10.22      10.00                      
   TYR 346 A    10.08      10.00                      
   TYR 357 A    10.05      10.00                      
   TYR 383 A    10.12      10.00                      
   TYR 394 A    10.02      10.00                      
   TYR 449 A    10.09      10.00                      
   TYR 468 A    10.19      10.00                      
   LYS   8 A     9.77      10.50                      
   LYS  26 A    10.44      10.50                      
   LYS  32 A    10.39      10.50                      
   LYS  39 A    10.25      10.50                      
   LYS  44 A    10.41      10.50                      
   LYS  45 A    10.20      10.50                      
   LYS  50 A    10.46      10.50                      
   LYS  63 A    10.47      10.50                      
   LYS  67 A    10.45      10.50                      
   LYS  82 A    10.46      10.50                      
   LYS 114 A    10.47      10.50                      
   LYS 124 A    10.47      10.50                      
   LYS 174 A    10.40      10.50                      
   LYS 177 A    10.45      10.50                      
   LYS 273 A    10.39      10.50                      
   LYS 282 A     9.79      10.50                      
   LYS 292 A    10.70      10.50                      
   LYS 317 A    10.42      10.50                      
   LYS 323 A    10.43      10.50                      
   LYS 333 A    10.44      10.50                      
   LYS 356 A    10.46      10.50                      
   LYS 359 A    10.47      10.50                      
   LYS 362 A    10.44      10.50                      
   LYS 377 A    10.44      10.50                      
   LYS 381 A    10.46      10.50                      
   LYS 397 A    10.38      10.50                      
   LYS 407 A    10.46      10.50                      
   LYS 408 A    10.44      10.50                      
   LYS 415 A    10.40      10.50                      
   LYS 425 A    10.33      10.50                      
   LYS 426 A    10.39      10.50                      
   LYS 437 A    10.31      10.50                      
   LYS 443 A    10.50      10.50                      
   LYS 444 A    10.48      10.50                      
   LYS 459 A    10.41      10.50                      
   LYS 460 A    10.70      10.50                      
   LYS 461 A    10.38      10.50                      
   LYS 462 A    10.41      10.50                      
   LYS 479 A    10.43      10.50                      
   LYS 480 A    10.40      10.50                      
   LYS 491 A    10.44      10.50                      
   ARG  12 A    12.39      12.50                      
   ARG  14 A    12.25      12.50                      
   ARG  17 A    12.49      12.50                      
   ARG  36 A    12.43      12.50                      
   ARG  38 A    12.22      12.50                      
   ARG  42 A    12.93      12.50                      
   ARG  43 A    12.55      12.50                      
   ARG 118 A    12.47      12.50                      
   ARG 163 A    12.46      12.50                      
   ARG 166 A    12.47      12.50                      
   ARG 200 A    12.40      12.50                      
   ARG 243 A    13.00      12.50                      
   ARG 274 A    13.17      12.50                      
   ARG 285 A    12.92      12.50                      
   ARG 355 A    12.36      12.50                      
   ARG 420 A    12.35      12.50                      
   ARG 448 A    12.46      12.50                      
   ARG 450 A    12.17      12.50                      
   ARG 452 A    12.42      12.50                      
   N+    1 A     7.75       8.00                      

2026-08-25 21:57:57,784 INFO:main.py:648:non_trivial:PROPKA information:
--------------------------------------------------------------------------------------------------------
Free energy of   folding (kcal/mol) as a function of pH (using neutral reference)
  0.00     13.96
  1.00     13.95
  2.00     13.86
  3.00     13.51
  4.00     13.78
  5.00     15.65
  6.00     17.47
  7.00     18.45
  8.00     19.01
  9.00     19.80
 10.00     21.48
 11.00     22.02
 12.00     21.85
 13.00     22.04
 14.00     22.51

The pH of optimum stability is  3.4 for which the free energy is   13.4 kcal/mol at 298K
Could not determine pH values where the free energy is within 80 % of minimum
Could not determine the pH-range where the free energy is negative


Protein charge of folded and unfolded state as a function of pH
    pH  unfolded  folded
  0.00     66.00   65.99
  0.10     65.99   65.99
  0.20     65.99   65.99
  0.30     65.99   65.99
  0.40     65.99   65.99
  0.50     65.99   65.98
  0.60     65.98   65.98
  0.70     65.98   65.97
  0.80     65.97   65.96
  0.90     65.97   65.95
  1.00     65.96   65.94
  1.10     65.95   65.93
  1.20     65.94   65.91
  1.30     65.92   65.88
  1.40     65.90   65.86
  1.50     65.87   65.82
  1.60     65.84   65.77
  1.70     65.80   65.72
  1.80     65.75   65.65
  1.90     65.69   65.57
  2.00     65.61   65.46
  2.10     65.51   65.34
  2.20     65.39   65.19
  2.30     65.24   65.00
  2.40     65.05   64.79
  2.50     64.81   64.53
  2.60     64.53   64.22
  2.70     64.18   63.86
  2.80     63.76   63.44
  2.90     63.25   62.94
  3.00     62.64   62.36
  3.10     61.92   61.69
  3.20     61.08   60.92
  3.30     60.11   60.03
  3.40     59.00   59.03
  3.50     57.74   57.90
  3.60     56.35   56.64
  3.70     54.83   55.26
  3.80     53.20   53.77
  3.90     51.46   52.18
  4.00     49.65   50.50
  4.10     47.79   48.77
  4.20     45.90   47.00
  4.30     44.00   45.22
  4.40     42.14   43.47
  4.50     40.33   41.76
  4.60     38.60   40.11
  4.70     36.98   38.56
  4.80     35.48   37.12
  4.90     34.13   35.79
  5.00     32.91   34.58
  5.10     31.85   33.49
  5.20     30.91   32.51
  5.30     30.10   31.64
  5.40     29.40   30.86
  5.50     28.79   30.16
  5.60     28.25   29.53
  5.70     27.77   28.95
  5.80     27.33   28.41
  5.90     26.92   27.91
  6.00     26.53   27.43
  6.10     26.15   26.98
  6.20     25.78   26.55
  6.30     25.41   26.14
  6.40     25.04   25.75
  6.50     24.68   25.37
  6.60     24.33   25.01
  6.70     23.99   24.66
  6.80     23.67   24.34
  6.90     23.37   24.02
  7.00     23.09   23.72
  7.10     22.83   23.42
  7.20     22.59   23.14
  7.30     22.36   22.86
  7.40     22.15   22.59
  7.50     21.94   22.33
  7.60     21.72   22.07
  7.70     21.50   21.81
  7.80     21.27   21.56
  7.90     21.02   21.29
  8.00     20.74   21.02
  8.10     20.43   20.73
  8.20     20.07   20.41
  8.30     19.66   20.05
  8.40     19.19   19.65
  8.50     18.64   19.18
  8.60     18.00   18.64
  8.70     17.26   18.00
  8.80     16.40   17.24
  8.90     15.41   16.35
  9.00     14.25   15.29
  9.10     12.92   14.05
  9.20     11.39   12.59
  9.30      9.62   10.89
  9.40      7.61    8.92
  9.50      5.32    6.65
  9.60      2.74    4.08
  9.70     -0.14    1.17
  9.80     -3.31   -2.05
  9.90     -6.76   -5.58
 10.00    -10.44   -9.38
 10.10    -14.32  -13.40
 10.20    -18.33  -17.55
 10.30    -22.38  -21.77
 10.40    -26.42  -25.97
 10.50    -30.36  -30.04
 10.60    -34.13  -33.93
 10.70    -37.68  -37.57
 10.80    -40.95  -40.91
 10.90    -43.93  -43.93
 11.00    -46.59  -46.63
 11.10    -48.95  -49.02
 11.20    -51.04  -51.12
 11.30    -52.87  -52.97
 11.40    -54.49  -54.61
 11.50    -55.94  -56.07
 11.60    -57.26  -57.41
 11.70    -58.49  -58.65
 11.80    -59.67  -59.84
 11.90    -60.82  -60.99
 12.00    -61.97  -62.13
 12.10    -63.13  -63.27
 12.20    -64.32  -64.42
 12.30    -65.54  -65.57
 12.40    -66.76  -66.72
 12.50    -67.99  -67.86
 12.60    -69.18  -68.96
 12.70    -70.32  -70.02
 12.80    -71.40  -71.03
 12.90    -72.38  -71.96
 13.00    -73.27  -72.82
 13.10    -74.06  -73.59
 13.20    -74.74  -74.28
 13.30    -75.32  -74.88
 13.40    -75.81  -75.41
 13.50    -76.22  -75.86
 13.60    -76.56  -76.24
 13.70    -76.84  -76.56
 13.80    -77.07  -76.83
 13.90    -77.25  -77.06
 14.00    -77.40  -77.24
The pI is  9.74 (folded) and  9.70 (unfolded)

--------------------------------------------------------------------------------------------------------
2026-08-25 21:57:57,784 INFO:biomolecule.py:797:apply_pka_values:Applying pKa values at a pH of 7.00:
2026-08-25 21:57:57,785 INFO:main.py:661:non_trivial:Adding hydrogens to biomolecule.
2026-08-25 21:57:57,914 INFO:main.py:664:non_trivial:Debumping biomolecule (again).
2026-08-25 21:57:58,045 INFO:main.py:666:non_trivial:Optimizing hydrogen bonds
2026-08-25 21:57:58,307 INFO:main.py:678:non_trivial:Applying force field to biomolecule states.
2026-08-25 21:57:58,310 INFO:main.py:725:non_trivial:Regenerating headers.
2026-08-25 21:57:58,310 INFO:main.py:750:non_trivial:Regenerating PDB lines.
2026-08-25 21:57:58,324 WARNING:main.py:326:print_pqr:Ignoring 466 header lines in output.
2026-08-25 22:44:48,536 INFO:main.py:246:print_splash_screen:PDB2PQR v3.7.1: biomolecular structure conversion software.
2026-08-25 22:44:48,536 INFO:main.py:248:print_splash_screen:Please cite:  Jurrus E, et al.  Improvements to the APBS biomolecular solvation software suite.  Protein Sci 27 112-128 (2018).
2026-08-25 22:44:48,536 INFO:main.py:248:print_splash_screen:Please cite:  Dolinsky TJ, et al.  PDB2PQR: expanding and upgrading automated preparation of biomolecular structures for molecular simulations. Nucleic Acids Res 35 W522-W525 (2007).
2026-08-25 22:44:48,536 INFO:main.py:770:main_driver:Checking and transforming input arguments.
2026-08-25 22:44:48,536 INFO:main.py:774:main_driver:Loading topology files.
2026-08-25 22:44:48,564 INFO:main.py:776:main_driver:Loading molecule: /Users/nek/Desktop/School/Research/Step_Outputs/Phase2/StepC/Supplementary_Archive/Vax_Final_a6aaa7d2_phenix_pass2.pdb
2026-08-25 22:44:48,564 ERROR:pdb.py:2605:read_pdb:Warning -- ignoring record:
2026-08-25 22:44:48,564 ERROR:pdb.py:2606:read_pdb:<SSBOND   1 CYS A   11    CYS A   40>
2026-08-25 22:44:48,565 ERROR:pdb.py:2605:read_pdb:Warning -- ignoring record:
2026-08-25 22:44:48,565 ERROR:pdb.py:2606:read_pdb:<SSBOND   2 CYS A   18    CYS A   33>
2026-08-25 22:44:48,565 ERROR:pdb.py:2605:read_pdb:Warning -- ignoring record:
2026-08-25 22:44:48,565 ERROR:pdb.py:2606:read_pdb:<SSBOND   3 CYS A   23    CYS A   41>
2026-08-25 22:44:48,565 ERROR:pdb.py:2605:read_pdb:Warning -- ignoring record:
2026-08-25 22:44:48,565 ERROR:pdb.py:2606:read_pdb:<SSBOND   4 CYS A  427    CYS A  464>
2026-08-25 22:44:48,565 ERROR:pdb.py:2587:read_pdb:Error parsing line: invalid literal for int() with base 10: ''
2026-08-25 22:44:48,565 ERROR:pdb.py:2588:read_pdb:<CRYST1  321.800  338.959  365.508  90.00  90.00  90.00 P 1>
2026-08-25 22:44:48,565 ERROR:pdb.py:2589:read_pdb:Truncating remaining errors for record type:CRYST1
2026-08-25 22:44:48,573 WARNING:io.py:474:get_molecule:Warning: /Users/nek/Desktop/School/Research/Step_Outputs/Phase2/StepC/Supplementary_Archive/Vax_Final_a6aaa7d2_phenix_pass2.pdb is a non-standard PDB file.

2026-08-25 22:44:48,574 ERROR:io.py:475:get_molecule:['CRYST1']
2026-08-25 22:44:48,574 INFO:main.py:781:main_driver:Setting up molecule.
2026-08-25 22:44:48,602 INFO:main.py:423:setup_molecule:Created biomolecule object with 496 residues and 7630 atoms.
2026-08-25 22:44:48,602 INFO:main.py:785:main_driver:Setting termini states for biomolecule chains.
2026-08-25 22:44:48,606 INFO:main.py:616:non_trivial:Loading forcefield.
2026-08-25 22:44:48,609 INFO:main.py:620:non_trivial:Loading hydrogen topology definitions.
2026-08-25 22:44:48,610 INFO:main.py:474:is_repairable:This biomolecule is clean.  No repair needed.
2026-08-25 22:44:48,610 INFO:main.py:635:non_trivial:Updating disulfide bridges.
2026-08-25 22:44:48,611 INFO:main.py:638:non_trivial:Debumping biomolecule.
2026-08-25 22:44:48,662 INFO:main.py:645:non_trivial:Assigning titration states with PROPKA.
2026-08-25 22:44:48,671 INFO:output.py:74:print_header:
propka3.5.1                                                                                  2026-08-25

-------------------------------------------------------------------------------
--                                                                           --
--  PROPKA: A PROTEIN PKA PREDICTOR                                          --
--                                                                           --
--  VERSION 1.0,  04/25/2004,  IOWA CITY                                     --
--  BY HUI LI                                                                --
--                                                                           --
--  VERSION 2.0,  11/05/2007, IOWA CITY/COPENHAGEN                           --
--  BY DELPHINE C. BAS AND DAVID M. ROGERS                                   --
--                                                                           --
--  VERSION 3.0,  01/06/2011, COPENHAGEN                                     --
--  BY MATS H.M. OLSSON AND CHRESTEN R. SONDERGARD                           --
--                                                                           --
--  VERSION 3.1,  07/01/2011, COPENHAGEN                                     --
--  BY CHRESTEN R. SONDERGARD AND MATS H.M. OLSSON                           --
--                                                                           --
--  VERSION 3.2,  06/17/2020, PLANET EARTH                                   --
--  SEE ABOVE FOR AUTHORS                                                    --
--                                                                           --
-------------------------------------------------------------------------------


-------------------------------------------------------------------------------
References:

Very Fast Empirical Prediction and Rationalization of Protein pKa Values.
Hui Li, Andrew D. Robertson and Jan H. Jensen. PROTEINS: Structure, Function,
and Bioinformatics. 61:704-721 (2005)

Very Fast Prediction and Rationalization of pKa Values for Protein-Ligand
Complexes.  Delphine C. Bas, David M. Rogers and Jan H. Jensen.  PROTEINS:
Structure, Function, and Bioinformatics 73:765-783 (2008)

PROPKA3: Consistent Treatment of Internal and Surface Residues in Empirical
pKa predictions.  Mats H.M. Olsson, Chresten R. Sondergard, Michal Rostkowski,
and Jan H. Jensen.  Journal of Chemical Theory and Computation, 7(2):525-537
(2011)

Improved Treatment of Ligands and Coupling Effects in Empirical Calculation
and Rationalization of pKa Values.  Chresten R. Sondergaard, Mats H.M. Olsson,
Michal Rostkowski, and Jan H. Jensen.  Journal of Chemical Theory and
Computation, (2011)
-------------------------------------------------------------------------------



2026-08-25 22:44:48,710 INFO:conformation_container.py:124:find_covalently_coupled_groups:Coupling map:

2026-08-25 22:44:48,710 INFO:conformation_container.py:213:calculate_pka:Calculating pKas for Conformation container 1A with 4440 atoms and 1200 groups
2026-08-25 22:44:48,998 INFO:output.py:225:print_pka_section:pKa determinants:

---------  -----   ------   ---------------------    --------------    --------------    --------------
                            DESOLVATION  EFFECTS       SIDECHAIN          BACKBONE        COULOMBIC
 RESIDUE    pKa    BURIED     REGULAR      RE        HYDROGEN BOND     HYDROGEN BOND      INTERACTION
---------  -----   ------   ---------   ---------    --------------    --------------    --------------

ASP  78 A   3.54     0 %    0.38  101   0.00    0    0.00 XXX   0 X   -0.42 SER  80 A    0.00 XXX   0 X
ASP  78 A                                            0.00 XXX   0 X   -0.22 LEU  81 A    0.00 XXX   0 X

ASP 107 A   3.15     0 %    0.47  100   0.00    0   -0.73 THR 104 A   -0.13 ASP 107 A    0.00 XXX   0 X
ASP 107 A                                            0.00 XXX   0 X   -0.26 LEU 108 A    0.00 XXX   0 X

ASP 119 A   3.41     0 %    0.17   66   0.00    0    0.00 XXX   0 X   -0.56 TYR 120 A    0.00 XXX   0 X

ASP 294 A   4.23     8 %    0.73  303   0.08    0    0.00 XXX   0 X    0.00 XXX   0 X   -0.29 LYS 292 A
ASP 294 A                                            0.00 XXX   0 X    0.00 XXX   0 X   -0.09 HIS 313 A

ASP 302 A   5.11    27 %    1.60  358   0.47    0   -0.07 LYS 282 A    0.00 XXX   0 X   -0.41 LYS 282 A
ASP 302 A                                           -0.25 THR 297 A    0.00 XXX   0 X   -0.11 LYS 317 A
ASP 302 A                                            0.00 XXX   0 X    0.00 XXX   0 X    0.05 ASP 315 A
ASP 302 A                                            0.00 XXX   0 X    0.00 XXX   0 X    0.04 ASP 321 A

ASP 306 A   4.26    40 %    1.25  394   0.50    0   -0.14 HIS 313 A   -0.69 GLY 327 A   -0.01 LYS 292 A
ASP 306 A                                            0.00 XXX   0 X    0.00 XXX   0 X   -0.02 LYS 323 A
ASP 306 A                                            0.00 XXX   0 X    0.00 XXX   0 X   -0.43 HIS 313 A

ASP 315 A   4.62    22 %    1.13  343   0.20    0    0.00 XXX   0 X   -0.13 TYR 316 A   -0.22 LYS 317 A
ASP 315 A                                            0.00 XXX   0 X   -0.03 LYS 317 A    0.02 ASP 294 A
ASP 315 A                                            0.00 XXX   0 X    0.00 XXX   0 X   -0.15 HIS 313 A

ASP 321 A   4.03     0 %    0.27  167   0.00    0    0.00 XXX   0 X    0.00 XXX   0 X   -0.04 LYS 317 A

ASP 340 A   3.35*    0 %    0.32   87   0.00    0   -0.68 GLU 342 A   -0.10 ASN 341 A    0.00 XXX   0 X

ASP 361 A   3.94     0 %    0.14   73   0.00    0    0.00 XXX   0 X    0.00 XXX   0 X    0.00 XXX   0 X

ASP 366 A   3.96     0 %    0.16  102   0.00    0    0.00 XXX   0 X    0.00 XXX   0 X    0.00 XXX   0 X

ASP 392 A   3.90     0 %    0.10  100   0.00    0    0.00 XXX   0 X    0.00 XXX   0 X    0.00 XXX   0 X

ASP 439 A   4.07     0 %    0.73  196   0.00    0    0.00 XXX   0 X   -0.06 ASN 436 A   -0.03 LYS 437 A
ASP 439 A                                            0.00 XXX   0 X   -0.20 VAL 440 A   -0.15 LYS 443 A
ASP 439 A                                            0.00 XXX   0 X    0.00 XXX   0 X   -0.02 ARG 450 A

ASP 467 A   4.00     0 %    0.49  253   0.00    0    0.00 XXX   0 X   -0.34 ASP 467 A   -0.03 LYS 461 A
ASP 467 A                                            0.00 XXX   0 X    0.00 XXX   0 X    0.08 ASP 469 A

ASP 469 A   3.54     0 %    0.34  188   0.00    0    0.00 XXX   0 X   -0.59 ASP 469 A    0.00 XXX   0 X

ASP 473 A   3.73     0 %    0.36  222   0.00    0    0.00 XXX   0 X   -0.38 ASP 473 A   -0.05 LYS 480 A
ASP 473 A                                            0.00 XXX   0 X   -0.06 VAL 474 A    0.06 ASP 469 A

ASP 488 A   2.88     0 %    0.50  132   0.00    0   -0.85 LYS 491 A   -0.02 ILE 489 A    0.00 XXX   0 X
ASP 488 A                                            0.00 XXX   0 X   -0.55 GLN 490 A    0.00 XXX   0 X

GLU  27 A   4.15     0 %    0.92  202   0.00    0    0.00 XXX   0 X   -0.65 GLU  27 A   -0.12 ARG  17 A
GLU  27 A                                            0.00 XXX   0 X    0.00 XXX   0 X   -0.04 LYS  26 A
GLU  27 A                                            0.00 XXX   0 X    0.00 XXX   0 X   -0.01 LYS  39 A
GLU  27 A                                            0.00 XXX   0 X    0.00 XXX   0 X   -0.27 ARG  43 A
GLU  27 A                                            0.00 XXX   0 X    0.00 XXX   0 X   -0.18 LYS  44 A

GLU  28 A   4.67     0 %    0.25  205   0.00    0    0.00 XXX   0 X    0.00 XXX   0 X   -0.04 ARG  42 A
GLU  28 A                                            0.00 XXX   0 X    0.00 XXX   0 X   -0.03 ARG  43 A
GLU  28 A                                            0.00 XXX   0 X    0.00 XXX   0 X   -0.02 LYS  45 A

GLU  46 A   4.59     0 %    0.09  108   0.00    0    0.00 XXX   0 X    0.00 XXX   0 X    0.00 XXX   0 X

GLU 101 A   4.58     0 %    0.08  105   0.00    0    0.00 XXX   0 X    0.00 XXX   0 X    0.00 XXX   0 X

GLU 115 A   4.92     0 %    0.42   75   0.00    0    0.00 XXX   0 X    0.00 XXX   0 X    0.00 XXX   0 X

GLU 151 A   4.60     0 %    0.33   81   0.00    0   -0.23 TYR 149 A    0.00 XXX   0 X    0.00 XXX   0 X

GLU 153 A   4.55     0 %    0.05   74   0.00    0    0.00 XXX   0 X    0.00 XXX   0 X    0.00 XXX   0 X

GLU 157 A   4.56     0 %    0.06   70   0.00    0    0.00 XXX   0 X    0.00 XXX   0 X    0.00 XXX   0 X

GLU 175 A   4.50     0 %    0.11  107   0.00    0   -0.11 TYR 173 A    0.00 XXX   0 X    0.00 XXX   0 X

GLU 192 A   4.55     0 %    0.05   51   0.00    0    0.00 XXX   0 X    0.00 XXX   0 X    0.00 XXX   0 X

GLU 246 A   4.73    44 %    1.73  405   0.13    0    0.00 XXX   0 X   -0.79 GLU 246 A   -0.36 ARG 243 A
GLU 246 A                                            0.00 XXX   0 X    0.00 XXX   0 X   -0.34 LYS 273 A
GLU 246 A                                            0.00 XXX   0 X    0.00 XXX   0 X   -0.14 ARG 274 A

GLU 253 A   5.69    23 %    1.10  347   0.55    0    0.00 XXX   0 X    0.00 XXX   0 X   -0.21 LYS 273 A
GLU 253 A                                            0.00 XXX   0 X    0.00 XXX   0 X   -0.25 ARG 274 A

GLU 263 A   5.97    42 %    1.48  400   0.72    0   -0.09 ARG 243 A    0.00 XXX   0 X   -0.26 ARG 285 A
GLU 263 A                                            0.00 XXX   0 X    0.00 XXX   0 X   -0.00 LYS 407 A
GLU 263 A                                            0.00 XXX   0 X    0.00 XXX   0 X    0.07 GLU 246 A
GLU 263 A                                            0.00 XXX   0 X    0.00 XXX   0 X   -0.45 ARG 243 A

GLU 305 A   6.14    27 %    1.38  357   0.34    0    0.00 XXX   0 X    0.00 XXX   0 X   -0.23 ARG 285 A
GLU 305 A                                            0.00 XXX   0 X    0.00 XXX   0 X   -0.08 LYS 323 A
GLU 305 A                                            0.00 XXX   0 X    0.00 XXX   0 X    0.12 GLU 263 A
GLU 305 A                                            0.00 XXX   0 X    0.00 XXX   0 X    0.11 ASP 306 A

GLU 320 A   4.40     0 %    0.10  115   0.00    0    0.00 XXX   0 X   -0.22 GLU 320 A   -0.01 LYS 317 A
GLU 320 A                                            0.00 XXX   0 X    0.00 XXX   0 X    0.02 ASP 321 A

GLU 336 A   5.20     0 %    0.90  108   0.00    0    0.00 XXX   0 X   -0.15 ASN 337 A    0.00 XXX   0 X
GLU 336 A                                            0.00 XXX   0 X   -0.05 PHE 338 A    0.00 XXX   0 X

GLU 342 A   5.58*    0 %    0.41   90   0.00    0    0.68 ASP 340 A    0.00 XXX   0 X    0.00 XXX   0 X

GLU 358 A   4.88     0 %    0.38  115   0.00    0    0.00 XXX   0 X    0.00 XXX   0 X    0.00 XXX   0 X

GLU 430 A   4.10     0 %    0.28  210   0.00    0   -0.32 LYS 460 A    0.00 XXX   0 X   -0.04 LYS 426 A
GLU 430 A                                            0.00 XXX   0 X    0.00 XXX   0 X   -0.31 LYS 460 A

GLU 482 A   4.91     0 %    0.87  182   0.00    0   -0.03 HIS 478 A   -0.03 GLU 482 A   -0.04 LYS 479 A
GLU 482 A                                            0.00 XXX   0 X    0.00 XXX   0 X   -0.01 LYS 480 A
GLU 482 A                                            0.00 XXX   0 X    0.00 XXX   0 X   -0.38 HIS 478 A
GLU 482 A                                            0.00 XXX   0 X    0.00 XXX   0 X    0.03 ASP 488 A

GLU 496 A   4.53     0 %    0.03   35   0.00    0    0.00 XXX   0 X    0.00 XXX   0 X    0.00 XXX   0 X

C-  496 A   3.31     0 %    0.11   70   0.00    0    0.00 XXX   0 X    0.00 XXX   0 X    0.00 XXX   0 X

HIS 167 A   7.21     0 %   -0.11   76   0.00    0    0.00 XXX   0 X    0.82 ARG 166 A    0.00 XXX   0 X

HIS 216 A   6.25     0 %   -0.25  220   0.00    0    0.00 XXX   0 X    0.00 XXX   0 X    0.00 XXX   0 X

HIS 313 A   6.08    40 %   -1.03  393   0.00    0    0.14 ASP 306 A    0.00 XXX   0 X   -0.20 LYS 292 A
HIS 313 A                                            0.00 XXX   0 X    0.00 XXX   0 X    0.09 ASP 294 A
HIS 313 A                                            0.00 XXX   0 X    0.00 XXX   0 X    0.15 ASP 315 A
HIS 313 A                                            0.00 XXX   0 X    0.00 XXX   0 X    0.43 ASP 306 A

HIS 401 A   7.09     0 %   -0.20  109   0.00    0    0.00 XXX   0 X    0.80 LYS 397 A    0.00 XXX   0 X

HIS 478 A   6.40     0 %   -0.45  211   0.00    0    0.03 GLU 482 A    0.00 XXX   0 X   -0.05 LYS 479 A
HIS 478 A                                            0.00 XXX   0 X    0.00 XXX   0 X   -0.01 LYS 480 A
HIS 478 A                                            0.00 XXX   0 X    0.00 XXX   0 X    0.38 GLU 482 A

CYS  11 A  99.99     0 %    0.00    0   0.00    0    0.00 XXX   0 X    0.00 XXX   0 X    0.00 XXX   0 X

CYS  18 A  99.99     0 %    0.00    0   0.00    0    0.00 XXX   0 X    0.00 XXX   0 X    0.00 XXX   0 X

CYS  23 A  99.99     0 %    0.00    0   0.00    0    0.00 XXX   0 X    0.00 XXX   0 X    0.00 XXX   0 X

CYS  33 A  99.99     0 %    0.00    0   0.00    0    0.00 XXX   0 X    0.00 XXX   0 X    0.00 XXX   0 X

CYS  40 A  99.99     0 %    0.00    0   0.00    0    0.00 XXX   0 X    0.00 XXX   0 X    0.00 XXX   0 X

CYS  41 A  99.99     0 %    0.00    0   0.00    0    0.00 XXX   0 X    0.00 XXX   0 X    0.00 XXX   0 X

CYS  58 A   8.86     0 %    0.12   62   0.00    0    0.00 XXX   0 X   -0.26 CYS  58 A    0.00 XXX   0 X

CYS  65 A   9.25     0 %    0.25   80   0.00    0    0.00 XXX   0 X    0.00 XXX   0 X    0.00 XXX   0 X

CYS  84 A   9.26     0 %    0.26  141   0.00    0    0.00 XXX   0 X    0.00 XXX   0 X    0.00 XXX   0 X

CYS 218 A   9.28     0 %    0.28  249   0.00    0    0.00 XXX   0 X    0.00 XXX   0 X    0.00 XXX   0 X

CYS 326 A   9.98    21 %    0.63  341   0.00    0    0.00 XXX   0 X    0.00 XXX   0 X   -0.02 LYS 292 A
CYS 326 A                                            0.00 XXX   0 X    0.00 XXX   0 X   -0.07 LYS 323 A
CYS 326 A                                            0.00 XXX   0 X    0.00 XXX   0 X    0.39 ASP 306 A
CYS 326 A                                            0.00 XXX   0 X    0.00 XXX   0 X    0.05 ASP 315 A

CYS 427 A  99.99     0 %    0.00    0   0.00    0    0.00 XXX   0 X    0.00 XXX   0 X    0.00 XXX   0 X

CYS 464 A  99.99     0 %    0.00    0   0.00    0    0.00 XXX   0 X    0.00 XXX   0 X    0.00 XXX   0 X

TYR   9 A  10.19     0 %    0.13  151   0.00    0    0.00 XXX   0 X    0.00 XXX   0 X    0.06 TYR  10 A

TYR  10 A  10.07     0 %    0.10  161   0.00    0    0.00 XXX   0 X    0.00 XXX   0 X   -0.03 ARG  14 A

TYR  53 A  10.05     0 %    0.05   62   0.00    0    0.00 XXX   0 X    0.00 XXX   0 X    0.00 XXX   0 X

TYR  54 A  10.05     0 %    0.05   94   0.00    0    0.00 XXX   0 X    0.00 XXX   0 X    0.00 XXX   0 X

TYR  59 A  10.03     0 %    0.03   35   0.00    0    0.00 XXX   0 X    0.00 XXX   0 X    0.00 XXX   0 X

TYR  62 A  10.08     0 %    0.08  113   0.00    0    0.00 XXX   0 X    0.00 XXX   0 X    0.00 XXX   0 X

TYR  74 A  10.06     0 %    0.06  100   0.00    0    0.00 XXX   0 X    0.00 XXX   0 X    0.00 XXX   0 X

TYR  87 A  10.07     0 %    0.07  118   0.00    0    0.00 XXX   0 X    0.00 XXX   0 X    0.00 XXX   0 X

TYR  99 A  10.11     0 %    0.11  133   0.00    0    0.00 XXX   0 X    0.00 XXX   0 X    0.00 XXX   0 X

TYR 111 A  10.03     0 %    0.03   74   0.00    0    0.00 XXX   0 X    0.00 XXX   0 X    0.00 XXX   0 X

TYR 120 A  10.10     0 %    0.10   95   0.00    0    0.00 XXX   0 X    0.00 XXX   0 X    0.00 XXX   0 X

TYR 123 A  10.17     0 %    0.17   95   0.00    0    0.00 XXX   0 X    0.00 XXX   0 X    0.00 XXX   0 X

TYR 136 A  10.06     0 %    0.06   83   0.00    0    0.00 XXX   0 X    0.00 XXX   0 X    0.00 XXX   0 X

TYR 146 A  10.04     0 %    0.04   41   0.00    0    0.00 XXX   0 X    0.00 XXX   0 X    0.00 XXX   0 X

TYR 149 A  10.40     0 %    0.17   90   0.00    0    0.23 GLU 151 A    0.00 XXX   0 X    0.00 XXX   0 X

TYR 155 A  10.05     0 %    0.05   99   0.00    0    0.00 XXX   0 X    0.00 XXX   0 X    0.00 XXX   0 X

TYR 161 A  10.05     0 %    0.05   68   0.00    0    0.00 XXX   0 X    0.00 XXX   0 X    0.00 XXX   0 X

TYR 164 A  10.09     0 %    0.09  146   0.00    0    0.00 XXX   0 X    0.00 XXX   0 X    0.00 XXX   0 X

TYR 173 A  10.27     0 %    0.15  121   0.00    0    0.11 GLU 175 A    0.00 XXX   0 X    0.00 XXX   0 X

TYR 180 A  10.04     0 %    0.04   56   0.00    0    0.00 XXX   0 X    0.00 XXX   0 X    0.00 XXX   0 X

TYR 185 A  10.06     0 %    0.06   97   0.00    0    0.00 XXX   0 X    0.00 XXX   0 X    0.00 XXX   0 X

TYR 197 A  10.10     0 %    0.10   98   0.00    0    0.00 XXX   0 X    0.00 XXX   0 X    0.00 XXX   0 X

TYR 217 A  10.19     0 %    0.19  272   0.00    0    0.00 XXX   0 X    0.00 XXX   0 X    0.00 XXX   0 X

TYR 223 A  10.07     0 %    0.13  212   0.00    0    0.00 XXX   0 X    0.00 XXX   0 X   -0.01 ARG 243 A
TYR 223 A                                            0.00 XXX   0 X    0.00 XXX   0 X   -0.06 LYS 407 A

TYR 272 A  10.67     0 %    0.28  252   0.00    0    0.00 XXX   0 X    0.00 XXX   0 X    0.38 ASP 294 A

TYR 303 A  10.53     0 %    0.29  254   0.00    0    0.00 XXX   0 X    0.00 XXX   0 X    0.00 GLU 263 A
TYR 303 A                                            0.00 XXX   0 X    0.00 XXX   0 X   -0.16 ARG 285 A
TYR 303 A                                            0.00 XXX   0 X    0.00 XXX   0 X    0.40 GLU 305 A

TYR 316 A  10.07     0 %    0.07  133   0.00    0    0.00 XXX   0 X    0.00 XXX   0 X    0.00 XXX   0 X

TYR 332 A  10.16     0 %    0.16  175   0.00    0    0.00 XXX   0 X    0.00 XXX   0 X    0.00 XXX   0 X

TYR 346 A  10.08     0 %    0.08  112   0.00    0    0.00 XXX   0 X    0.00 XXX   0 X    0.00 XXX   0 X

TYR 357 A  10.06     0 %    0.06   56   0.00    0    0.00 XXX   0 X    0.00 XXX   0 X    0.00 XXX   0 X

TYR 383 A  10.11     0 %    0.11  126   0.00    0    0.00 XXX   0 X    0.00 XXX   0 X    0.00 XXX   0 X

TYR 394 A   9.99     0 %    0.15  278   0.00    0    0.00 XXX   0 X    0.00 XXX   0 X   -0.16 ARG 285 A
TYR 394 A                                            0.00 XXX   0 X    0.00 XXX   0 X    0.00 GLU 305 A

TYR 449 A  10.10     0 %    0.11  189   0.00    0    0.00 XXX   0 X    0.00 XXX   0 X   -0.01 ARG 450 A

TYR 468 A  10.16     0 %    0.26  244   0.00    0    0.00 XXX   0 X    0.00 XXX   0 X    0.05 ASP 467 A
TYR 468 A                                            0.00 XXX   0 X    0.00 XXX   0 X   -0.15 LYS 461 A

LYS   8 A   9.70     0 %   -0.63  215   0.00    0    0.00 XXX   0 X    0.00 XXX   0 X   -0.01 ARG  12 A
LYS   8 A                                            0.00 XXX   0 X    0.00 XXX   0 X   -0.02 ARG  36 A
LYS   8 A                                            0.00 XXX   0 X    0.00 XXX   0 X   -0.13 ARG  38 A

LYS  26 A  10.46     0 %   -0.08   97   0.00    0    0.00 XXX   0 X    0.00 XXX   0 X    0.04 GLU  27 A

LYS  32 A  10.39     0 %   -0.11  171   0.00    0    0.00 XXX   0 X    0.00 XXX   0 X    0.00 XXX   0 X

LYS  39 A  10.09     0 %   -0.38  214   0.00    0    0.00 XXX   0 X    0.00 XXX   0 X    0.01 GLU  27 A
LYS  39 A                                            0.00 XXX   0 X    0.00 XXX   0 X   -0.05 LYS  32 A

LYS  44 A  10.09     0 %   -0.47  158   0.00    0    0.00 XXX   0 X    0.00 XXX   0 X    0.18 GLU  27 A
LYS  44 A                                            0.00 XXX   0 X    0.00 XXX   0 X   -0.12 ARG  43 A

LYS  45 A  10.33     0 %   -0.10  171   0.00    0    0.00 XXX   0 X    0.00 XXX   0 X    0.02 GLU  28 A
LYS  45 A                                            0.00 XXX   0 X    0.00 XXX   0 X   -0.05 ARG  42 A
LYS  45 A                                            0.00 XXX   0 X    0.00 XXX   0 X   -0.04 ARG 200 A

LYS  50 A  10.08     0 %   -0.42   75   0.00    0    0.00 XXX   0 X    0.00 XXX   0 X    0.00 XXX   0 X

LYS  63 A  10.46     0 %   -0.04   55   0.00    0    0.00 XXX   0 X    0.00 XXX   0 X    0.00 XXX   0 X

LYS  67 A  10.45     0 %   -0.05   77   0.00    0    0.00 XXX   0 X    0.00 XXX   0 X    0.00 XXX   0 X

LYS  82 A  10.45     0 %   -0.05   86   0.00    0    0.00 XXX   0 X    0.00 XXX   0 X    0.00 XXX   0 X

LYS 114 A  10.37     0 %   -0.13   52   0.00    0    0.00 XXX   0 X    0.00 XXX   0 X    0.00 XXX   0 X

LYS 124 A  10.46     0 %   -0.04   47   0.00    0    0.00 XXX   0 X    0.00 XXX   0 X    0.00 XXX   0 X

LYS 174 A  10.01     0 %   -0.49   79   0.00    0    0.00 XXX   0 X    0.00 XXX   0 X    0.00 XXX   0 X

LYS 177 A  10.45     0 %   -0.05   98   0.00    0    0.00 XXX   0 X    0.00 XXX   0 X    0.00 XXX   0 X

LYS 273 A   8.96    60 %   -1.60  448   0.00    0    0.00 XXX   0 X    0.00 XXX   0 X   -0.02 ARG 243 A
LYS 273 A                                            0.00 XXX   0 X    0.00 XXX   0 X    0.34 GLU 246 A
LYS 273 A                                            0.00 XXX   0 X    0.00 XXX   0 X    0.21 GLU 253 A
LYS 273 A                                            0.00 XXX   0 X    0.00 XXX   0 X   -0.47 ARG 274 A

LYS 282 A   8.56    50 %   -2.42  421   0.00    0    0.07 ASP 302 A    0.00 XXX   0 X    0.41 ASP 302 A

LYS 292 A   9.74    10 %   -1.08  310   0.00    0    0.00 XXX   0 X    0.00 XXX   0 X    0.29 ASP 294 A
LYS 292 A                                            0.00 XXX   0 X    0.00 XXX   0 X    0.01 ASP 306 A
LYS 292 A                                            0.00 XXX   0 X    0.00 XXX   0 X    0.02 CYS 326 A

LYS 317 A  10.09     6 %   -0.79  298   0.00    0    0.00 XXX   0 X    0.00 XXX   0 X    0.11 ASP 302 A
LYS 317 A                                            0.00 XXX   0 X    0.00 XXX   0 X    0.22 ASP 315 A
LYS 317 A                                            0.00 XXX   0 X    0.00 XXX   0 X    0.01 GLU 320 A
LYS 317 A                                            0.00 XXX   0 X    0.00 XXX   0 X    0.04 ASP 321 A

LYS 323 A   9.92     2 %   -0.64  286   0.00    0    0.00 XXX   0 X    0.00 XXX   0 X    0.08 GLU 305 A
LYS 323 A                                            0.00 XXX   0 X    0.00 XXX   0 X    0.02 ASP 306 A
LYS 323 A                                            0.00 XXX   0 X    0.00 XXX   0 X    0.07 CYS 326 A
LYS 323 A                                            0.00 XXX   0 X    0.00 XXX   0 X   -0.10 LYS 317 A

LYS 333 A  10.43     0 %   -0.07  122   0.00    0    0.00 XXX   0 X    0.00 XXX   0 X    0.00 XXX   0 X

LYS 356 A  10.44     0 %   -0.06   72   0.00    0    0.00 XXX   0 X    0.00 XXX   0 X    0.00 XXX   0 X

LYS 359 A  10.44     0 %   -0.06   82   0.00    0    0.00 XXX   0 X    0.00 XXX   0 X    0.00 XXX   0 X

LYS 362 A  10.44     0 %   -0.06   86   0.00    0    0.00 XXX   0 X    0.00 XXX   0 X    0.00 XXX   0 X

LYS 377 A  10.44     0 %   -0.06  119   0.00    0    0.00 XXX   0 X    0.00 XXX   0 X    0.00 XXX   0 X

LYS 381 A  10.46     0 %   -0.04   83   0.00    0    0.00 XXX   0 X    0.00 XXX   0 X    0.00 XXX   0 X

LYS 397 A  10.18     0 %   -0.32  137   0.00    0    0.00 XXX   0 X    0.00 XXX   0 X    0.00 XXX   0 X

LYS 407 A  10.41     0 %   -0.16  248   0.00    0    0.00 XXX   0 X    0.00 XXX   0 X    0.00 GLU 263 A
LYS 407 A                                            0.00 XXX   0 X    0.00 XXX   0 X    0.06 TYR 223 A

LYS 408 A  10.17     0 %   -0.33  137   0.00    0    0.00 XXX   0 X    0.00 XXX   0 X    0.00 XXX   0 X

LYS 415 A  10.30     0 %   -0.20  109   0.00    0    0.00 XXX   0 X    0.00 XXX   0 X    0.00 XXX   0 X

LYS 425 A  10.13     0 %   -0.37  264   0.00    0    0.00 XXX   0 X    0.00 XXX   0 X    0.00 XXX   0 X

LYS 426 A   9.95     0 %   -0.48  190   0.00    0    0.00 XXX   0 X    0.00 XXX   0 X    0.04 GLU 430 A
LYS 426 A                                            0.00 XXX   0 X    0.00 XXX   0 X   -0.11 LYS 425 A

LYS 437 A  10.11     0 %   -0.38  228   0.00    0    0.00 XXX   0 X    0.00 XXX   0 X    0.03 ASP 439 A
LYS 437 A                                            0.00 XXX   0 X    0.00 XXX   0 X   -0.04 ARG 450 A

LYS 443 A   9.92     0 %   -0.56  164   0.00    0    0.00 XXX   0 X    0.00 XXX   0 X    0.15 ASP 439 A
LYS 443 A                                            0.00 XXX   0 X    0.00 XXX   0 X   -0.16 ARG 450 A

LYS 444 A  10.46     0 %   -0.04   64   0.00    0    0.00 XXX   0 X    0.00 XXX   0 X    0.00 XXX   0 X

LYS 459 A  10.14     0 %   -0.36  157   0.00    0    0.00 XXX   0 X    0.00 XXX   0 X    0.00 XXX   0 X

LYS 460 A  10.88     0 %   -0.25  210   0.00    0    0.32 GLU 430 A    0.00 XXX   0 X    0.31 GLU 430 A

LYS 461 A  10.22     0 %   -0.46  252   0.00    0    0.00 XXX   0 X    0.00 XXX   0 X    0.03 ASP 467 A
LYS 461 A                                            0.00 XXX   0 X    0.00 XXX   0 X    0.15 TYR 468 A

LYS 462 A   9.85     0 %   -0.44  171   0.00    0    0.00 XXX   0 X    0.00 XXX   0 X   -0.20 LYS 459 A
LYS 462 A                                            0.00 XXX   0 X    0.00 XXX   0 X   -0.02 LYS 461 A

LYS 479 A  10.45     0 %   -0.08  117   0.00    0    0.00 XXX   0 X    0.00 XXX   0 X    0.04 GLU 482 A

LYS 480 A   9.94     0 %   -0.59  172   0.00    0    0.00 XXX   0 X    0.00 XXX   0 X    0.05 ASP 473 A
LYS 480 A                                            0.00 XXX   0 X    0.00 XXX   0 X    0.01 GLU 482 A
LYS 480 A                                            0.00 XXX   0 X    0.00 XXX   0 X   -0.04 LYS 479 A

LYS 491 A  11.01     0 %   -0.34  112   0.00    0    0.85 ASP 488 A    0.00 XXX   0 X    0.00 XXX   0 X

ARG  12 A  12.37     0 %   -0.13  199   0.00    0    0.00 XXX   0 X    0.00 XXX   0 X    0.00 XXX   0 X

ARG  14 A  12.31     0 %   -0.19  224   0.00    0    0.00 XXX   0 X    0.00 XXX   0 X    0.03 TYR  10 A
ARG  14 A                                            0.00 XXX   0 X    0.00 XXX   0 X   -0.03 ARG 200 A

ARG  17 A  12.36     0 %   -0.26  243   0.00    0    0.00 XXX   0 X    0.00 XXX   0 X    0.12 GLU  27 A

ARG  36 A  12.43     0 %   -0.07  129   0.00    0    0.00 XXX   0 X    0.00 XXX   0 X    0.00 XXX   0 X

ARG  38 A  12.18     0 %   -0.22  208   0.00    0    0.00 XXX   0 X    0.00 XXX   0 X   -0.10 ARG  36 A

ARG  42 A  11.69     0 %   -0.60  259   0.00    0    0.00 XXX   0 X    0.00 XXX   0 X    0.04 GLU  28 A
ARG  42 A                                            0.00 XXX   0 X    0.00 XXX   0 X   -0.10 ARG  14 A
ARG  42 A                                            0.00 XXX   0 X    0.00 XXX   0 X   -0.14 ARG  43 A

ARG  43 A  11.96     0 %   -0.61  247   0.00    0    0.00 XXX   0 X    0.00 XXX   0 X    0.27 GLU  27 A
ARG  43 A                                            0.00 XXX   0 X    0.00 XXX   0 X    0.03 GLU  28 A
ARG  43 A                                            0.00 XXX   0 X    0.00 XXX   0 X   -0.22 ARG  17 A

ARG 118 A  12.46     0 %   -0.04   61   0.00    0    0.00 XXX   0 X    0.00 XXX   0 X    0.00 XXX   0 X

ARG 163 A  12.45     0 %   -0.05  102   0.00    0    0.00 XXX   0 X    0.00 XXX   0 X    0.00 XXX   0 X

ARG 166 A  12.47     0 %   -0.03   53   0.00    0    0.00 XXX   0 X    0.00 XXX   0 X    0.00 XXX   0 X

ARG 200 A  12.42     0 %   -0.08  138   0.00    0    0.00 XXX   0 X    0.00 XXX   0 X    0.00 XXX   0 X

ARG 243 A  11.38    56 %   -2.02  438   0.00    0    0.09 GLU 263 A    0.00 XXX   0 X    0.01 TYR 223 A
ARG 243 A                                            0.00 XXX   0 X    0.00 XXX   0 X    0.36 GLU 246 A
ARG 243 A                                            0.00 XXX   0 X    0.00 XXX   0 X   -0.01 ARG 285 A
ARG 243 A                                            0.00 XXX   0 X    0.00 XXX   0 X    0.45 GLU 263 A

ARG 274 A  11.14    73 %   -1.69  487   0.00    0    0.00 XXX   0 X    0.00 XXX   0 X    0.14 GLU 246 A
ARG 274 A                                            0.00 XXX   0 X    0.00 XXX   0 X    0.25 GLU 253 A
ARG 274 A                                            0.00 XXX   0 X    0.00 XXX   0 X   -0.05 ARG 243 A

ARG 285 A  13.02    10 %   -0.29  309   0.00    0    0.00 XXX   0 X    0.00 XXX   0 X    0.26 GLU 263 A
ARG 285 A                                            0.00 XXX   0 X    0.00 XXX   0 X    0.16 TYR 303 A
ARG 285 A                                            0.00 XXX   0 X    0.00 XXX   0 X    0.23 GLU 305 A
ARG 285 A                                            0.00 XXX   0 X    0.00 XXX   0 X    0.16 TYR 394 A

ARG 355 A  12.30     0 %   -0.20  163   0.00    0    0.00 XXX   0 X    0.00 XXX   0 X    0.00 XXX   0 X

ARG 420 A  12.33     0 %   -0.17  279   0.00    0    0.00 XXX   0 X    0.00 XXX   0 X    0.00 XXX   0 X

ARG 448 A  12.44     0 %   -0.06   74   0.00    0    0.00 XXX   0 X    0.00 XXX   0 X    0.00 XXX   0 X

ARG 450 A  11.91     0 %   -0.62  184   0.00    0    0.00 XXX   0 X    0.00 XXX   0 X    0.02 ASP 439 A
ARG 450 A                                            0.00 XXX   0 X    0.00 XXX   0 X    0.01 TYR 449 A

ARG 452 A  12.41     0 %   -0.09  110   0.00    0    0.00 XXX   0 X    0.00 XXX   0 X    0.00 XXX   0 X

N+    1 A   7.66     0 %   -0.24  112   0.00    0    0.00 XXX   0 X    0.00 XXX   0 X   -0.11 LYS   8 A

Coupled residues (marked *) were detected.Please rerun PropKa with the --display-coupled-residues 
or -d option for detailed information.

2026-08-25 22:44:48,998 INFO:output.py:227:print_pka_section:pKa summary:
--------------------------------------------------------------------------------------------------------
SUMMARY OF THIS PREDICTION
       Group      pKa  model-pKa   ligand atom-type
   ASP  78 A     3.54       3.80                      
   ASP 107 A     3.15       3.80                      
   ASP 119 A     3.41       3.80                      
   ASP 294 A     4.23       3.80                      
   ASP 302 A     5.11       3.80                      
   ASP 306 A     4.26       3.80                      
   ASP 315 A     4.62       3.80                      
   ASP 321 A     4.03       3.80                      
   ASP 340 A     3.35       3.80                      
   ASP 361 A     3.94       3.80                      
   ASP 366 A     3.96       3.80                      
   ASP 392 A     3.90       3.80                      
   ASP 439 A     4.07       3.80                      
   ASP 467 A     4.00       3.80                      
   ASP 469 A     3.54       3.80                      
   ASP 473 A     3.73       3.80                      
   ASP 488 A     2.88       3.80                      
   GLU  27 A     4.15       4.50                      
   GLU  28 A     4.67       4.50                      
   GLU  46 A     4.59       4.50                      
   GLU 101 A     4.58       4.50                      
   GLU 115 A     4.92       4.50                      
   GLU 151 A     4.60       4.50                      
   GLU 153 A     4.55       4.50                      
   GLU 157 A     4.56       4.50                      
   GLU 175 A     4.50       4.50                      
   GLU 192 A     4.55       4.50                      
   GLU 246 A     4.73       4.50                      
   GLU 253 A     5.69       4.50                      
   GLU 263 A     5.97       4.50                      
   GLU 305 A     6.14       4.50                      
   GLU 320 A     4.40       4.50                      
   GLU 336 A     5.20       4.50                      
   GLU 342 A     5.58       4.50                      
   GLU 358 A     4.88       4.50                      
   GLU 430 A     4.10       4.50                      
   GLU 482 A     4.91       4.50                      
   GLU 496 A     4.53       4.50                      
   C-  496 A     3.31       3.20                      
   HIS 167 A     7.21       6.50                      
   HIS 216 A     6.25       6.50                      
   HIS 313 A     6.08       6.50                      
   HIS 401 A     7.09       6.50                      
   HIS 478 A     6.40       6.50                      
   CYS  11 A    99.99       9.00                      
   CYS  18 A    99.99       9.00                      
   CYS  23 A    99.99       9.00                      
   CYS  33 A    99.99       9.00                      
   CYS  40 A    99.99       9.00                      
   CYS  41 A    99.99       9.00                      
   CYS  58 A     8.86       9.00                      
   CYS  65 A     9.25       9.00                      
   CYS  84 A     9.26       9.00                      
   CYS 218 A     9.28       9.00                      
   CYS 326 A     9.98       9.00                      
   CYS 427 A    99.99       9.00                      
   CYS 464 A    99.99       9.00                      
   TYR   9 A    10.19      10.00                      
   TYR  10 A    10.07      10.00                      
   TYR  53 A    10.05      10.00                      
   TYR  54 A    10.05      10.00                      
   TYR  59 A    10.03      10.00                      
   TYR  62 A    10.08      10.00                      
   TYR  74 A    10.06      10.00                      
   TYR  87 A    10.07      10.00                      
   TYR  99 A    10.11      10.00                      
   TYR 111 A    10.03      10.00                      
   TYR 120 A    10.10      10.00                      
   TYR 123 A    10.17      10.00                      
   TYR 136 A    10.06      10.00                      
   TYR 146 A    10.04      10.00                      
   TYR 149 A    10.40      10.00                      
   TYR 155 A    10.05      10.00                      
   TYR 161 A    10.05      10.00                      
   TYR 164 A    10.09      10.00                      
   TYR 173 A    10.27      10.00                      
   TYR 180 A    10.04      10.00                      
   TYR 185 A    10.06      10.00                      
   TYR 197 A    10.10      10.00                      
   TYR 217 A    10.19      10.00                      
   TYR 223 A    10.07      10.00                      
   TYR 272 A    10.67      10.00                      
   TYR 303 A    10.53      10.00                      
   TYR 316 A    10.07      10.00                      
   TYR 332 A    10.16      10.00                      
   TYR 346 A    10.08      10.00                      
   TYR 357 A    10.06      10.00                      
   TYR 383 A    10.11      10.00                      
   TYR 394 A     9.99      10.00                      
   TYR 449 A    10.10      10.00                      
   TYR 468 A    10.16      10.00                      
   LYS   8 A     9.70      10.50                      
   LYS  26 A    10.46      10.50                      
   LYS  32 A    10.39      10.50                      
   LYS  39 A    10.09      10.50                      
   LYS  44 A    10.09      10.50                      
   LYS  45 A    10.33      10.50                      
   LYS  50 A    10.08      10.50                      
   LYS  63 A    10.46      10.50                      
   LYS  67 A    10.45      10.50                      
   LYS  82 A    10.45      10.50                      
   LYS 114 A    10.37      10.50                      
   LYS 124 A    10.46      10.50                      
   LYS 174 A    10.01      10.50                      
   LYS 177 A    10.45      10.50                      
   LYS 273 A     8.96      10.50                      
   LYS 282 A     8.56      10.50                      
   LYS 292 A     9.74      10.50                      
   LYS 317 A    10.09      10.50                      
   LYS 323 A     9.92      10.50                      
   LYS 333 A    10.43      10.50                      
   LYS 356 A    10.44      10.50                      
   LYS 359 A    10.44      10.50                      
   LYS 362 A    10.44      10.50                      
   LYS 377 A    10.44      10.50                      
   LYS 381 A    10.46      10.50                      
   LYS 397 A    10.18      10.50                      
   LYS 407 A    10.41      10.50                      
   LYS 408 A    10.17      10.50                      
   LYS 415 A    10.30      10.50                      
   LYS 425 A    10.13      10.50                      
   LYS 426 A     9.95      10.50                      
   LYS 437 A    10.11      10.50                      
   LYS 443 A     9.92      10.50                      
   LYS 444 A    10.46      10.50                      
   LYS 459 A    10.14      10.50                      
   LYS 460 A    10.88      10.50                      
   LYS 461 A    10.22      10.50                      
   LYS 462 A     9.85      10.50                      
   LYS 479 A    10.45      10.50                      
   LYS 480 A     9.94      10.50                      
   LYS 491 A    11.01      10.50                      
   ARG  12 A    12.37      12.50                      
   ARG  14 A    12.31      12.50                      
   ARG  17 A    12.36      12.50                      
   ARG  36 A    12.43      12.50                      
   ARG  38 A    12.18      12.50                      
   ARG  42 A    11.69      12.50                      
   ARG  43 A    11.96      12.50                      
   ARG 118 A    12.46      12.50                      
   ARG 163 A    12.45      12.50                      
   ARG 166 A    12.47      12.50                      
   ARG 200 A    12.42      12.50                      
   ARG 243 A    11.38      12.50                      
   ARG 274 A    11.14      12.50                      
   ARG 285 A    13.02      12.50                      
   ARG 355 A    12.30      12.50                      
   ARG 420 A    12.33      12.50                      
   ARG 448 A    12.44      12.50                      
   ARG 450 A    11.91      12.50                      
   ARG 452 A    12.41      12.50                      
   N+    1 A     7.66       8.00                      

2026-08-25 22:44:49,010 INFO:main.py:648:non_trivial:PROPKA information:
--------------------------------------------------------------------------------------------------------
Free energy of   folding (kcal/mol) as a function of pH (using neutral reference)
  0.00     33.25
  1.00     33.24
  2.00     33.17
  3.00     32.80
  4.00     33.58
  5.00     38.73
  6.00     43.21
  7.00     44.75
  8.00     45.04
  9.00     44.31
 10.00     41.49
 11.00     36.62
 12.00     32.73
 13.00     29.47
 14.00     28.70

The pH of optimum stability is 14.0 for which the free energy is   28.7 kcal/mol at 298K
Could not determine pH values where the free energy is within 80 % of minimum
Could not determine the pH-range where the free energy is negative


Protein charge of folded and unfolded state as a function of pH
    pH  unfolded  folded
  0.00     66.00   65.99
  0.10     65.99   65.99
  0.20     65.99   65.99
  0.30     65.99   65.99
  0.40     65.99   65.99
  0.50     65.99   65.98
  0.60     65.98   65.98
  0.70     65.98   65.97
  0.80     65.97   65.97
  0.90     65.97   65.96
  1.00     65.96   65.95
  1.10     65.95   65.93
  1.20     65.94   65.91
  1.30     65.92   65.89
  1.40     65.90   65.87
  1.50     65.87   65.83
  1.60     65.84   65.79
  1.70     65.80   65.74
  1.80     65.75   65.67
  1.90     65.69   65.59
  2.00     65.61   65.49
  2.10     65.51   65.36
  2.20     65.39   65.21
  2.30     65.24   65.03
  2.40     65.05   64.80
  2.50     64.81   64.53
  2.60     64.53   64.21
  2.70     64.18   63.84
  2.80     63.76   63.39
  2.90     63.25   62.88
  3.00     62.64   62.29
  3.10     61.92   61.63
  3.20     61.08   60.88
  3.30     60.11   60.04
  3.40     59.00   59.12
  3.50     57.74   58.11
  3.60     56.35   57.02
  3.70     54.83   55.85
  3.80     53.20   54.59
  3.90     51.46   53.26
  4.00     49.65   51.87
  4.10     47.79   50.42
  4.20     45.90   48.93
  4.30     44.00   47.41
  4.40     42.14   45.88
  4.50     40.33   44.35
  4.60     38.60   42.85
  4.70     36.98   41.38
  4.80     35.48   39.96
  4.90     34.13   38.61
  5.00     32.91   37.34
  5.10     31.85   36.14
  5.20     30.91   35.03
  5.30     30.10   33.99
  5.40     29.40   33.03
  5.50     28.79   32.14
  5.60     28.25   31.31
  5.70     27.77   30.53
  5.80     27.33   29.80
  5.90     26.92   29.11
  6.00     26.53   28.46
  6.10     26.15   27.85
  6.20     25.78   27.27
  6.30     25.41   26.73
  6.40     25.04   26.22
  6.50     24.68   25.74
  6.60     24.33   25.29
  6.70     23.99   24.86
  6.80     23.67   24.47
  6.90     23.37   24.09
  7.00     23.09   23.74
  7.10     22.83   23.40
  7.20     22.59   23.07
  7.30     22.36   22.75
  7.40     22.15   22.44
  7.50     21.94   22.14
  7.60     21.72   21.83
  7.70     21.50   21.53
  7.80     21.27   21.21
  7.90     21.02   20.89
  8.00     20.74   20.54
  8.10     20.43   20.16
  8.20     20.07   19.75
  8.30     19.66   19.28
  8.40     19.19   18.75
  8.50     18.64   18.13
  8.60     18.00   17.43
  8.70     17.26   16.61
  8.80     16.40   15.66
  8.90     15.41   14.56
  9.00     14.25   13.28
  9.10     12.92   11.79
  9.20     11.39   10.08
  9.30      9.62    8.12
  9.40      7.61    5.87
  9.50      5.32    3.32
  9.60      2.74    0.46
  9.70     -0.14   -2.71
  9.80     -3.31   -6.18
  9.90     -6.76   -9.92
 10.00    -10.44  -13.86
 10.10    -14.32  -17.95
 10.20    -18.33  -22.11
 10.30    -22.38  -26.25
 10.40    -26.42  -30.29
 10.50    -30.36  -34.17
 10.60    -34.13  -37.81
 10.70    -37.68  -41.19
 10.80    -40.95  -44.27
 10.90    -43.93  -47.06
 11.00    -46.59  -49.57
 11.10    -48.95  -51.80
 11.20    -51.04  -53.80
 11.30    -52.87  -55.60
 11.40    -54.49  -57.22
 11.50    -55.94  -58.71
 11.60    -57.26  -60.09
 11.70    -58.49  -61.39
 11.80    -59.67  -62.63
 11.90    -60.82  -63.83
 12.00    -61.97  -65.01
 12.10    -63.13  -66.17
 12.20    -64.32  -67.30
 12.30    -65.54  -68.41
 12.40    -66.76  -69.49
 12.50    -67.99  -70.51
 12.60    -69.18  -71.48
 12.70    -70.32  -72.37
 12.80    -71.40  -73.19
 12.90    -72.38  -73.93
 13.00    -73.27  -74.58
 13.10    -74.06  -75.14
 13.20    -74.74  -75.64
 13.30    -75.32  -76.05
 13.40    -75.81  -76.41
 13.50    -76.22  -76.70
 13.60    -76.56  -76.95
 13.70    -76.84  -77.15
 13.80    -77.07  -77.31
 13.90    -77.25  -77.45
 14.00    -77.40  -77.56
The pI is  9.62 (folded) and  9.70 (unfolded)

--------------------------------------------------------------------------------------------------------
2026-08-25 22:44:49,010 INFO:biomolecule.py:797:apply_pka_values:Applying pKa values at a pH of 7.00:
2026-08-25 22:44:49,011 INFO:main.py:661:non_trivial:Adding hydrogens to biomolecule.
2026-08-25 22:44:49,140 INFO:main.py:664:non_trivial:Debumping biomolecule (again).
2026-08-25 22:44:49,282 INFO:main.py:666:non_trivial:Optimizing hydrogen bonds
2026-08-25 22:44:49,565 INFO:main.py:678:non_trivial:Applying force field to biomolecule states.
2026-08-25 22:44:49,567 INFO:main.py:725:non_trivial:Regenerating headers.
2026-08-25 22:44:49,567 INFO:main.py:750:non_trivial:Regenerating PDB lines.
2026-08-25 22:44:49,581 WARNING:main.py:326:print_pqr:Ignoring 466 header lines in output.
2026-08-25 22:47:07,602 INFO:main.py:246:print_splash_screen:PDB2PQR v3.7.1: biomolecular structure conversion software.
2026-08-25 22:47:07,602 INFO:main.py:248:print_splash_screen:Please cite:  Jurrus E, et al.  Improvements to the APBS biomolecular solvation software suite.  Protein Sci 27 112-128 (2018).
2026-08-25 22:47:07,602 INFO:main.py:248:print_splash_screen:Please cite:  Dolinsky TJ, et al.  PDB2PQR: expanding and upgrading automated preparation of biomolecular structures for molecular simulations. Nucleic Acids Res 35 W522-W525 (2007).
2026-08-25 22:47:07,602 INFO:main.py:770:main_driver:Checking and transforming input arguments.
2026-08-25 22:47:07,602 INFO:main.py:774:main_driver:Loading topology files.
2026-08-25 22:47:07,629 INFO:main.py:776:main_driver:Loading molecule: /Users/nek/Desktop/School/Research/Step_Outputs/Phase2/StepC/Supplementary_Archive/Vax_Final_a6aaa7d2_phenix_pass1.pdb
2026-08-25 22:47:07,630 ERROR:pdb.py:2605:read_pdb:Warning -- ignoring record:
2026-08-25 22:47:07,630 ERROR:pdb.py:2606:read_pdb:<SSBOND   1 CYS A   11    CYS A   40>
2026-08-25 22:47:07,630 ERROR:pdb.py:2605:read_pdb:Warning -- ignoring record:
2026-08-25 22:47:07,630 ERROR:pdb.py:2606:read_pdb:<SSBOND   2 CYS A   18    CYS A   33>
2026-08-25 22:47:07,630 ERROR:pdb.py:2605:read_pdb:Warning -- ignoring record:
2026-08-25 22:47:07,630 ERROR:pdb.py:2606:read_pdb:<SSBOND   3 CYS A   23    CYS A   41>
2026-08-25 22:47:07,630 ERROR:pdb.py:2605:read_pdb:Warning -- ignoring record:
2026-08-25 22:47:07,630 ERROR:pdb.py:2606:read_pdb:<SSBOND   4 CYS A  427    CYS A  464>
2026-08-25 22:47:07,636 INFO:main.py:781:main_driver:Setting up molecule.
2026-08-25 22:47:07,649 INFO:main.py:423:setup_molecule:Created biomolecule object with 496 residues and 3794 atoms.
2026-08-25 22:47:07,650 INFO:main.py:785:main_driver:Setting termini states for biomolecule chains.
2026-08-25 22:47:07,657 INFO:main.py:616:non_trivial:Loading forcefield.
2026-08-25 22:47:07,661 INFO:main.py:620:non_trivial:Loading hydrogen topology definitions.
2026-08-25 22:47:07,662 INFO:main.py:474:is_repairable:This biomolecule is clean.  No repair needed.
2026-08-25 22:47:07,662 INFO:main.py:635:non_trivial:Updating disulfide bridges.
2026-08-25 22:47:07,663 INFO:main.py:638:non_trivial:Debumping biomolecule.
2026-08-25 22:47:07,716 INFO:main.py:645:non_trivial:Assigning titration states with PROPKA.
2026-08-25 22:47:07,726 INFO:output.py:74:print_header:
propka3.5.1                                                                                  2026-08-25

-------------------------------------------------------------------------------
--                                                                           --
--  PROPKA: A PROTEIN PKA PREDICTOR                                          --
--                                                                           --
--  VERSION 1.0,  04/25/2004,  IOWA CITY                                     --
--  BY HUI LI                                                                --
--                                                                           --
--  VERSION 2.0,  11/05/2007, IOWA CITY/COPENHAGEN                           --
--  BY DELPHINE C. BAS AND DAVID M. ROGERS                                   --
--                                                                           --
--  VERSION 3.0,  01/06/2011, COPENHAGEN                                     --
--  BY MATS H.M. OLSSON AND CHRESTEN R. SONDERGARD                           --
--                                                                           --
--  VERSION 3.1,  07/01/2011, COPENHAGEN                                     --
--  BY CHRESTEN R. SONDERGARD AND MATS H.M. OLSSON                           --
--                                                                           --
--  VERSION 3.2,  06/17/2020, PLANET EARTH                                   --
--  SEE ABOVE FOR AUTHORS                                                    --
--                                                                           --
-------------------------------------------------------------------------------


-------------------------------------------------------------------------------
References:

Very Fast Empirical Prediction and Rationalization of Protein pKa Values.
Hui Li, Andrew D. Robertson and Jan H. Jensen. PROTEINS: Structure, Function,
and Bioinformatics. 61:704-721 (2005)

Very Fast Prediction and Rationalization of pKa Values for Protein-Ligand
Complexes.  Delphine C. Bas, David M. Rogers and Jan H. Jensen.  PROTEINS:
Structure, Function, and Bioinformatics 73:765-783 (2008)

PROPKA3: Consistent Treatment of Internal and Surface Residues in Empirical
pKa predictions.  Mats H.M. Olsson, Chresten R. Sondergard, Michal Rostkowski,
and Jan H. Jensen.  Journal of Chemical Theory and Computation, 7(2):525-537
(2011)

Improved Treatment of Ligands and Coupling Effects in Empirical Calculation
and Rationalization of pKa Values.  Chresten R. Sondergaard, Mats H.M. Olsson,
Michal Rostkowski, and Jan H. Jensen.  Journal of Chemical Theory and
Computation, (2011)
-------------------------------------------------------------------------------



2026-08-25 22:47:07,776 INFO:conformation_container.py:124:find_covalently_coupled_groups:Coupling map:

2026-08-25 22:47:07,776 INFO:conformation_container.py:213:calculate_pka:Calculating pKas for Conformation container 1A with 4440 atoms and 1200 groups
2026-08-25 22:47:08,063 INFO:output.py:225:print_pka_section:pKa determinants:

---------  -----   ------   ---------------------    --------------    --------------    --------------
                            DESOLVATION  EFFECTS       SIDECHAIN          BACKBONE        COULOMBIC
 RESIDUE    pKa    BURIED     REGULAR      RE        HYDROGEN BOND     HYDROGEN BOND      INTERACTION
---------  -----   ------   ---------   ---------    --------------    --------------    --------------

ASP  78 A   3.56     0 %    0.28  102   0.00    0   -0.37 SER  80 A   -0.15 SER  80 A    0.00 XXX   0 X

ASP 107 A   3.42     0 %    0.20   92   0.00    0   -0.58 THR 104 A    0.00 XXX   0 X    0.00 XXX   0 X

ASP 119 A   3.92     0 %    0.12   56   0.00    0    0.00 XXX   0 X    0.00 XXX   0 X    0.00 XXX   0 X

ASP 294 A   2.60     0 %    0.55  278   0.00    0   -0.58 SER 314 A    0.00 XXX   0 X   -0.20 ARG 274 A
ASP 294 A                                           -0.56 TYR 272 A    0.00 XXX   0 X   -0.31 LYS 292 A
ASP 294 A                                            0.00 XXX   0 X    0.00 XXX   0 X   -0.10 HIS 313 A

ASP 302 A   4.08    26 %    1.36  353   0.14    0   -0.03 THR 297 A    0.00 XXX   0 X   -0.04 LYS 317 A
ASP 302 A                                           -0.66 LYS 282 A    0.00 XXX   0 X    0.02 ASP 321 A
ASP 302 A                                            0.00 XXX   0 X    0.00 XXX   0 X   -0.50 LYS 282 A

ASP 306 A   5.00    47 %    1.57  413   0.10    0   -0.17 CYS 326 A    0.00 XXX   0 X    0.05 GLU 305 A
ASP 306 A                                            0.00 XXX   0 X    0.00 XXX   0 X    0.25 ASP 315 A
ASP 306 A                                            0.00 XXX   0 X    0.00 XXX   0 X   -0.60 HIS 313 A

ASP 315 A   4.34    36 %    1.28  381   0.10    0   -0.17 HIS 313 A    0.00 XXX   0 X   -0.17 LYS 317 A
ASP 315 A                                            0.00 XXX   0 X    0.00 XXX   0 X    0.06 ASP 294 A
ASP 315 A                                            0.00 XXX   0 X    0.00 XXX   0 X   -0.56 HIS 313 A

ASP 321 A   4.02     0 %    0.24  150   0.00    0    0.00 XXX   0 X    0.00 XXX   0 X   -0.02 LYS 323 A

ASP 340 A   3.97     0 %    0.17   81   0.00    0    0.00 XXX   0 X    0.00 XXX   0 X    0.00 XXX   0 X

ASP 361 A   3.91     0 %    0.11   72   0.00    0    0.00 XXX   0 X    0.00 XXX   0 X    0.00 XXX   0 X

ASP 366 A   3.92     0 %    0.12  109   0.00    0    0.00 XXX   0 X    0.00 XXX   0 X    0.00 XXX   0 X

ASP 392 A   3.91     0 %    0.11  102   0.00    0    0.00 XXX   0 X    0.00 XXX   0 X    0.00 XXX   0 X

ASP 439 A   3.70     0 %    0.26  147   0.00    0    0.00 XXX   0 X   -0.31 ASN 436 A   -0.05 LYS 443 A

ASP 467 A   4.14     0 %    0.32  245   0.00    0    0.00 XXX   0 X    0.00 XXX   0 X   -0.01 ARG 420 A
ASP 467 A                                            0.00 XXX   0 X    0.00 XXX   0 X    0.02 ASP 469 A

ASP 469 A   4.09     0 %    0.25  182   0.00    0    0.00 XXX   0 X    0.00 XXX   0 X    0.03 ASP 473 A

ASP 473 A   3.98     0 %    0.21  196   0.00    0    0.00 XXX   0 X    0.00 XXX   0 X   -0.03 LYS 480 A

ASP 488 A   3.86     0 %    0.32  128   0.00    0    0.00 XXX   0 X   -0.26 GLN 490 A    0.00 XXX   0 X

GLU  27 A   4.29     0 %    0.56  232   0.00    0    0.00 XXX   0 X   -0.33 LEU  24 A   -0.28 ARG  17 A
GLU  27 A                                            0.00 XXX   0 X    0.00 XXX   0 X   -0.15 ARG  43 A
GLU  27 A                                            0.00 XXX   0 X    0.00 XXX   0 X   -0.01 LYS  44 A

GLU  28 A   3.82     0 %    0.30  205   0.00    0   -0.56 ARG  42 A    0.00 XXX   0 X   -0.13 LYS  44 A
GLU  28 A                                            0.00 XXX   0 X    0.00 XXX   0 X   -0.02 LYS  45 A
GLU  28 A                                            0.00 XXX   0 X    0.00 XXX   0 X   -0.26 ARG  42 A

GLU  46 A   4.58     0 %    0.08  114   0.00    0    0.00 XXX   0 X    0.00 XXX   0 X    0.00 XXX   0 X

GLU 101 A   4.58     0 %    0.08  108   0.00    0    0.00 XXX   0 X    0.00 XXX   0 X    0.00 XXX   0 X

GLU 115 A   4.56     0 %    0.06   49   0.00    0    0.00 XXX   0 X    0.00 XXX   0 X    0.00 XXX   0 X

GLU 151 A   4.59     0 %    0.09   59   0.00    0    0.00 XXX   0 X    0.00 XXX   0 X    0.00 XXX   0 X

GLU 153 A   4.55     0 %    0.05   73   0.00    0    0.00 XXX   0 X    0.00 XXX   0 X    0.00 XXX   0 X

GLU 157 A   4.56     0 %    0.06   74   0.00    0    0.00 XXX   0 X    0.00 XXX   0 X    0.00 XXX   0 X

GLU 175 A   4.61     0 %    0.11  108   0.00    0    0.00 XXX   0 X    0.00 XXX   0 X    0.00 XXX   0 X

GLU 192 A   4.56     0 %    0.06   52   0.00    0    0.00 XXX   0 X    0.00 XXX   0 X    0.00 XXX   0 X

GLU 246 A   6.07    66 %    2.16  467   0.17    0   -0.49 LYS 273 A    0.00 XXX   0 X    0.38 GLU 253 A
GLU 246 A                                            0.00 XXX   0 X    0.00 XXX   0 X   -0.64 LYS 273 A

GLU 253 A   5.56    36 %    0.83  382   0.41    0    0.00 XXX   0 X    0.00 XXX   0 X   -0.17 LYS 273 A

GLU 263 A   4.10    18 %    0.52  332   0.00    0   -0.26 ARG 243 A    0.00 XXX   0 X   -0.20 ARG 285 A
GLU 263 A                                            0.00 XXX   0 X    0.00 XXX   0 X   -0.13 LYS 407 A
GLU 263 A                                            0.00 XXX   0 X    0.00 XXX   0 X   -0.35 ARG 243 A

GLU 305 A   4.05     0 %    0.32  280   0.00    0   -0.55 TYR 303 A    0.00 XXX   0 X   -0.22 ARG 285 A

GLU 320 A   4.56     0 %    0.06  102   0.00    0    0.00 XXX   0 X    0.00 XXX   0 X    0.00 XXX   0 X

GLU 336 A   4.67     0 %    0.17  124   0.00    0    0.00 XXX   0 X    0.00 XXX   0 X    0.00 XXX   0 X

GLU 342 A   4.59     0 %    0.09   83   0.00    0    0.00 XXX   0 X    0.00 XXX   0 X    0.00 XXX   0 X

GLU 358 A   4.62     0 %    0.12  128   0.00    0    0.00 XXX   0 X    0.00 XXX   0 X    0.00 XXX   0 X

GLU 430 A   4.09     0 %    0.17  187   0.00    0   -0.26 LYS 460 A    0.00 XXX   0 X   -0.02 LYS 426 A
GLU 430 A                                            0.00 XXX   0 X    0.00 XXX   0 X   -0.30 LYS 460 A

GLU 482 A   4.01     0 %    0.31  158   0.00    0   -0.49 HIS 478 A    0.00 XXX   0 X    0.02 ASP 488 A
GLU 482 A                                            0.00 XXX   0 X    0.00 XXX   0 X   -0.34 HIS 478 A

GLU 496 A   4.53     0 %    0.03   35   0.00    0    0.00 XXX   0 X    0.00 XXX   0 X    0.00 XXX   0 X

C-  496 A   3.29     0 %    0.09   66   0.00    0    0.00 XXX   0 X    0.00 XXX   0 X   -0.00 LYS 425 A

HIS 167 A   6.39     0 %   -0.11   78   0.00    0    0.00 XXX   0 X    0.00 XXX   0 X    0.00 XXX   0 X

HIS 216 A   6.28     0 %   -0.22  219   0.00    0    0.00 XXX   0 X    0.00 XXX   0 X    0.00 XXX   0 X

HIS 313 A   7.04    42 %   -1.18  398   0.00    0    0.17 ASP 315 A    0.31 SER 293 A   -0.00 LYS 292 A
HIS 313 A                                            0.00 XXX   0 X    0.00 XXX   0 X   -0.02 LYS 317 A
HIS 313 A                                            0.00 XXX   0 X    0.00 XXX   0 X    0.10 ASP 294 A
HIS 313 A                                            0.00 XXX   0 X    0.00 XXX   0 X    0.60 ASP 306 A
HIS 313 A                                            0.00 XXX   0 X    0.00 XXX   0 X    0.56 ASP 315 A

HIS 401 A   6.23     0 %   -0.17  114   0.00    0    0.00 XXX   0 X    0.00 XXX   0 X   -0.10 LYS 397 A

HIS 478 A   7.13     0 %   -0.33  221   0.00    0    0.49 GLU 482 A    0.15 HIS 478 A   -0.01 LYS 479 A
HIS 478 A                                            0.00 XXX   0 X    0.00 XXX   0 X    0.34 GLU 482 A

CYS  11 A  99.99     0 %    0.00    0   0.00    0    0.00 XXX   0 X    0.00 XXX   0 X    0.00 XXX   0 X

CYS  18 A  99.99     0 %    0.00    0   0.00    0    0.00 XXX   0 X    0.00 XXX   0 X    0.00 XXX   0 X

CYS  23 A  99.99     0 %    0.00    0   0.00    0    0.00 XXX   0 X    0.00 XXX   0 X    0.00 XXX   0 X

CYS  33 A  99.99     0 %    0.00    0   0.00    0    0.00 XXX   0 X    0.00 XXX   0 X    0.00 XXX   0 X

CYS  40 A  99.99     0 %    0.00    0   0.00    0    0.00 XXX   0 X    0.00 XXX   0 X    0.00 XXX   0 X

CYS  41 A  99.99     0 %    0.00    0   0.00    0    0.00 XXX   0 X    0.00 XXX   0 X    0.00 XXX   0 X

CYS  58 A   9.11     0 %    0.11   79   0.00    0    0.00 XXX   0 X    0.00 XXX   0 X    0.00 XXX   0 X

CYS  65 A   9.19     0 %    0.19   80   0.00    0    0.00 XXX   0 X    0.00 XXX   0 X    0.00 XXX   0 X

CYS  84 A   9.20     0 %    0.20  130   0.00    0    0.00 XXX   0 X    0.00 XXX   0 X    0.00 XXX   0 X

CYS 218 A   9.25     0 %    0.25  248   0.00    0    0.00 XXX   0 X    0.00 XXX   0 X    0.00 XXX   0 X

CYS 326 A  10.38    21 %    0.66  341   0.00    0    0.17 ASP 306 A    0.00 XXX   0 X   -0.07 LYS 317 A
CYS 326 A                                            0.00 XXX   0 X    0.00 XXX   0 X    0.24 ASP 315 A
CYS 326 A                                            0.00 XXX   0 X    0.00 XXX   0 X    0.38 ASP 306 A

CYS 427 A  99.99     0 %    0.00    0   0.00    0    0.00 XXX   0 X    0.00 XXX   0 X    0.00 XXX   0 X

CYS 464 A  99.99     0 %    0.00    0   0.00    0    0.00 XXX   0 X    0.00 XXX   0 X    0.00 XXX   0 X

TYR   9 A  10.18     0 %    0.12  147   0.00    0    0.00 XXX   0 X    0.00 XXX   0 X    0.06 TYR  10 A

TYR  10 A  10.09     0 %    0.11  161   0.00    0    0.00 XXX   0 X    0.00 XXX   0 X   -0.03 ARG  14 A

TYR  53 A  10.04     0 %    0.04   60   0.00    0    0.00 XXX   0 X    0.00 XXX   0 X    0.00 XXX   0 X

TYR  54 A  10.05     0 %    0.05   92   0.00    0    0.00 XXX   0 X    0.00 XXX   0 X    0.00 XXX   0 X

TYR  59 A  10.04     0 %    0.04   38   0.00    0    0.00 XXX   0 X    0.00 XXX   0 X    0.00 XXX   0 X

TYR  62 A  10.08     0 %    0.08  115   0.00    0    0.00 XXX   0 X    0.00 XXX   0 X    0.00 XXX   0 X

TYR  74 A  10.06     0 %    0.06  100   0.00    0    0.00 XXX   0 X    0.00 XXX   0 X    0.00 XXX   0 X

TYR  87 A  10.08     0 %    0.08  122   0.00    0    0.00 XXX   0 X    0.00 XXX   0 X    0.00 XXX   0 X

TYR  99 A  10.12     0 %    0.12  126   0.00    0    0.00 XXX   0 X    0.00 XXX   0 X    0.00 XXX   0 X

TYR 111 A  10.03     0 %    0.03   78   0.00    0    0.00 XXX   0 X    0.00 XXX   0 X    0.00 XXX   0 X

TYR 120 A  10.07     0 %    0.07   97   0.00    0    0.00 XXX   0 X    0.00 XXX   0 X    0.00 XXX   0 X

TYR 123 A  10.16     0 %    0.16   97   0.00    0    0.00 XXX   0 X    0.00 XXX   0 X    0.00 XXX   0 X

TYR 136 A  10.06     0 %    0.06   81   0.00    0    0.00 XXX   0 X    0.00 XXX   0 X    0.00 XXX   0 X

TYR 146 A  10.05     0 %    0.05   42   0.00    0    0.00 XXX   0 X    0.00 XXX   0 X    0.00 XXX   0 X

TYR 149 A  10.13     0 %    0.13   97   0.00    0    0.00 XXX   0 X    0.00 XXX   0 X    0.00 XXX   0 X

TYR 155 A  10.06     0 %    0.06   95   0.00    0    0.00 XXX   0 X    0.00 XXX   0 X    0.00 XXX   0 X

TYR 161 A  10.05     0 %    0.05   67   0.00    0    0.00 XXX   0 X    0.00 XXX   0 X    0.00 XXX   0 X

TYR 164 A  10.09     0 %    0.09  147   0.00    0    0.00 XXX   0 X    0.00 XXX   0 X    0.00 XXX   0 X

TYR 173 A  10.14     0 %    0.14  128   0.00    0    0.00 XXX   0 X    0.00 XXX   0 X    0.00 XXX   0 X

TYR 180 A  10.04     0 %    0.04   58   0.00    0    0.00 XXX   0 X    0.00 XXX   0 X    0.00 XXX   0 X

TYR 185 A  10.06     0 %    0.06   97   0.00    0    0.00 XXX   0 X    0.00 XXX   0 X    0.00 XXX   0 X

TYR 197 A  10.11     0 %    0.11   95   0.00    0    0.00 XXX   0 X    0.00 XXX   0 X    0.00 XXX   0 X

TYR 217 A  10.20     0 %    0.20  259   0.00    0    0.00 XXX   0 X    0.00 XXX   0 X    0.00 XXX   0 X

TYR 223 A   9.94     0 %    0.16  219   0.00    0    0.00 XXX   0 X    0.00 XXX   0 X   -0.16 ARG 243 A
TYR 223 A                                            0.00 XXX   0 X    0.00 XXX   0 X    0.03 GLU 263 A
TYR 223 A                                            0.00 XXX   0 X    0.00 XXX   0 X   -0.08 LYS 407 A

TYR 272 A  10.68     0 %    0.58  265   0.00    0   -0.31 ARG 274 A    0.00 XXX   0 X   -0.38 ARG 274 A
TYR 272 A                                            0.56 ASP 294 A    0.00 XXX   0 X   -0.16 LYS 292 A
TYR 272 A                                            0.00 XXX   0 X    0.00 XXX   0 X    0.38 ASP 294 A

TYR 303 A  11.05     0 %    0.30  251   0.00    0   -0.07 ASN 325 A    0.00 XXX   0 X   -0.12 ARG 285 A
TYR 303 A                                            0.55 GLU 305 A    0.00 XXX   0 X    0.38 GLU 305 A

TYR 316 A  10.07     0 %    0.07  135   0.00    0    0.00 XXX   0 X    0.00 XXX   0 X    0.00 XXX   0 X

TYR 332 A  10.23     0 %    0.23  200   0.00    0    0.00 XXX   0 X    0.00 XXX   0 X    0.00 XXX   0 X

TYR 346 A  10.08     0 %    0.08  114   0.00    0    0.00 XXX   0 X    0.00 XXX   0 X    0.00 XXX   0 X

TYR 357 A  10.05     0 %    0.05   55   0.00    0    0.00 XXX   0 X    0.00 XXX   0 X    0.00 XXX   0 X

TYR 383 A  10.12     0 %    0.12  120   0.00    0    0.00 XXX   0 X    0.00 XXX   0 X    0.00 XXX   0 X

TYR 394 A  10.01     0 %    0.17  278   0.00    0    0.00 XXX   0 X    0.00 XXX   0 X    0.00 GLU 263 A
TYR 394 A                                            0.00 XXX   0 X    0.00 XXX   0 X   -0.19 ARG 285 A
TYR 394 A                                            0.00 XXX   0 X    0.00 XXX   0 X    0.05 GLU 305 A
TYR 394 A                                            0.00 XXX   0 X    0.00 XXX   0 X   -0.02 LYS 397 A

TYR 449 A  10.08     0 %    0.13  184   0.00    0    0.00 XXX   0 X    0.00 XXX   0 X   -0.00 ARG 452 A
TYR 449 A                                            0.00 XXX   0 X    0.00 XXX   0 X   -0.05 LYS 443 A

TYR 468 A  10.20     0 %    0.20  228   0.00    0    0.00 XXX   0 X    0.00 XXX   0 X    0.00 XXX   0 X

LYS   8 A   9.76     0 %   -0.29  215   0.00    0    0.00 XXX   0 X    0.00 XXX   0 X   -0.05 ARG  12 A
LYS   8 A                                            0.00 XXX   0 X    0.00 XXX   0 X   -0.03 ARG  36 A
LYS   8 A                                            0.00 XXX   0 X    0.00 XXX   0 X   -0.38 ARG  38 A

LYS  26 A  10.45     0 %   -0.05   91   0.00    0    0.00 XXX   0 X    0.00 XXX   0 X    0.00 XXX   0 X

LYS  32 A  10.39     0 %   -0.11  183   0.00    0    0.00 XXX   0 X    0.00 XXX   0 X    0.00 XXX   0 X

LYS  39 A  10.25     0 %   -0.20  194   0.00    0    0.00 XXX   0 X    0.00 XXX   0 X   -0.05 LYS  32 A

LYS  44 A  10.42     0 %   -0.23  163   0.00    0    0.00 XXX   0 X    0.00 XXX   0 X    0.01 GLU  27 A
LYS  44 A                                            0.00 XXX   0 X    0.00 XXX   0 X    0.13 GLU  28 A

LYS  45 A  10.21     0 %   -0.09  175   0.00    0    0.00 XXX   0 X    0.00 XXX   0 X    0.02 GLU  28 A
LYS  45 A                                            0.00 XXX   0 X    0.00 XXX   0 X   -0.14 ARG  42 A
LYS  45 A                                            0.00 XXX   0 X    0.00 XXX   0 X   -0.08 ARG 200 A

LYS  50 A  10.46     0 %   -0.04   74   0.00    0    0.00 XXX   0 X    0.00 XXX   0 X    0.00 XXX   0 X

LYS  63 A  10.47     0 %   -0.03   60   0.00    0    0.00 XXX   0 X    0.00 XXX   0 X    0.00 XXX   0 X

LYS  67 A  10.45     0 %   -0.05   83   0.00    0    0.00 XXX   0 X    0.00 XXX   0 X    0.00 XXX   0 X

LYS  82 A  10.46     0 %   -0.04   84   0.00    0    0.00 XXX   0 X    0.00 XXX   0 X    0.00 XXX   0 X

LYS 114 A  10.47     0 %   -0.03   47   0.00    0    0.00 XXX   0 X    0.00 XXX   0 X    0.00 XXX   0 X

LYS 124 A  10.47     0 %   -0.03   46   0.00    0    0.00 XXX   0 X    0.00 XXX   0 X    0.00 XXX   0 X

LYS 174 A  10.39     0 %   -0.11   76   0.00    0    0.00 XXX   0 X    0.00 XXX   0 X    0.00 XXX   0 X

LYS 177 A  10.45     0 %   -0.05   94   0.00    0    0.00 XXX   0 X    0.00 XXX   0 X    0.00 XXX   0 X

LYS 273 A  10.33    48 %   -1.47  417   0.00    0    0.49 GLU 246 A    0.00 XXX   0 X    0.17 GLU 253 A
LYS 273 A                                            0.00 XXX   0 X    0.00 XXX   0 X    0.64 GLU 246 A

LYS 282 A   9.96    32 %   -1.70  372   0.00    0    0.66 ASP 302 A    0.00 XXX   0 X    0.50 ASP 302 A

LYS 292 A  10.72     0 %   -0.21  196   0.00    0    0.00 XXX   0 X    0.00 XXX   0 X   -0.04 ARG 274 A
LYS 292 A                                            0.00 XXX   0 X    0.00 XXX   0 X    0.31 ASP 294 A
LYS 292 A                                            0.00 XXX   0 X    0.00 XXX   0 X    0.16 TYR 272 A

LYS 317 A  10.37     2 %   -0.41  286   0.00    0    0.00 XXX   0 X    0.00 XXX   0 X    0.04 ASP 302 A
LYS 317 A                                            0.00 XXX   0 X    0.00 XXX   0 X    0.17 ASP 315 A
LYS 317 A                                            0.00 XXX   0 X    0.00 XXX   0 X    0.07 CYS 326 A

LYS 323 A  10.43     0 %   -0.09  174   0.00    0    0.00 XXX   0 X    0.00 XXX   0 X    0.02 ASP 321 A

LYS 333 A  10.44     0 %   -0.06  116   0.00    0    0.00 XXX   0 X    0.00 XXX   0 X    0.00 XXX   0 X

LYS 356 A  10.46     0 %   -0.04   67   0.00    0    0.00 XXX   0 X    0.00 XXX   0 X    0.00 XXX   0 X

LYS 359 A  10.47     0 %   -0.03   67   0.00    0    0.00 XXX   0 X    0.00 XXX   0 X    0.00 XXX   0 X

LYS 362 A  10.44     0 %   -0.06   89   0.00    0    0.00 XXX   0 X    0.00 XXX   0 X    0.00 XXX   0 X

LYS 377 A  10.44     0 %   -0.06  119   0.00    0    0.00 XXX   0 X    0.00 XXX   0 X    0.00 XXX   0 X

LYS 381 A  10.46     0 %   -0.04   86   0.00    0    0.00 XXX   0 X    0.00 XXX   0 X    0.00 XXX   0 X

LYS 397 A  10.39     0 %   -0.13  175   0.00    0    0.00 XXX   0 X    0.00 XXX   0 X    0.02 TYR 394 A

LYS 407 A  10.46     0 %   -0.18  247   0.00    0    0.00 XXX   0 X    0.00 XXX   0 X   -0.06 ARG 243 A
LYS 407 A                                            0.00 XXX   0 X    0.00 XXX   0 X    0.13 GLU 263 A
LYS 407 A                                            0.00 XXX   0 X    0.00 XXX   0 X    0.08 TYR 223 A

LYS 408 A  10.44     0 %   -0.06  111   0.00    0    0.00 XXX   0 X    0.00 XXX   0 X    0.00 XXX   0 X

LYS 415 A  10.41     0 %   -0.09   89   0.00    0    0.00 XXX   0 X    0.00 XXX   0 X    0.00 XXX   0 X

LYS 425 A  10.33     0 %   -0.17  231   0.00    0    0.00 XXX   0 X    0.00 XXX   0 X    0.00 C-  496 A

LYS 426 A  10.38     0 %   -0.14  136   0.00    0    0.00 XXX   0 X    0.00 XXX   0 X    0.02 GLU 430 A

LYS 437 A  10.31     0 %   -0.14  192   0.00    0    0.00 XXX   0 X    0.00 XXX   0 X   -0.04 LYS 461 A

LYS 443 A  10.50     0 %   -0.10  152   0.00    0    0.00 XXX   0 X    0.00 XXX   0 X    0.05 ASP 439 A
LYS 443 A                                            0.00 XXX   0 X    0.00 XXX   0 X    0.05 TYR 449 A

LYS 444 A  10.48     0 %   -0.02   54   0.00    0    0.00 XXX   0 X    0.00 XXX   0 X    0.00 XXX   0 X

LYS 459 A  10.41     0 %   -0.09  113   0.00    0    0.00 XXX   0 X    0.00 XXX   0 X    0.00 XXX   0 X

LYS 460 A  10.86     0 %   -0.20  207   0.00    0    0.26 GLU 430 A    0.00 XXX   0 X    0.30 GLU 430 A

LYS 461 A  10.38     0 %   -0.12  228   0.00    0    0.00 XXX   0 X    0.00 XXX   0 X    0.00 XXX   0 X

LYS 462 A  10.41     0 %   -0.09  133   0.00    0    0.00 XXX   0 X    0.00 XXX   0 X    0.00 XXX   0 X

LYS 479 A  10.43     0 %   -0.07  115   0.00    0    0.00 XXX   0 X    0.00 XXX   0 X    0.00 XXX   0 X

LYS 480 A  10.40     0 %   -0.13  165   0.00    0    0.00 XXX   0 X    0.00 XXX   0 X    0.03 ASP 473 A

LYS 491 A  10.44     0 %   -0.06   84   0.00    0    0.00 XXX   0 X    0.00 XXX   0 X    0.00 XXX   0 X

ARG  12 A  12.39     0 %   -0.11  187   0.00    0    0.00 XXX   0 X    0.00 XXX   0 X    0.00 XXX   0 X

ARG  14 A  12.24     0 %   -0.19  210   0.00    0    0.00 XXX   0 X    0.00 XXX   0 X    0.03 TYR  10 A
ARG  14 A                                            0.00 XXX   0 X    0.00 XXX   0 X   -0.08 ARG  42 A
ARG  14 A                                            0.00 XXX   0 X    0.00 XXX   0 X   -0.01 ARG 200 A

ARG  17 A  12.49     0 %   -0.25  230   0.00    0    0.00 XXX   0 X    0.00 XXX   0 X    0.28 GLU  27 A
ARG  17 A                                            0.00 XXX   0 X    0.00 XXX   0 X   -0.04 ARG  43 A

ARG  36 A  12.43     0 %   -0.07  126   0.00    0    0.00 XXX   0 X    0.00 XXX   0 X    0.00 XXX   0 X

ARG  38 A  12.22     0 %   -0.21  202   0.00    0    0.00 XXX   0 X    0.00 XXX   0 X   -0.07 ARG  36 A

ARG  42 A  13.00     0 %   -0.32  225   0.00    0    0.56 GLU  28 A    0.00 XXX   0 X    0.26 GLU  28 A

ARG  43 A  12.55     0 %   -0.10  164   0.00    0    0.00 XXX   0 X    0.00 XXX   0 X    0.15 GLU  27 A

ARG 118 A  12.47     0 %   -0.03   59   0.00    0    0.00 XXX   0 X    0.00 XXX   0 X    0.00 XXX   0 X

ARG 163 A  12.46     0 %   -0.04   97   0.00    0    0.00 XXX   0 X    0.00 XXX   0 X    0.00 XXX   0 X

ARG 166 A  12.47     0 %   -0.03   54   0.00    0    0.00 XXX   0 X    0.00 XXX   0 X    0.00 XXX   0 X

ARG 200 A  12.40     0 %   -0.08  138   0.00    0    0.00 XXX   0 X    0.00 XXX   0 X   -0.02 ARG  42 A

ARG 243 A  12.89     8 %   -0.34  303   0.00    0    0.26 GLU 263 A    0.00 XXX   0 X    0.16 TYR 223 A
ARG 243 A                                            0.00 XXX   0 X    0.00 XXX   0 X   -0.04 ARG 285 A
ARG 243 A                                            0.00 XXX   0 X    0.00 XXX   0 X    0.35 GLU 263 A

ARG 274 A  13.10     0 %   -0.28  261   0.00    0    0.31 TYR 272 A    0.00 XXX   0 X    0.38 TYR 272 A
ARG 274 A                                            0.00 XXX   0 X    0.00 XXX   0 X    0.20 ASP 294 A

ARG 285 A  12.95    12 %   -0.28  315   0.00    0    0.00 XXX   0 X    0.00 XXX   0 X    0.20 GLU 263 A
ARG 285 A                                            0.00 XXX   0 X    0.00 XXX   0 X    0.12 TYR 303 A
ARG 285 A                                            0.00 XXX   0 X    0.00 XXX   0 X    0.22 GLU 305 A
ARG 285 A                                            0.00 XXX   0 X    0.00 XXX   0 X    0.19 TYR 394 A

ARG 355 A  12.36     0 %   -0.14  159   0.00    0    0.00 XXX   0 X    0.00 XXX   0 X    0.00 XXX   0 X

ARG 420 A  12.34     0 %   -0.16  269   0.00    0    0.00 XXX   0 X    0.00 XXX   0 X    0.01 ASP 467 A

ARG 448 A  12.46     0 %   -0.04   65   0.00    0    0.00 XXX   0 X    0.00 XXX   0 X    0.00 XXX   0 X

ARG 450 A  12.17     0 %   -0.33  156   0.00    0    0.00 XXX   0 X    0.00 XXX   0 X    0.00 XXX   0 X

ARG 452 A  12.42     0 %   -0.08  105   0.00    0    0.00 XXX   0 X    0.00 XXX   0 X    0.00 TYR 449 A

N+    1 A   7.78     0 %   -0.19  118   0.00    0    0.00 XXX   0 X    0.00 XXX   0 X   -0.04 LYS   8 A


2026-08-25 22:47:08,064 INFO:output.py:227:print_pka_section:pKa summary:
--------------------------------------------------------------------------------------------------------
SUMMARY OF THIS PREDICTION
       Group      pKa  model-pKa   ligand atom-type
   ASP  78 A     3.56       3.80                      
   ASP 107 A     3.42       3.80                      
   ASP 119 A     3.92       3.80                      
   ASP 294 A     2.60       3.80                      
   ASP 302 A     4.08       3.80                      
   ASP 306 A     5.00       3.80                      
   ASP 315 A     4.34       3.80                      
   ASP 321 A     4.02       3.80                      
   ASP 340 A     3.97       3.80                      
   ASP 361 A     3.91       3.80                      
   ASP 366 A     3.92       3.80                      
   ASP 392 A     3.91       3.80                      
   ASP 439 A     3.70       3.80                      
   ASP 467 A     4.14       3.80                      
   ASP 469 A     4.09       3.80                      
   ASP 473 A     3.98       3.80                      
   ASP 488 A     3.86       3.80                      
   GLU  27 A     4.29       4.50                      
   GLU  28 A     3.82       4.50                      
   GLU  46 A     4.58       4.50                      
   GLU 101 A     4.58       4.50                      
   GLU 115 A     4.56       4.50                      
   GLU 151 A     4.59       4.50                      
   GLU 153 A     4.55       4.50                      
   GLU 157 A     4.56       4.50                      
   GLU 175 A     4.61       4.50                      
   GLU 192 A     4.56       4.50                      
   GLU 246 A     6.07       4.50                      
   GLU 253 A     5.56       4.50                      
   GLU 263 A     4.10       4.50                      
   GLU 305 A     4.05       4.50                      
   GLU 320 A     4.56       4.50                      
   GLU 336 A     4.67       4.50                      
   GLU 342 A     4.59       4.50                      
   GLU 358 A     4.62       4.50                      
   GLU 430 A     4.09       4.50                      
   GLU 482 A     4.01       4.50                      
   GLU 496 A     4.53       4.50                      
   C-  496 A     3.29       3.20                      
   HIS 167 A     6.39       6.50                      
   HIS 216 A     6.28       6.50                      
   HIS 313 A     7.04       6.50                      
   HIS 401 A     6.23       6.50                      
   HIS 478 A     7.13       6.50                      
   CYS  11 A    99.99       9.00                      
   CYS  18 A    99.99       9.00                      
   CYS  23 A    99.99       9.00                      
   CYS  33 A    99.99       9.00                      
   CYS  40 A    99.99       9.00                      
   CYS  41 A    99.99       9.00                      
   CYS  58 A     9.11       9.00                      
   CYS  65 A     9.19       9.00                      
   CYS  84 A     9.20       9.00                      
   CYS 218 A     9.25       9.00                      
   CYS 326 A    10.38       9.00                      
   CYS 427 A    99.99       9.00                      
   CYS 464 A    99.99       9.00                      
   TYR   9 A    10.18      10.00                      
   TYR  10 A    10.09      10.00                      
   TYR  53 A    10.04      10.00                      
   TYR  54 A    10.05      10.00                      
   TYR  59 A    10.04      10.00                      
   TYR  62 A    10.08      10.00                      
   TYR  74 A    10.06      10.00                      
   TYR  87 A    10.08      10.00                      
   TYR  99 A    10.12      10.00                      
   TYR 111 A    10.03      10.00                      
   TYR 120 A    10.07      10.00                      
   TYR 123 A    10.16      10.00                      
   TYR 136 A    10.06      10.00                      
   TYR 146 A    10.05      10.00                      
   TYR 149 A    10.13      10.00                      
   TYR 155 A    10.06      10.00                      
   TYR 161 A    10.05      10.00                      
   TYR 164 A    10.09      10.00                      
   TYR 173 A    10.14      10.00                      
   TYR 180 A    10.04      10.00                      
   TYR 185 A    10.06      10.00                      
   TYR 197 A    10.11      10.00                      
   TYR 217 A    10.20      10.00                      
   TYR 223 A     9.94      10.00                      
   TYR 272 A    10.68      10.00                      
   TYR 303 A    11.05      10.00                      
   TYR 316 A    10.07      10.00                      
   TYR 332 A    10.23      10.00                      
   TYR 346 A    10.08      10.00                      
   TYR 357 A    10.05      10.00                      
   TYR 383 A    10.12      10.00                      
   TYR 394 A    10.01      10.00                      
   TYR 449 A    10.08      10.00                      
   TYR 468 A    10.20      10.00                      
   LYS   8 A     9.76      10.50                      
   LYS  26 A    10.45      10.50                      
   LYS  32 A    10.39      10.50                      
   LYS  39 A    10.25      10.50                      
   LYS  44 A    10.42      10.50                      
   LYS  45 A    10.21      10.50                      
   LYS  50 A    10.46      10.50                      
   LYS  63 A    10.47      10.50                      
   LYS  67 A    10.45      10.50                      
   LYS  82 A    10.46      10.50                      
   LYS 114 A    10.47      10.50                      
   LYS 124 A    10.47      10.50                      
   LYS 174 A    10.39      10.50                      
   LYS 177 A    10.45      10.50                      
   LYS 273 A    10.33      10.50                      
   LYS 282 A     9.96      10.50                      
   LYS 292 A    10.72      10.50                      
   LYS 317 A    10.37      10.50                      
   LYS 323 A    10.43      10.50                      
   LYS 333 A    10.44      10.50                      
   LYS 356 A    10.46      10.50                      
   LYS 359 A    10.47      10.50                      
   LYS 362 A    10.44      10.50                      
   LYS 377 A    10.44      10.50                      
   LYS 381 A    10.46      10.50                      
   LYS 397 A    10.39      10.50                      
   LYS 407 A    10.46      10.50                      
   LYS 408 A    10.44      10.50                      
   LYS 415 A    10.41      10.50                      
   LYS 425 A    10.33      10.50                      
   LYS 426 A    10.38      10.50                      
   LYS 437 A    10.31      10.50                      
   LYS 443 A    10.50      10.50                      
   LYS 444 A    10.48      10.50                      
   LYS 459 A    10.41      10.50                      
   LYS 460 A    10.86      10.50                      
   LYS 461 A    10.38      10.50                      
   LYS 462 A    10.41      10.50                      
   LYS 479 A    10.43      10.50                      
   LYS 480 A    10.40      10.50                      
   LYS 491 A    10.44      10.50                      
   ARG  12 A    12.39      12.50                      
   ARG  14 A    12.24      12.50                      
   ARG  17 A    12.49      12.50                      
   ARG  36 A    12.43      12.50                      
   ARG  38 A    12.22      12.50                      
   ARG  42 A    13.00      12.50                      
   ARG  43 A    12.55      12.50                      
   ARG 118 A    12.47      12.50                      
   ARG 163 A    12.46      12.50                      
   ARG 166 A    12.47      12.50                      
   ARG 200 A    12.40      12.50                      
   ARG 243 A    12.89      12.50                      
   ARG 274 A    13.10      12.50                      
   ARG 285 A    12.95      12.50                      
   ARG 355 A    12.36      12.50                      
   ARG 420 A    12.34      12.50                      
   ARG 448 A    12.46      12.50                      
   ARG 450 A    12.17      12.50                      
   ARG 452 A    12.42      12.50                      
   N+    1 A     7.78       8.00                      

2026-08-25 22:47:08,075 INFO:main.py:648:non_trivial:PROPKA information:
--------------------------------------------------------------------------------------------------------
Free energy of   folding (kcal/mol) as a function of pH (using neutral reference)
  0.00     13.98
  1.00     13.97
  2.00     13.88
  3.00     13.50
  4.00     13.70
  5.00     15.49
  6.00     17.29
  7.00     18.17
  8.00     18.62
  9.00     19.42
 10.00     21.22
 11.00     21.98
 12.00     21.94
 13.00     22.11
 14.00     22.53

The pH of optimum stability is  3.4 for which the free energy is   13.4 kcal/mol at 298K
Could not determine pH values where the free energy is within 80 % of minimum
Could not determine the pH-range where the free energy is negative


Protein charge of folded and unfolded state as a function of pH
    pH  unfolded  folded
  0.00     66.00   65.99
  0.10     65.99   65.99
  0.20     65.99   65.99
  0.30     65.99   65.99
  0.40     65.99   65.98
  0.50     65.99   65.98
  0.60     65.98   65.98
  0.70     65.98   65.97
  0.80     65.97   65.96
  0.90     65.97   65.95
  1.00     65.96   65.94
  1.10     65.95   65.93
  1.20     65.94   65.91
  1.30     65.92   65.88
  1.40     65.90   65.85
  1.50     65.87   65.82
  1.60     65.84   65.77
  1.70     65.80   65.71
  1.80     65.75   65.64
  1.90     65.69   65.56
  2.00     65.61   65.46
  2.10     65.51   65.33
  2.20     65.39   65.18
  2.30     65.24   64.99
  2.40     65.05   64.78
  2.50     64.81   64.52
  2.60     64.53   64.21
  2.70     64.18   63.84
  2.80     63.76   63.42
  2.90     63.25   62.92
  3.00     62.64   62.34
  3.10     61.92   61.66
  3.20     61.08   60.88
  3.30     60.11   59.99
  3.40     59.00   58.98
  3.50     57.74   57.84
  3.60     56.35   56.58
  3.70     54.83   55.20
  3.80     53.20   53.70
  3.90     51.46   52.10
  4.00     49.65   50.42
  4.10     47.79   48.69
  4.20     45.90   46.92
  4.30     44.00   45.15
  4.40     42.14   43.40
  4.50     40.33   41.70
  4.60     38.60   40.06
  4.70     36.98   38.52
  4.80     35.48   37.08
  4.90     34.13   35.76
  5.00     32.91   34.56
  5.10     31.85   33.47
  5.20     30.91   32.50
  5.30     30.10   31.63
  5.40     29.40   30.85
  5.50     28.79   30.14
  5.60     28.25   29.51
  5.70     27.77   28.93
  5.80     27.33   28.39
  5.90     26.92   27.88
  6.00     26.53   27.41
  6.10     26.15   26.95
  6.20     25.78   26.51
  6.30     25.41   26.09
  6.40     25.04   25.69
  6.50     24.68   25.30
  6.60     24.33   24.93
  6.70     23.99   24.57
  6.80     23.67   24.24
  6.90     23.37   23.91
  7.00     23.09   23.60
  7.10     22.83   23.31
  7.20     22.59   23.03
  7.30     22.36   22.75
  7.40     22.15   22.49
  7.50     21.94   22.24
  7.60     21.72   21.99
  7.70     21.50   21.75
  7.80     21.27   21.50
  7.90     21.02   21.25
  8.00     20.74   20.98
  8.10     20.43   20.70
  8.20     20.07   20.39
  8.30     19.66   20.04
  8.40     19.19   19.65
  8.50     18.64   19.19
  8.60     18.00   18.65
  8.70     17.26   18.02
  8.80     16.40   17.27
  8.90     15.41   16.38
  9.00     14.25   15.33
  9.10     12.92   14.10
  9.20     11.39   12.65
  9.30      9.62   10.96
  9.40      7.61    9.00
  9.50      5.32    6.75
  9.60      2.74    4.18
  9.70     -0.14    1.29
  9.80     -3.31   -1.93
  9.90     -6.76   -5.45
 10.00    -10.44   -9.24
 10.10    -14.32  -13.25
 10.20    -18.33  -17.40
 10.30    -22.38  -21.61
 10.40    -26.42  -25.80
 10.50    -30.36  -29.87
 10.60    -34.13  -33.76
 10.70    -37.68  -37.39
 10.80    -40.95  -40.73
 10.90    -43.93  -43.76
 11.00    -46.59  -46.47
 11.10    -48.95  -48.86
 11.20    -51.04  -50.98
 11.30    -52.87  -52.84
 11.40    -54.49  -54.50
 11.50    -55.94  -55.98
 11.60    -57.26  -57.33
 11.70    -58.49  -58.59
 11.80    -59.67  -59.79
 11.90    -60.82  -60.95
 12.00    -61.97  -62.10
 12.10    -63.13  -63.25
 12.20    -64.32  -64.41
 12.30    -65.54  -65.57
 12.40    -66.76  -66.73
 12.50    -67.99  -67.87
 12.60    -69.18  -68.99
 12.70    -70.32  -70.06
 12.80    -71.40  -71.06
 12.90    -72.38  -72.00
 13.00    -73.27  -72.86
 13.10    -74.06  -73.63
 13.20    -74.74  -74.32
 13.30    -75.32  -74.92
 13.40    -75.81  -75.45
 13.50    -76.22  -75.90
 13.60    -76.56  -76.28
 13.70    -76.84  -76.59
 13.80    -77.07  -76.86
 13.90    -77.25  -77.08
 14.00    -77.40  -77.26
The pI is  9.74 (folded) and  9.70 (unfolded)

--------------------------------------------------------------------------------------------------------
2026-08-25 22:47:08,075 INFO:biomolecule.py:797:apply_pka_values:Applying pKa values at a pH of 7.00:
2026-08-25 22:47:08,075 INFO:main.py:661:non_trivial:Adding hydrogens to biomolecule.
2026-08-25 22:47:08,206 INFO:main.py:664:non_trivial:Debumping biomolecule (again).
2026-08-25 22:47:08,336 INFO:main.py:666:non_trivial:Optimizing hydrogen bonds
2026-08-25 22:47:08,604 INFO:main.py:678:non_trivial:Applying force field to biomolecule states.
2026-08-25 22:47:08,607 INFO:main.py:725:non_trivial:Regenerating headers.
2026-08-25 22:47:08,607 INFO:main.py:750:non_trivial:Regenerating PDB lines.
2026-08-25 22:47:08,621 WARNING:main.py:326:print_pqr:Ignoring 466 header lines in output.
2026-08-25 22:50:30,984 INFO:main.py:246:print_splash_screen:PDB2PQR v3.7.1: biomolecular structure conversion software.
2026-08-25 22:50:30,984 INFO:main.py:248:print_splash_screen:Please cite:  Jurrus E, et al.  Improvements to the APBS biomolecular solvation software suite.  Protein Sci 27 112-128 (2018).
2026-08-25 22:50:30,984 INFO:main.py:248:print_splash_screen:Please cite:  Dolinsky TJ, et al.  PDB2PQR: expanding and upgrading automated preparation of biomolecular structures for molecular simulations. Nucleic Acids Res 35 W522-W525 (2007).
2026-08-25 22:50:30,984 INFO:main.py:770:main_driver:Checking and transforming input arguments.
2026-08-25 22:50:30,984 INFO:main.py:774:main_driver:Loading topology files.
2026-08-25 22:50:31,007 INFO:main.py:776:main_driver:Loading molecule: /Users/nek/Desktop/School/Research/Step_Outputs/Phase2/StepC/Supplementary_Archive/Vax_Final_a6aaa7d2_phenix_pass1.pdb
2026-08-25 22:50:31,007 ERROR:pdb.py:2605:read_pdb:Warning -- ignoring record:
2026-08-25 22:50:31,007 ERROR:pdb.py:2606:read_pdb:<SSBOND   1 CYS A   11    CYS A   40>
2026-08-25 22:50:31,007 ERROR:pdb.py:2605:read_pdb:Warning -- ignoring record:
2026-08-25 22:50:31,007 ERROR:pdb.py:2606:read_pdb:<SSBOND   2 CYS A   18    CYS A   33>
2026-08-25 22:50:31,007 ERROR:pdb.py:2605:read_pdb:Warning -- ignoring record:
2026-08-25 22:50:31,007 ERROR:pdb.py:2606:read_pdb:<SSBOND   3 CYS A   23    CYS A   41>
2026-08-25 22:50:31,007 ERROR:pdb.py:2605:read_pdb:Warning -- ignoring record:
2026-08-25 22:50:31,007 ERROR:pdb.py:2606:read_pdb:<SSBOND   4 CYS A  427    CYS A  464>
2026-08-25 22:50:31,013 INFO:main.py:781:main_driver:Setting up molecule.
2026-08-25 22:50:31,024 INFO:main.py:423:setup_molecule:Created biomolecule object with 496 residues and 3794 atoms.
2026-08-25 22:50:31,025 INFO:main.py:785:main_driver:Setting termini states for biomolecule chains.
2026-08-25 22:50:31,029 INFO:main.py:616:non_trivial:Loading forcefield.
2026-08-25 22:50:31,033 INFO:main.py:620:non_trivial:Loading hydrogen topology definitions.
2026-08-25 22:50:31,036 INFO:main.py:474:is_repairable:This biomolecule is clean.  No repair needed.
2026-08-25 22:50:31,036 INFO:main.py:635:non_trivial:Updating disulfide bridges.
2026-08-25 22:50:31,037 INFO:main.py:638:non_trivial:Debumping biomolecule.
2026-08-25 22:50:31,082 INFO:main.py:645:non_trivial:Assigning titration states with PROPKA.
2026-08-25 22:50:31,095 INFO:output.py:74:print_header:
propka3.5.1                                                                                  2026-08-25

-------------------------------------------------------------------------------
--                                                                           --
--  PROPKA: A PROTEIN PKA PREDICTOR                                          --
--                                                                           --
--  VERSION 1.0,  04/25/2004,  IOWA CITY                                     --
--  BY HUI LI                                                                --
--                                                                           --
--  VERSION 2.0,  11/05/2007, IOWA CITY/COPENHAGEN                           --
--  BY DELPHINE C. BAS AND DAVID M. ROGERS                                   --
--                                                                           --
--  VERSION 3.0,  01/06/2011, COPENHAGEN                                     --
--  BY MATS H.M. OLSSON AND CHRESTEN R. SONDERGARD                           --
--                                                                           --
--  VERSION 3.1,  07/01/2011, COPENHAGEN                                     --
--  BY CHRESTEN R. SONDERGARD AND MATS H.M. OLSSON                           --
--                                                                           --
--  VERSION 3.2,  06/17/2020, PLANET EARTH                                   --
--  SEE ABOVE FOR AUTHORS                                                    --
--                                                                           --
-------------------------------------------------------------------------------


-------------------------------------------------------------------------------
References:

Very Fast Empirical Prediction and Rationalization of Protein pKa Values.
Hui Li, Andrew D. Robertson and Jan H. Jensen. PROTEINS: Structure, Function,
and Bioinformatics. 61:704-721 (2005)

Very Fast Prediction and Rationalization of pKa Values for Protein-Ligand
Complexes.  Delphine C. Bas, David M. Rogers and Jan H. Jensen.  PROTEINS:
Structure, Function, and Bioinformatics 73:765-783 (2008)

PROPKA3: Consistent Treatment of Internal and Surface Residues in Empirical
pKa predictions.  Mats H.M. Olsson, Chresten R. Sondergard, Michal Rostkowski,
and Jan H. Jensen.  Journal of Chemical Theory and Computation, 7(2):525-537
(2011)

Improved Treatment of Ligands and Coupling Effects in Empirical Calculation
and Rationalization of pKa Values.  Chresten R. Sondergaard, Mats H.M. Olsson,
Michal Rostkowski, and Jan H. Jensen.  Journal of Chemical Theory and
Computation, (2011)
-------------------------------------------------------------------------------



2026-08-25 22:50:31,145 INFO:conformation_container.py:124:find_covalently_coupled_groups:Coupling map:

2026-08-25 22:50:31,146 INFO:conformation_container.py:213:calculate_pka:Calculating pKas for Conformation container 1A with 4440 atoms and 1200 groups
2026-08-25 22:50:31,441 INFO:output.py:225:print_pka_section:pKa determinants:

---------  -----   ------   ---------------------    --------------    --------------    --------------
                            DESOLVATION  EFFECTS       SIDECHAIN          BACKBONE        COULOMBIC
 RESIDUE    pKa    BURIED     REGULAR      RE        HYDROGEN BOND     HYDROGEN BOND      INTERACTION
---------  -----   ------   ---------   ---------    --------------    --------------    --------------

ASP  78 A   3.92     0 %    0.28  107   0.00    0   -0.15 SER  80 A   -0.02 SER  80 A    0.00 XXX   0 X

ASP 107 A   3.54     0 %    0.22   92   0.00    0   -0.48 THR 104 A    0.00 XXX   0 X    0.00 XXX   0 X

ASP 119 A   3.91     0 %    0.11   58   0.00    0    0.00 XXX   0 X    0.00 XXX   0 X    0.00 XXX   0 X

ASP 294 A   3.01     0 %    0.51  282   0.00    0   -0.09 ARG 274 A    0.00 XXX   0 X   -0.21 ARG 274 A
ASP 294 A                                           -0.60 TYR 272 A    0.00 XXX   0 X   -0.31 LYS 292 A
ASP 294 A                                            0.00 XXX   0 X    0.00 XXX   0 X   -0.10 HIS 313 A

ASP 302 A   3.95    20 %    1.30  336   0.16    0   -0.06 THR 297 A    0.00 XXX   0 X   -0.04 LYS 317 A
ASP 302 A                                           -0.74 LYS 282 A    0.00 XXX   0 X   -0.47 LYS 282 A

ASP 306 A   5.10    47 %    1.50  413   0.05    0    0.00 XXX   0 X    0.00 XXX   0 X    0.05 GLU 305 A
ASP 306 A                                            0.00 XXX   0 X    0.00 XXX   0 X    0.28 ASP 315 A
ASP 306 A                                            0.00 XXX   0 X    0.00 XXX   0 X   -0.58 HIS 313 A

ASP 315 A   3.93    32 %    1.30  372   0.04    0   -0.45 HIS 313 A    0.00 XXX   0 X   -0.25 LYS 317 A
ASP 315 A                                            0.00 XXX   0 X    0.00 XXX   0 X    0.03 ASP 294 A
ASP 315 A                                            0.00 XXX   0 X    0.00 XXX   0 X   -0.53 HIS 313 A

ASP 321 A   3.99     0 %    0.20  147   0.00    0    0.00 XXX   0 X    0.00 XXX   0 X   -0.03 LYS 323 A
ASP 321 A                                            0.00 XXX   0 X    0.00 XXX   0 X    0.02 ASP 302 A

ASP 340 A   3.98     0 %    0.18   80   0.00    0    0.00 XXX   0 X    0.00 XXX   0 X    0.00 XXX   0 X

ASP 361 A   3.91     0 %    0.11   71   0.00    0    0.00 XXX   0 X    0.00 XXX   0 X    0.00 XXX   0 X

ASP 366 A   3.88     0 %    0.11  109   0.00    0    0.00 XXX   0 X    0.00 XXX   0 X   -0.04 ARG 355 A

ASP 392 A   3.91     0 %    0.11  104   0.00    0    0.00 XXX   0 X    0.00 XXX   0 X    0.00 XXX   0 X

ASP 439 A   3.98     0 %    0.22  138   0.00    0    0.00 XXX   0 X    0.00 XXX   0 X   -0.05 LYS 443 A

ASP 467 A   4.19     0 %    0.36  250   0.00    0    0.00 XXX   0 X    0.00 XXX   0 X    0.03 ASP 469 A

ASP 469 A   4.11     0 %    0.27  188   0.00    0    0.00 XXX   0 X    0.00 XXX   0 X    0.05 ASP 473 A

ASP 473 A   4.01     0 %    0.23  205   0.00    0    0.00 XXX   0 X    0.00 XXX   0 X   -0.02 LYS 480 A

ASP 488 A   4.10     0 %    0.32  126   0.00    0    0.00 XXX   0 X   -0.02 GLN 490 A    0.01 GLU 482 A

GLU  27 A   4.53     0 %    0.56  241   0.00    0    0.00 XXX   0 X   -0.10 LEU  24 A   -0.28 ARG  17 A
GLU  27 A                                            0.00 XXX   0 X    0.00 XXX   0 X   -0.15 ARG  43 A
GLU  27 A                                            0.00 XXX   0 X    0.00 XXX   0 X   -0.01 LYS  44 A

GLU  28 A   4.45     0 %    0.23  198   0.00    0    0.00 XXX   0 X    0.00 XXX   0 X   -0.14 ARG  42 A
GLU  28 A                                            0.00 XXX   0 X    0.00 XXX   0 X   -0.13 LYS  44 A
GLU  28 A                                            0.00 XXX   0 X    0.00 XXX   0 X   -0.02 LYS  45 A

GLU  46 A   4.57     0 %    0.07  109   0.00    0    0.00 XXX   0 X    0.00 XXX   0 X    0.00 XXX   0 X

GLU 101 A   4.58     0 %    0.08  109   0.00    0    0.00 XXX   0 X    0.00 XXX   0 X    0.00 XXX   0 X

GLU 115 A   4.57     0 %    0.07   59   0.00    0    0.00 XXX   0 X    0.00 XXX   0 X    0.00 XXX   0 X

GLU 151 A   4.59     0 %    0.09   63   0.00    0    0.00 XXX   0 X    0.00 XXX   0 X    0.00 XXX   0 X

GLU 153 A   4.55     0 %    0.05   69   0.00    0    0.00 XXX   0 X    0.00 XXX   0 X    0.00 XXX   0 X

GLU 157 A   4.56     0 %    0.06   67   0.00    0    0.00 XXX   0 X    0.00 XXX   0 X    0.00 XXX   0 X

GLU 175 A   4.62     0 %    0.12  108   0.00    0    0.00 XXX   0 X    0.00 XXX   0 X    0.00 XXX   0 X

GLU 192 A   4.55     0 %    0.05   51   0.00    0    0.00 XXX   0 X    0.00 XXX   0 X    0.00 XXX   0 X

GLU 246 A   6.56    68 %    2.43  472   0.26    0   -0.38 TRP 275 A    0.00 XXX   0 X    0.51 GLU 253 A
GLU 246 A                                           -0.21 LYS 273 A    0.00 XXX   0 X   -0.54 LYS 273 A

GLU 253 A   5.66    39 %    1.01  390   0.40    0    0.00 XXX   0 X    0.00 XXX   0 X   -0.24 LYS 273 A

GLU 263 A   3.94    25 %    0.66  350   0.00    0   -0.48 ARG 243 A    0.00 XXX   0 X   -0.25 ARG 285 A
GLU 263 A                                            0.00 XXX   0 X    0.00 XXX   0 X   -0.08 LYS 407 A
GLU 263 A                                            0.00 XXX   0 X    0.00 XXX   0 X   -0.41 ARG 243 A

GLU 305 A   4.19     5 %    0.38  295   0.01    0   -0.47 TYR 303 A    0.00 XXX   0 X   -0.23 ARG 285 A

GLU 320 A   4.56     0 %    0.06  102   0.00    0    0.00 XXX   0 X    0.00 XXX   0 X    0.00 XXX   0 X

GLU 336 A   4.75     0 %    0.25  129   0.00    0    0.00 XXX   0 X    0.00 XXX   0 X    0.00 XXX   0 X

GLU 342 A   4.61     0 %    0.11   86   0.00    0    0.00 XXX   0 X    0.00 XXX   0 X    0.00 XXX   0 X

GLU 358 A   4.62     0 %    0.12  135   0.00    0    0.00 XXX   0 X    0.00 XXX   0 X    0.00 XXX   0 X

GLU 430 A   4.39     0 %    0.19  196   0.00    0    0.00 XXX   0 X    0.00 XXX   0 X   -0.04 LYS 426 A
GLU 430 A                                            0.00 XXX   0 X    0.00 XXX   0 X   -0.25 LYS 460 A

GLU 482 A   3.95     0 %    0.32  170   0.00    0   -0.49 HIS 478 A    0.00 XXX   0 X   -0.04 LYS 479 A
GLU 482 A                                            0.00 XXX   0 X    0.00 XXX   0 X   -0.34 HIS 478 A

GLU 496 A   4.53     0 %    0.03   36   0.00    0    0.00 XXX   0 X    0.00 XXX   0 X    0.00 XXX   0 X

C-  496 A   3.27     0 %    0.10   76   0.00    0    0.00 XXX   0 X    0.00 XXX   0 X   -0.03 LYS 425 A

HIS 167 A   6.38     0 %   -0.12   76   0.00    0    0.00 XXX   0 X    0.00 XXX   0 X    0.00 XXX   0 X

HIS 216 A   6.26     0 %   -0.24  226   0.00    0    0.00 XXX   0 X    0.00 XXX   0 X    0.00 XXX   0 X

HIS 313 A   7.69    37 %   -1.11  384   0.00    0    0.45 ASP 315 A    0.67 SER 293 A   -0.01 LYS 292 A
HIS 313 A                                            0.00 XXX   0 X    0.00 XXX   0 X   -0.04 LYS 317 A
HIS 313 A                                            0.00 XXX   0 X    0.00 XXX   0 X    0.10 ASP 294 A
HIS 313 A                                            0.00 XXX   0 X    0.00 XXX   0 X    0.58 ASP 306 A
HIS 313 A                                            0.00 XXX   0 X    0.00 XXX   0 X    0.53 ASP 315 A

HIS 401 A   6.27     0 %   -0.17  127   0.00    0    0.00 XXX   0 X    0.00 XXX   0 X   -0.06 LYS 397 A

HIS 478 A   7.08     0 %   -0.37  235   0.00    0    0.49 GLU 482 A    0.12 HIS 478 A   -0.01 LYS 479 A
HIS 478 A                                            0.00 XXX   0 X    0.00 XXX   0 X    0.34 GLU 482 A

CYS  11 A  99.99     0 %    0.00    0   0.00    0    0.00 XXX   0 X    0.00 XXX   0 X    0.00 XXX   0 X

CYS  18 A  99.99     0 %    0.00    0   0.00    0    0.00 XXX   0 X    0.00 XXX   0 X    0.00 XXX   0 X

CYS  23 A  99.99     0 %    0.00    0   0.00    0    0.00 XXX   0 X    0.00 XXX   0 X    0.00 XXX   0 X

CYS  33 A  99.99     0 %    0.00    0   0.00    0    0.00 XXX   0 X    0.00 XXX   0 X    0.00 XXX   0 X

CYS  40 A  99.99     0 %    0.00    0   0.00    0    0.00 XXX   0 X    0.00 XXX   0 X    0.00 XXX   0 X

CYS  41 A  99.99     0 %    0.00    0   0.00    0    0.00 XXX   0 X    0.00 XXX   0 X    0.00 XXX   0 X

CYS  58 A   9.12     0 %    0.12   82   0.00    0    0.00 XXX   0 X    0.00 XXX   0 X    0.00 XXX   0 X

CYS  65 A   9.23     0 %    0.23   82   0.00    0    0.00 XXX   0 X    0.00 XXX   0 X    0.00 XXX   0 X

CYS  84 A   9.19     0 %    0.19  147   0.00    0    0.00 XXX   0 X    0.00 XXX   0 X    0.00 XXX   0 X

CYS 218 A   9.29     0 %    0.29  261   0.00    0    0.00 XXX   0 X    0.00 XXX   0 X    0.00 XXX   0 X

CYS 326 A  10.10    20 %    0.62  336   0.00    0    0.00 XXX   0 X    0.00 XXX   0 X   -0.13 LYS 317 A
CYS 326 A                                            0.00 XXX   0 X    0.00 XXX   0 X    0.27 ASP 306 A
CYS 326 A                                            0.00 XXX   0 X    0.00 XXX   0 X    0.34 ASP 315 A

CYS 427 A  99.99     0 %    0.00    0   0.00    0    0.00 XXX   0 X    0.00 XXX   0 X    0.00 XXX   0 X

CYS 464 A  99.99     0 %    0.00    0   0.00    0    0.00 XXX   0 X    0.00 XXX   0 X    0.00 XXX   0 X

TYR   9 A  10.17     0 %    0.13  149   0.00    0    0.00 XXX   0 X    0.00 XXX   0 X    0.04 TYR  10 A

TYR  10 A  10.08     0 %    0.11  162   0.00    0    0.00 XXX   0 X    0.00 XXX   0 X   -0.03 ARG  14 A

TYR  53 A  10.04     0 %    0.04   63   0.00    0    0.00 XXX   0 X    0.00 XXX   0 X    0.00 XXX   0 X

TYR  54 A  10.05     0 %    0.05   86   0.00    0    0.00 XXX   0 X    0.00 XXX   0 X    0.00 XXX   0 X

TYR  59 A  10.04     0 %    0.04   42   0.00    0    0.00 XXX   0 X    0.00 XXX   0 X    0.00 XXX   0 X

TYR  62 A  10.07     0 %    0.07  111   0.00    0    0.00 XXX   0 X    0.00 XXX   0 X    0.00 XXX   0 X

TYR  74 A  10.06     0 %    0.06  106   0.00    0    0.00 XXX   0 X    0.00 XXX   0 X    0.00 XXX   0 X

TYR  87 A  10.08     0 %    0.08  118   0.00    0    0.00 XXX   0 X    0.00 XXX   0 X    0.00 XXX   0 X

TYR  99 A  10.16     0 %    0.16  113   0.00    0    0.00 XXX   0 X    0.00 XXX   0 X    0.00 XXX   0 X

TYR 111 A  10.03     0 %    0.03   75   0.00    0    0.00 XXX   0 X    0.00 XXX   0 X    0.00 XXX   0 X

TYR 120 A  10.11     0 %    0.11  102   0.00    0    0.00 XXX   0 X    0.00 XXX   0 X    0.00 XXX   0 X

TYR 123 A  10.12     0 %    0.12  102   0.00    0    0.00 XXX   0 X    0.00 XXX   0 X    0.00 XXX   0 X

TYR 136 A  10.06     0 %    0.06   94   0.00    0    0.00 XXX   0 X    0.00 XXX   0 X    0.00 XXX   0 X

TYR 146 A  10.04     0 %    0.04   40   0.00    0    0.00 XXX   0 X    0.00 XXX   0 X    0.00 XXX   0 X

TYR 149 A  10.12     0 %    0.12   99   0.00    0    0.00 XXX   0 X    0.00 XXX   0 X    0.00 XXX   0 X

TYR 155 A  10.06     0 %    0.06   93   0.00    0    0.00 XXX   0 X    0.00 XXX   0 X    0.00 XXX   0 X

TYR 161 A  10.05     0 %    0.05   65   0.00    0    0.00 XXX   0 X    0.00 XXX   0 X    0.00 XXX   0 X

TYR 164 A  10.08     0 %    0.08  146   0.00    0    0.00 XXX   0 X    0.00 XXX   0 X    0.00 XXX   0 X

TYR 173 A  10.16     0 %    0.16  137   0.00    0    0.00 XXX   0 X    0.00 XXX   0 X    0.00 XXX   0 X

TYR 180 A  10.05     0 %    0.05   63   0.00    0    0.00 XXX   0 X    0.00 XXX   0 X    0.00 XXX   0 X

TYR 185 A  10.07     0 %    0.07  107   0.00    0    0.00 XXX   0 X    0.00 XXX   0 X    0.00 XXX   0 X

TYR 197 A  10.11     0 %    0.11   98   0.00    0    0.00 XXX   0 X    0.00 XXX   0 X    0.00 XXX   0 X

TYR 217 A  10.21     0 %    0.21  265   0.00    0    0.00 XXX   0 X    0.00 XXX   0 X    0.00 XXX   0 X

TYR 223 A  10.00     0 %    0.16  222   0.00    0    0.00 XXX   0 X    0.00 XXX   0 X   -0.12 ARG 243 A
TYR 223 A                                            0.00 XXX   0 X    0.00 XXX   0 X    0.02 GLU 263 A
TYR 223 A                                            0.00 XXX   0 X    0.00 XXX   0 X   -0.06 LYS 407 A

TYR 272 A  10.54     0 %    0.61  267   0.00    0   -0.48 ARG 274 A    0.00 XXX   0 X   -0.38 ARG 274 A
TYR 272 A                                            0.60 ASP 294 A    0.00 XXX   0 X   -0.18 LYS 292 A
TYR 272 A                                            0.00 XXX   0 X    0.00 XXX   0 X    0.38 ASP 294 A

TYR 303 A  10.94     0 %    0.30  267   0.00    0   -0.10 ASN 325 A    0.00 XXX   0 X   -0.11 ARG 285 A
TYR 303 A                                            0.47 GLU 305 A    0.00 XXX   0 X    0.38 GLU 305 A

TYR 316 A  10.08     0 %    0.08  143   0.00    0    0.00 XXX   0 X    0.00 XXX   0 X    0.00 XXX   0 X

TYR 332 A  10.24     0 %    0.24  202   0.00    0    0.00 XXX   0 X    0.00 XXX   0 X    0.00 XXX   0 X

TYR 346 A  10.08     0 %    0.08  117   0.00    0    0.00 XXX   0 X    0.00 XXX   0 X    0.00 XXX   0 X

TYR 357 A  10.05     0 %    0.05   61   0.00    0    0.00 XXX   0 X    0.00 XXX   0 X    0.00 XXX   0 X

TYR 383 A  10.12     0 %    0.12  117   0.00    0    0.00 XXX   0 X    0.00 XXX   0 X    0.00 XXX   0 X

TYR 394 A  10.04     0 %    0.17  275   0.00    0    0.00 XXX   0 X    0.00 XXX   0 X   -0.17 ARG 285 A
TYR 394 A                                            0.00 XXX   0 X    0.00 XXX   0 X    0.05 GLU 305 A
TYR 394 A                                            0.00 XXX   0 X    0.00 XXX   0 X   -0.02 LYS 397 A

TYR 449 A  10.03     0 %    0.14  182   0.00    0    0.00 XXX   0 X    0.00 XXX   0 X   -0.01 ARG 452 A
TYR 449 A                                            0.00 XXX   0 X    0.00 XXX   0 X   -0.09 LYS 443 A

TYR 468 A  10.22     0 %    0.22  226   0.00    0    0.00 XXX   0 X    0.00 XXX   0 X    0.00 XXX   0 X

LYS   8 A   9.83     0 %   -0.24  216   0.00    0    0.00 XXX   0 X    0.00 XXX   0 X   -0.07 ARG  12 A
LYS   8 A                                            0.00 XXX   0 X    0.00 XXX   0 X   -0.04 ARG  36 A
LYS   8 A                                            0.00 XXX   0 X    0.00 XXX   0 X   -0.32 ARG  38 A

LYS  26 A  10.45     0 %   -0.05   99   0.00    0    0.00 XXX   0 X    0.00 XXX   0 X    0.00 XXX   0 X

LYS  32 A  10.39     0 %   -0.11  177   0.00    0    0.00 XXX   0 X    0.00 XXX   0 X    0.00 XXX   0 X

LYS  39 A  10.29     0 %   -0.17  188   0.00    0    0.00 XXX   0 X    0.00 XXX   0 X   -0.04 LYS  32 A

LYS  44 A  10.39     0 %   -0.25  166   0.00    0    0.00 XXX   0 X    0.00 XXX   0 X    0.01 GLU  27 A
LYS  44 A                                            0.00 XXX   0 X    0.00 XXX   0 X    0.13 GLU  28 A

LYS  45 A  10.23     0 %   -0.09  162   0.00    0    0.00 XXX   0 X    0.00 XXX   0 X    0.02 GLU  28 A
LYS  45 A                                            0.00 XXX   0 X    0.00 XXX   0 X   -0.14 ARG  42 A
LYS  45 A                                            0.00 XXX   0 X    0.00 XXX   0 X   -0.05 ARG 200 A

LYS  50 A  10.46     0 %   -0.04   81   0.00    0    0.00 XXX   0 X    0.00 XXX   0 X    0.00 XXX   0 X

LYS  63 A  10.46     0 %   -0.04   67   0.00    0    0.00 XXX   0 X    0.00 XXX   0 X    0.00 XXX   0 X

LYS  67 A  10.45     0 %   -0.05   86   0.00    0    0.00 XXX   0 X    0.00 XXX   0 X    0.00 XXX   0 X

LYS  82 A  10.46     0 %   -0.04   84   0.00    0    0.00 XXX   0 X    0.00 XXX   0 X    0.00 XXX   0 X

LYS 114 A  10.47     0 %   -0.03   50   0.00    0    0.00 XXX   0 X    0.00 XXX   0 X    0.00 XXX   0 X

LYS 124 A  10.47     0 %   -0.03   48   0.00    0    0.00 XXX   0 X    0.00 XXX   0 X    0.00 XXX   0 X

LYS 174 A  10.39     0 %   -0.11   86   0.00    0    0.00 XXX   0 X    0.00 XXX   0 X    0.00 XXX   0 X

LYS 177 A  10.45     0 %   -0.05   92   0.00    0    0.00 XXX   0 X    0.00 XXX   0 X    0.00 XXX   0 X

LYS 273 A  10.07    42 %   -1.43  399   0.00    0    0.21 GLU 246 A    0.00 XXX   0 X    0.24 GLU 253 A
LYS 273 A                                            0.00 XXX   0 X    0.00 XXX   0 X    0.54 GLU 246 A

LYS 282 A  10.10    27 %   -1.60  356   0.00    0    0.74 ASP 302 A    0.00 XXX   0 X    0.47 ASP 302 A

LYS 292 A  10.72     0 %   -0.21  199   0.00    0    0.00 XXX   0 X    0.00 XXX   0 X   -0.06 ARG 274 A
LYS 292 A                                            0.00 XXX   0 X    0.00 XXX   0 X    0.31 ASP 294 A
LYS 292 A                                            0.00 XXX   0 X    0.00 XXX   0 X    0.18 TYR 272 A

LYS 317 A  10.53     0 %   -0.39  280   0.00    0    0.00 XXX   0 X    0.00 XXX   0 X    0.04 ASP 302 A
LYS 317 A                                            0.00 XXX   0 X    0.00 XXX   0 X    0.25 ASP 315 A
LYS 317 A                                            0.00 XXX   0 X    0.00 XXX   0 X    0.13 CYS 326 A

LYS 323 A  10.45     0 %   -0.08  164   0.00    0    0.00 XXX   0 X    0.00 XXX   0 X    0.03 ASP 321 A

LYS 333 A  10.44     0 %   -0.06  121   0.00    0    0.00 XXX   0 X    0.00 XXX   0 X    0.00 XXX   0 X

LYS 356 A  10.45     0 %   -0.05   75   0.00    0    0.00 XXX   0 X    0.00 XXX   0 X    0.00 XXX   0 X

LYS 359 A  10.46     0 %   -0.04   76   0.00    0    0.00 XXX   0 X    0.00 XXX   0 X    0.00 XXX   0 X

LYS 362 A  10.44     0 %   -0.06   93   0.00    0    0.00 XXX   0 X    0.00 XXX   0 X    0.00 XXX   0 X

LYS 377 A  10.43     0 %   -0.07  119   0.00    0    0.00 XXX   0 X    0.00 XXX   0 X    0.00 XXX   0 X

LYS 381 A  10.46     0 %   -0.04   91   0.00    0    0.00 XXX   0 X    0.00 XXX   0 X    0.00 XXX   0 X

LYS 397 A  10.38     0 %   -0.14  170   0.00    0    0.00 XXX   0 X    0.00 XXX   0 X    0.02 TYR 394 A

LYS 407 A  10.42     0 %   -0.17  244   0.00    0    0.00 XXX   0 X    0.00 XXX   0 X   -0.05 ARG 243 A
LYS 407 A                                            0.00 XXX   0 X    0.00 XXX   0 X    0.08 GLU 263 A
LYS 407 A                                            0.00 XXX   0 X    0.00 XXX   0 X    0.06 TYR 223 A

LYS 408 A  10.45     0 %   -0.05   95   0.00    0    0.00 XXX   0 X    0.00 XXX   0 X    0.00 XXX   0 X

LYS 415 A  10.41     0 %   -0.09   92   0.00    0    0.00 XXX   0 X    0.00 XXX   0 X    0.00 XXX   0 X

LYS 425 A  10.37     0 %   -0.16  230   0.00    0    0.00 XXX   0 X    0.00 XXX   0 X    0.03 C-  496 A

LYS 426 A  10.41     0 %   -0.13  141   0.00    0    0.00 XXX   0 X    0.00 XXX   0 X    0.04 GLU 430 A

LYS 437 A  10.27     0 %   -0.16  202   0.00    0    0.00 XXX   0 X    0.00 XXX   0 X   -0.08 LYS 461 A

LYS 443 A  10.51     0 %   -0.13  177   0.00    0    0.00 XXX   0 X    0.00 XXX   0 X    0.05 ASP 439 A
LYS 443 A                                            0.00 XXX   0 X    0.00 XXX   0 X    0.09 TYR 449 A

LYS 444 A  10.48     0 %   -0.02   56   0.00    0    0.00 XXX   0 X    0.00 XXX   0 X    0.00 XXX   0 X

LYS 459 A  10.40     0 %   -0.10  120   0.00    0    0.00 XXX   0 X    0.00 XXX   0 X    0.00 XXX   0 X

LYS 460 A  10.53     0 %   -0.22  210   0.00    0    0.00 XXX   0 X    0.00 XXX   0 X    0.25 GLU 430 A

LYS 461 A  10.38     0 %   -0.12  229   0.00    0    0.00 XXX   0 X    0.00 XXX   0 X    0.00 XXX   0 X

LYS 462 A  10.41     0 %   -0.09  131   0.00    0    0.00 XXX   0 X    0.00 XXX   0 X    0.00 XXX   0 X

LYS 479 A  10.46     0 %   -0.08  117   0.00    0    0.00 XXX   0 X    0.00 XXX   0 X    0.04 GLU 482 A

LYS 480 A  10.39     0 %   -0.13  170   0.00    0    0.00 XXX   0 X    0.00 XXX   0 X    0.02 ASP 473 A

LYS 491 A  10.43     0 %   -0.07   85   0.00    0    0.00 XXX   0 X    0.00 XXX   0 X    0.00 XXX   0 X

ARG  12 A  12.39     0 %   -0.11  186   0.00    0    0.00 XXX   0 X    0.00 XXX   0 X    0.00 XXX   0 X

ARG  14 A  12.25     0 %   -0.21  230   0.00    0    0.00 XXX   0 X    0.00 XXX   0 X    0.03 TYR  10 A
ARG  14 A                                            0.00 XXX   0 X    0.00 XXX   0 X   -0.07 ARG  42 A

ARG  17 A  12.48     0 %   -0.26  228   0.00    0    0.00 XXX   0 X    0.00 XXX   0 X    0.28 GLU  27 A
ARG  17 A                                            0.00 XXX   0 X    0.00 XXX   0 X   -0.03 ARG  43 A

ARG  36 A  12.44     0 %   -0.06  123   0.00    0    0.00 XXX   0 X    0.00 XXX   0 X    0.00 XXX   0 X

ARG  38 A  12.21     0 %   -0.21  210   0.00    0    0.00 XXX   0 X    0.00 XXX   0 X   -0.08 ARG  36 A

ARG  42 A  12.37     0 %   -0.24  225   0.00    0    0.00 XXX   0 X    0.00 XXX   0 X    0.14 GLU  28 A
ARG  42 A                                            0.00 XXX   0 X    0.00 XXX   0 X   -0.03 ARG 200 A

ARG  43 A  12.55     0 %   -0.10  158   0.00    0    0.00 XXX   0 X    0.00 XXX   0 X    0.15 GLU  27 A

ARG 118 A  12.47     0 %   -0.03   55   0.00    0    0.00 XXX   0 X    0.00 XXX   0 X    0.00 XXX   0 X

ARG 163 A  12.45     0 %   -0.05   98   0.00    0    0.00 XXX   0 X    0.00 XXX   0 X    0.00 XXX   0 X

ARG 166 A  12.47     0 %   -0.03   51   0.00    0    0.00 XXX   0 X    0.00 XXX   0 X    0.00 XXX   0 X

ARG 200 A  12.43     0 %   -0.07  125   0.00    0    0.00 XXX   0 X    0.00 XXX   0 X    0.00 XXX   0 X

ARG 243 A  13.19     8 %   -0.32  304   0.00    0    0.48 GLU 263 A    0.00 XXX   0 X    0.12 TYR 223 A
ARG 243 A                                            0.00 XXX   0 X    0.00 XXX   0 X    0.41 GLU 263 A

ARG 274 A  13.41     0 %   -0.25  250   0.00    0    0.48 TYR 272 A    0.00 XXX   0 X    0.38 TYR 272 A
ARG 274 A                                            0.09 ASP 294 A    0.00 XXX   0 X    0.21 ASP 294 A

ARG 285 A  12.92    12 %   -0.28  316   0.00    0    0.00 XXX   0 X    0.00 XXX   0 X    0.25 GLU 263 A
ARG 285 A                                            0.00 XXX   0 X    0.00 XXX   0 X    0.11 TYR 303 A
ARG 285 A                                            0.00 XXX   0 X    0.00 XXX   0 X    0.23 GLU 305 A
ARG 285 A                                            0.00 XXX   0 X    0.00 XXX   0 X    0.17 TYR 394 A
ARG 285 A                                            0.00 XXX   0 X    0.00 XXX   0 X   -0.06 ARG 243 A

ARG 355 A  12.42     0 %   -0.12  179   0.00    0    0.00 XXX   0 X    0.00 XXX   0 X    0.04 ASP 366 A

ARG 420 A  12.33     0 %   -0.17  268   0.00    0    0.00 XXX   0 X    0.00 XXX   0 X    0.00 XXX   0 X

ARG 448 A  12.46     0 %   -0.04   69   0.00    0    0.00 XXX   0 X    0.00 XXX   0 X    0.00 XXX   0 X

ARG 450 A  12.17     0 %   -0.33  157   0.00    0    0.00 XXX   0 X    0.00 XXX   0 X    0.00 XXX   0 X

ARG 452 A  12.44     0 %   -0.07  105   0.00    0    0.00 XXX   0 X    0.00 XXX   0 X    0.01 TYR 449 A

N+    1 A   7.76     0 %   -0.19  121   0.00    0    0.00 XXX   0 X    0.00 XXX   0 X   -0.05 LYS   8 A


2026-08-25 22:50:31,441 INFO:output.py:227:print_pka_section:pKa summary:
--------------------------------------------------------------------------------------------------------
SUMMARY OF THIS PREDICTION
       Group      pKa  model-pKa   ligand atom-type
   ASP  78 A     3.92       3.80                      
   ASP 107 A     3.54       3.80                      
   ASP 119 A     3.91       3.80                      
   ASP 294 A     3.01       3.80                      
   ASP 302 A     3.95       3.80                      
   ASP 306 A     5.10       3.80                      
   ASP 315 A     3.93       3.80                      
   ASP 321 A     3.99       3.80                      
   ASP 340 A     3.98       3.80                      
   ASP 361 A     3.91       3.80                      
   ASP 366 A     3.88       3.80                      
   ASP 392 A     3.91       3.80                      
   ASP 439 A     3.98       3.80                      
   ASP 467 A     4.19       3.80                      
   ASP 469 A     4.11       3.80                      
   ASP 473 A     4.01       3.80                      
   ASP 488 A     4.10       3.80                      
   GLU  27 A     4.53       4.50                      
   GLU  28 A     4.45       4.50                      
   GLU  46 A     4.57       4.50                      
   GLU 101 A     4.58       4.50                      
   GLU 115 A     4.57       4.50                      
   GLU 151 A     4.59       4.50                      
   GLU 153 A     4.55       4.50                      
   GLU 157 A     4.56       4.50                      
   GLU 175 A     4.62       4.50                      
   GLU 192 A     4.55       4.50                      
   GLU 246 A     6.56       4.50                      
   GLU 253 A     5.66       4.50                      
   GLU 263 A     3.94       4.50                      
   GLU 305 A     4.19       4.50                      
   GLU 320 A     4.56       4.50                      
   GLU 336 A     4.75       4.50                      
   GLU 342 A     4.61       4.50                      
   GLU 358 A     4.62       4.50                      
   GLU 430 A     4.39       4.50                      
   GLU 482 A     3.95       4.50                      
   GLU 496 A     4.53       4.50                      
   C-  496 A     3.27       3.20                      
   HIS 167 A     6.38       6.50                      
   HIS 216 A     6.26       6.50                      
   HIS 313 A     7.69       6.50                      
   HIS 401 A     6.27       6.50                      
   HIS 478 A     7.08       6.50                      
   CYS  11 A    99.99       9.00                      
   CYS  18 A    99.99       9.00                      
   CYS  23 A    99.99       9.00                      
   CYS  33 A    99.99       9.00                      
   CYS  40 A    99.99       9.00                      
   CYS  41 A    99.99       9.00                      
   CYS  58 A     9.12       9.00                      
   CYS  65 A     9.23       9.00                      
   CYS  84 A     9.19       9.00                      
   CYS 218 A     9.29       9.00                      
   CYS 326 A    10.10       9.00                      
   CYS 427 A    99.99       9.00                      
   CYS 464 A    99.99       9.00                      
   TYR   9 A    10.17      10.00                      
   TYR  10 A    10.08      10.00                      
   TYR  53 A    10.04      10.00                      
   TYR  54 A    10.05      10.00                      
   TYR  59 A    10.04      10.00                      
   TYR  62 A    10.07      10.00                      
   TYR  74 A    10.06      10.00                      
   TYR  87 A    10.08      10.00                      
   TYR  99 A    10.16      10.00                      
   TYR 111 A    10.03      10.00                      
   TYR 120 A    10.11      10.00                      
   TYR 123 A    10.12      10.00                      
   TYR 136 A    10.06      10.00                      
   TYR 146 A    10.04      10.00                      
   TYR 149 A    10.12      10.00                      
   TYR 155 A    10.06      10.00                      
   TYR 161 A    10.05      10.00                      
   TYR 164 A    10.08      10.00                      
   TYR 173 A    10.16      10.00                      
   TYR 180 A    10.05      10.00                      
   TYR 185 A    10.07      10.00                      
   TYR 197 A    10.11      10.00                      
   TYR 217 A    10.21      10.00                      
   TYR 223 A    10.00      10.00                      
   TYR 272 A    10.54      10.00                      
   TYR 303 A    10.94      10.00                      
   TYR 316 A    10.08      10.00                      
   TYR 332 A    10.24      10.00                      
   TYR 346 A    10.08      10.00                      
   TYR 357 A    10.05      10.00                      
   TYR 383 A    10.12      10.00                      
   TYR 394 A    10.04      10.00                      
   TYR 449 A    10.03      10.00                      
   TYR 468 A    10.22      10.00                      
   LYS   8 A     9.83      10.50                      
   LYS  26 A    10.45      10.50                      
   LYS  32 A    10.39      10.50                      
   LYS  39 A    10.29      10.50                      
   LYS  44 A    10.39      10.50                      
   LYS  45 A    10.23      10.50                      
   LYS  50 A    10.46      10.50                      
   LYS  63 A    10.46      10.50                      
   LYS  67 A    10.45      10.50                      
   LYS  82 A    10.46      10.50                      
   LYS 114 A    10.47      10.50                      
   LYS 124 A    10.47      10.50                      
   LYS 174 A    10.39      10.50                      
   LYS 177 A    10.45      10.50                      
   LYS 273 A    10.07      10.50                      
   LYS 282 A    10.10      10.50                      
   LYS 292 A    10.72      10.50                      
   LYS 317 A    10.53      10.50                      
   LYS 323 A    10.45      10.50                      
   LYS 333 A    10.44      10.50                      
   LYS 356 A    10.45      10.50                      
   LYS 359 A    10.46      10.50                      
   LYS 362 A    10.44      10.50                      
   LYS 377 A    10.43      10.50                      
   LYS 381 A    10.46      10.50                      
   LYS 397 A    10.38      10.50                      
   LYS 407 A    10.42      10.50                      
   LYS 408 A    10.45      10.50                      
   LYS 415 A    10.41      10.50                      
   LYS 425 A    10.37      10.50                      
   LYS 426 A    10.41      10.50                      
   LYS 437 A    10.27      10.50                      
   LYS 443 A    10.51      10.50                      
   LYS 444 A    10.48      10.50                      
   LYS 459 A    10.40      10.50                      
   LYS 460 A    10.53      10.50                      
   LYS 461 A    10.38      10.50                      
   LYS 462 A    10.41      10.50                      
   LYS 479 A    10.46      10.50                      
   LYS 480 A    10.39      10.50                      
   LYS 491 A    10.43      10.50                      
   ARG  12 A    12.39      12.50                      
   ARG  14 A    12.25      12.50                      
   ARG  17 A    12.48      12.50                      
   ARG  36 A    12.44      12.50                      
   ARG  38 A    12.21      12.50                      
   ARG  42 A    12.37      12.50                      
   ARG  43 A    12.55      12.50                      
   ARG 118 A    12.47      12.50                      
   ARG 163 A    12.45      12.50                      
   ARG 166 A    12.47      12.50                      
   ARG 200 A    12.43      12.50                      
   ARG 243 A    13.19      12.50                      
   ARG 274 A    13.41      12.50                      
   ARG 285 A    12.92      12.50                      
   ARG 355 A    12.42      12.50                      
   ARG 420 A    12.33      12.50                      
   ARG 448 A    12.46      12.50                      
   ARG 450 A    12.17      12.50                      
   ARG 452 A    12.44      12.50                      
   N+    1 A     7.76       8.00                      

2026-08-25 22:50:31,452 INFO:main.py:648:non_trivial:PROPKA information:
--------------------------------------------------------------------------------------------------------
Free energy of   folding (kcal/mol) as a function of pH (using neutral reference)
  0.00     13.50
  1.00     13.50
  2.00     13.50
  3.00     13.58
  4.00     14.82
  5.00     17.68
  6.00     20.09
  7.00     21.60
  8.00     22.56
  9.00     23.54
 10.00     25.30
 11.00     25.64
 12.00     25.29
 13.00     25.32
 14.00     25.88

The pH of optimum stability is  1.9 for which the free energy is   13.5 kcal/mol at 298K
Could not determine pH values where the free energy is within 80 % of minimum
Could not determine the pH-range where the free energy is negative


Protein charge of folded and unfolded state as a function of pH
    pH  unfolded  folded
  0.00     66.00   66.00
  0.10     65.99   65.99
  0.20     65.99   65.99
  0.30     65.99   65.99
  0.40     65.99   65.99
  0.50     65.99   65.99
  0.60     65.98   65.98
  0.70     65.98   65.98
  0.80     65.97   65.97
  0.90     65.97   65.97
  1.00     65.96   65.96
  1.10     65.95   65.95
  1.20     65.94   65.94
  1.30     65.92   65.92
  1.40     65.90   65.90
  1.50     65.87   65.87
  1.60     65.84   65.84
  1.70     65.80   65.80
  1.80     65.75   65.75
  1.90     65.69   65.69
  2.00     65.61   65.61
  2.10     65.51   65.51
  2.20     65.39   65.39
  2.30     65.24   65.25
  2.40     65.05   65.07
  2.50     64.81   64.85
  2.60     64.53   64.58
  2.70     64.18   64.26
  2.80     63.76   63.88
  2.90     63.25   63.42
  3.00     62.64   62.89
  3.10     61.92   62.26
  3.20     61.08   61.52
  3.30     60.11   60.68
  3.40     59.00   59.71
  3.50     57.74   58.62
  3.60     56.35   57.40
  3.70     54.83   56.06
  3.80     53.20   54.59
  3.90     51.46   53.01
  4.00     49.65   51.34
  4.10     47.79   49.61
  4.20     45.90   47.83
  4.30     44.00   46.03
  4.40     42.14   44.24
  4.50     40.33   42.50
  4.60     38.60   40.82
  4.70     36.98   39.22
  4.80     35.48   37.73
  4.90     34.13   36.36
  5.00     32.91   35.11
  5.10     31.85   33.99
  5.20     30.91   32.98
  5.30     30.10   32.08
  5.40     29.40   31.28
  5.50     28.79   30.57
  5.60     28.25   29.93
  5.70     27.77   29.35
  5.80     27.33   28.81
  5.90     26.92   28.31
  6.00     26.53   27.84
  6.10     26.15   27.40
  6.20     25.78   26.97
  6.30     25.41   26.55
  6.40     25.04   26.15
  6.50     24.68   25.77
  6.60     24.33   25.40
  6.70     23.99   25.04
  6.80     23.67   24.70
  6.90     23.37   24.38
  7.00     23.09   24.06
  7.10     22.83   23.76
  7.20     22.59   23.47
  7.30     22.36   23.19
  7.40     22.15   22.91
  7.50     21.94   22.63
  7.60     21.72   22.36
  7.70     21.50   22.09
  7.80     21.27   21.81
  7.90     21.02   21.52
  8.00     20.74   21.23
  8.10     20.43   20.91
  8.20     20.07   20.58
  8.30     19.66   20.20
  8.40     19.19   19.79
  8.50     18.64   19.31
  8.60     18.00   18.76
  8.70     17.26   18.11
  8.80     16.40   17.35
  8.90     15.41   16.45
  9.00     14.25   15.39
  9.10     12.92   14.15
  9.20     11.39   12.69
  9.30      9.62   10.98
  9.40      7.61    9.01
  9.50      5.32    6.73
  9.60      2.74    4.14
  9.70     -0.14    1.22
  9.80     -3.31   -2.03
  9.90     -6.76   -5.59
 10.00    -10.44   -9.42
 10.10    -14.32  -13.47
 10.20    -18.33  -17.66
 10.30    -22.38  -21.91
 10.40    -26.42  -26.12
 10.50    -30.36  -30.21
 10.60    -34.13  -34.11
 10.70    -37.68  -37.75
 10.80    -40.95  -41.09
 10.90    -43.93  -44.10
 11.00    -46.59  -46.79
 11.10    -48.95  -49.17
 11.20    -51.04  -51.26
 11.30    -52.87  -53.10
 11.40    -54.49  -54.74
 11.50    -55.94  -56.20
 11.60    -57.26  -57.53
 11.70    -58.49  -58.77
 11.80    -59.67  -59.96
 11.90    -60.82  -61.12
 12.00    -61.97  -62.26
 12.10    -63.13  -63.41
 12.20    -64.32  -64.56
 12.30    -65.54  -65.72
 12.40    -66.76  -66.86
 12.50    -67.99  -67.99
 12.60    -69.18  -69.08
 12.70    -70.32  -70.13
 12.80    -71.40  -71.10
 12.90    -72.38  -72.01
 13.00    -73.27  -72.83
 13.10    -74.06  -73.58
 13.20    -74.74  -74.24
 13.30    -75.32  -74.82
 13.40    -75.81  -75.33
 13.50    -76.22  -75.77
 13.60    -76.56  -76.15
 13.70    -76.84  -76.48
 13.80    -77.07  -76.75
 13.90    -77.25  -76.98
 14.00    -77.40  -77.17
The pI is  9.74 (folded) and  9.70 (unfolded)

--------------------------------------------------------------------------------------------------------
2026-08-25 22:50:31,452 INFO:biomolecule.py:797:apply_pka_values:Applying pKa values at a pH of 7.00:
2026-08-25 22:50:31,453 INFO:main.py:661:non_trivial:Adding hydrogens to biomolecule.
2026-08-25 22:50:31,584 INFO:main.py:664:non_trivial:Debumping biomolecule (again).
2026-08-25 22:50:31,716 INFO:main.py:666:non_trivial:Optimizing hydrogen bonds
2026-08-25 22:50:31,985 INFO:main.py:678:non_trivial:Applying force field to biomolecule states.
2026-08-25 22:50:31,987 INFO:main.py:725:non_trivial:Regenerating headers.
2026-08-25 22:50:31,988 INFO:main.py:750:non_trivial:Regenerating PDB lines.
2026-08-25 22:50:32,001 WARNING:main.py:326:print_pqr:Ignoring 466 header lines in output.
2026-08-26 07:20:00,327 INFO:main.py:246:print_splash_screen:PDB2PQR v3.7.1: biomolecular structure conversion software.
2026-08-26 07:20:00,327 INFO:main.py:248:print_splash_screen:Please cite:  Jurrus E, et al.  Improvements to the APBS biomolecular solvation software suite.  Protein Sci 27 112-128 (2018).
2026-08-26 07:20:00,327 INFO:main.py:248:print_splash_screen:Please cite:  Dolinsky TJ, et al.  PDB2PQR: expanding and upgrading automated preparation of biomolecular structures for molecular simulations. Nucleic Acids Res 35 W522-W525 (2007).
2026-08-26 07:20:00,327 INFO:main.py:770:main_driver:Checking and transforming input arguments.
2026-08-26 07:20:00,327 INFO:main.py:774:main_driver:Loading topology files.
2026-08-26 07:20:00,362 INFO:main.py:776:main_driver:Loading molecule: /Users/nek/Desktop/School/Research/Step_Outputs/Phase2/StepC/Supplementary_Archive/Vax_Final_a6aaa7d2_phenix_pass1.pdb
2026-08-26 07:20:00,363 ERROR:pdb.py:2605:read_pdb:Warning -- ignoring record:
2026-08-26 07:20:00,363 ERROR:pdb.py:2606:read_pdb:<SSBOND   1 CYS A   11    CYS A   40>
2026-08-26 07:20:00,363 ERROR:pdb.py:2605:read_pdb:Warning -- ignoring record:
2026-08-26 07:20:00,363 ERROR:pdb.py:2606:read_pdb:<SSBOND   2 CYS A   18    CYS A   33>
2026-08-26 07:20:00,363 ERROR:pdb.py:2605:read_pdb:Warning -- ignoring record:
2026-08-26 07:20:00,363 ERROR:pdb.py:2606:read_pdb:<SSBOND   3 CYS A   23    CYS A   41>
2026-08-26 07:20:00,363 ERROR:pdb.py:2605:read_pdb:Warning -- ignoring record:
2026-08-26 07:20:00,367 ERROR:pdb.py:2606:read_pdb:<SSBOND   4 CYS A  427    CYS A  464>
2026-08-26 07:20:00,379 INFO:main.py:781:main_driver:Setting up molecule.
2026-08-26 07:20:00,397 INFO:main.py:423:setup_molecule:Created biomolecule object with 496 residues and 3794 atoms.
2026-08-26 07:20:00,398 INFO:main.py:785:main_driver:Setting termini states for biomolecule chains.
2026-08-26 07:20:00,403 INFO:main.py:616:non_trivial:Loading forcefield.
2026-08-26 07:20:00,408 INFO:main.py:620:non_trivial:Loading hydrogen topology definitions.
2026-08-26 07:20:00,411 INFO:main.py:474:is_repairable:This biomolecule is clean.  No repair needed.
2026-08-26 07:20:00,411 INFO:main.py:635:non_trivial:Updating disulfide bridges.
2026-08-26 07:20:00,412 INFO:main.py:638:non_trivial:Debumping biomolecule.
2026-08-26 07:20:00,471 INFO:main.py:645:non_trivial:Assigning titration states with PROPKA.
2026-08-26 07:20:00,488 INFO:output.py:74:print_header:
propka3.5.1                                                                                  2026-08-26

-------------------------------------------------------------------------------
--                                                                           --
--  PROPKA: A PROTEIN PKA PREDICTOR                                          --
--                                                                           --
--  VERSION 1.0,  04/25/2004,  IOWA CITY                                     --
--  BY HUI LI                                                                --
--                                                                           --
--  VERSION 2.0,  11/05/2007, IOWA CITY/COPENHAGEN                           --
--  BY DELPHINE C. BAS AND DAVID M. ROGERS                                   --
--                                                                           --
--  VERSION 3.0,  01/06/2011, COPENHAGEN                                     --
--  BY MATS H.M. OLSSON AND CHRESTEN R. SONDERGARD                           --
--                                                                           --
--  VERSION 3.1,  07/01/2011, COPENHAGEN                                     --
--  BY CHRESTEN R. SONDERGARD AND MATS H.M. OLSSON                           --
--                                                                           --
--  VERSION 3.2,  06/17/2020, PLANET EARTH                                   --
--  SEE ABOVE FOR AUTHORS                                                    --
--                                                                           --
-------------------------------------------------------------------------------


-------------------------------------------------------------------------------
References:

Very Fast Empirical Prediction and Rationalization of Protein pKa Values.
Hui Li, Andrew D. Robertson and Jan H. Jensen. PROTEINS: Structure, Function,
and Bioinformatics. 61:704-721 (2005)

Very Fast Prediction and Rationalization of pKa Values for Protein-Ligand
Complexes.  Delphine C. Bas, David M. Rogers and Jan H. Jensen.  PROTEINS:
Structure, Function, and Bioinformatics 73:765-783 (2008)

PROPKA3: Consistent Treatment of Internal and Surface Residues in Empirical
pKa predictions.  Mats H.M. Olsson, Chresten R. Sondergard, Michal Rostkowski,
and Jan H. Jensen.  Journal of Chemical Theory and Computation, 7(2):525-537
(2011)

Improved Treatment of Ligands and Coupling Effects in Empirical Calculation
and Rationalization of pKa Values.  Chresten R. Sondergaard, Mats H.M. Olsson,
Michal Rostkowski, and Jan H. Jensen.  Journal of Chemical Theory and
Computation, (2011)
-------------------------------------------------------------------------------



2026-08-26 07:20:00,563 INFO:conformation_container.py:124:find_covalently_coupled_groups:Coupling map:

2026-08-26 07:20:00,563 INFO:conformation_container.py:213:calculate_pka:Calculating pKas for Conformation container 1A with 4440 atoms and 1200 groups
2026-08-26 07:20:01,137 INFO:output.py:225:print_pka_section:pKa determinants:

---------  -----   ------   ---------------------    --------------    --------------    --------------
                            DESOLVATION  EFFECTS       SIDECHAIN          BACKBONE        COULOMBIC
 RESIDUE    pKa    BURIED     REGULAR      RE        HYDROGEN BOND     HYDROGEN BOND      INTERACTION
---------  -----   ------   ---------   ---------    --------------    --------------    --------------

ASP  78 A   4.02     0 %    0.29  109   0.00    0   -0.08 SER  80 A    0.00 XXX   0 X    0.00 XXX   0 X

ASP 107 A   3.65     0 %    0.20   93   0.00    0   -0.35 THR 104 A    0.00 XXX   0 X    0.00 XXX   0 X

ASP 119 A   3.91     0 %    0.11   57   0.00    0    0.00 XXX   0 X    0.00 XXX   0 X    0.00 XXX   0 X

ASP 294 A   2.41     0 %    0.51  278   0.00    0   -0.22 ARG 274 A    0.00 XXX   0 X   -0.22 ARG 274 A
ASP 294 A                                           -0.47 SER 314 A    0.00 XXX   0 X   -0.29 LYS 292 A
ASP 294 A                                           -0.60 TYR 272 A    0.00 XXX   0 X   -0.10 HIS 313 A

ASP 302 A   4.22    26 %    1.44  355   0.20    0   -0.71 LYS 282 A    0.00 XXX   0 X   -0.05 LYS 317 A
ASP 302 A                                            0.00 XXX   0 X    0.00 XXX   0 X    0.01 ASP 315 A
ASP 302 A                                            0.00 XXX   0 X    0.00 XXX   0 X    0.01 ASP 321 A
ASP 302 A                                            0.00 XXX   0 X    0.00 XXX   0 X   -0.49 LYS 282 A

ASP 306 A   5.31    47 %    1.63  412   0.10    0   -0.01 HIS 313 A    0.00 XXX   0 X   -0.01 LYS 317 A
ASP 306 A                                            0.00 XXX   0 X    0.00 XXX   0 X    0.06 GLU 305 A
ASP 306 A                                            0.00 XXX   0 X    0.00 XXX   0 X    0.32 ASP 315 A
ASP 306 A                                            0.00 XXX   0 X    0.00 XXX   0 X   -0.58 HIS 313 A

ASP 315 A   4.11    32 %    1.26  371   0.04    0   -0.26 HIS 313 A    0.00 XXX   0 X   -0.22 LYS 317 A
ASP 315 A                                            0.00 XXX   0 X    0.00 XXX   0 X    0.03 ASP 294 A
ASP 315 A                                            0.00 XXX   0 X    0.00 XXX   0 X   -0.53 HIS 313 A

ASP 321 A   3.98     0 %    0.21  150   0.00    0    0.00 XXX   0 X    0.00 XXX   0 X   -0.03 LYS 323 A

ASP 340 A   3.98     0 %    0.18   81   0.00    0    0.00 XXX   0 X    0.00 XXX   0 X    0.00 XXX   0 X

ASP 361 A   3.91     0 %    0.11   72   0.00    0    0.00 XXX   0 X    0.00 XXX   0 X    0.00 XXX   0 X

ASP 366 A   3.88     0 %    0.11  106   0.00    0    0.00 XXX   0 X    0.00 XXX   0 X   -0.04 ARG 355 A

ASP 392 A   3.91     0 %    0.11  105   0.00    0    0.00 XXX   0 X    0.00 XXX   0 X    0.00 XXX   0 X

ASP 439 A   3.51     0 %    0.27  140   0.00    0   -0.53 ASN 436 A    0.00 XXX   0 X   -0.03 LYS 443 A

ASP 467 A   4.18     0 %    0.36  252   0.00    0    0.00 XXX   0 X    0.00 XXX   0 X    0.03 ASP 469 A

ASP 469 A   4.12     0 %    0.27  189   0.00    0    0.00 XXX   0 X    0.00 XXX   0 X    0.04 ASP 473 A

ASP 473 A   4.00     0 %    0.22  202   0.00    0    0.00 XXX   0 X    0.00 XXX   0 X   -0.02 LYS 480 A

ASP 488 A   4.11     0 %    0.31  126   0.00    0    0.00 XXX   0 X    0.00 XXX   0 X    0.00 XXX   0 X

GLU  27 A   4.48     0 %    0.56  240   0.00    0    0.00 XXX   0 X   -0.13 LEU  24 A   -0.29 ARG  17 A
GLU  27 A                                            0.00 XXX   0 X    0.00 XXX   0 X   -0.15 ARG  43 A
GLU  27 A                                            0.00 XXX   0 X    0.00 XXX   0 X   -0.01 LYS  44 A

GLU  28 A   4.44     0 %    0.23  196   0.00    0    0.00 XXX   0 X    0.00 XXX   0 X   -0.14 ARG  42 A
GLU  28 A                                            0.00 XXX   0 X    0.00 XXX   0 X   -0.14 LYS  44 A
GLU  28 A                                            0.00 XXX   0 X    0.00 XXX   0 X   -0.02 LYS  45 A

GLU  46 A   4.57     0 %    0.07  110   0.00    0    0.00 XXX   0 X    0.00 XXX   0 X    0.00 XXX   0 X

GLU 101 A   4.58     0 %    0.08  110   0.00    0    0.00 XXX   0 X    0.00 XXX   0 X    0.00 XXX   0 X

GLU 115 A   4.57     0 %    0.07   57   0.00    0    0.00 XXX   0 X    0.00 XXX   0 X    0.00 XXX   0 X

GLU 151 A   4.58     0 %    0.08   59   0.00    0    0.00 XXX   0 X    0.00 XXX   0 X    0.00 XXX   0 X

GLU 153 A   4.55     0 %    0.05   69   0.00    0    0.00 XXX   0 X    0.00 XXX   0 X    0.00 XXX   0 X

GLU 157 A   4.56     0 %    0.06   64   0.00    0    0.00 XXX   0 X    0.00 XXX   0 X    0.00 XXX   0 X

GLU 175 A   4.63     0 %    0.13  109   0.00    0    0.00 XXX   0 X    0.00 XXX   0 X    0.00 XXX   0 X

GLU 192 A   4.55     0 %    0.05   51   0.00    0    0.00 XXX   0 X    0.00 XXX   0 X    0.00 XXX   0 X

GLU 246 A   6.92    67 %    2.36  470   0.35    0   -0.09 TRP 275 A    0.00 XXX   0 X    0.41 GLU 253 A
GLU 246 A                                           -0.10 LYS 273 A    0.00 XXX   0 X   -0.51 LYS 273 A

GLU 253 A   5.61    37 %    0.91  385   0.41    0    0.00 XXX   0 X    0.00 XXX   0 X   -0.21 LYS 273 A

GLU 263 A   3.69    22 %    0.60  342   0.00    0   -0.66 ARG 243 A    0.00 XXX   0 X   -0.28 ARG 285 A
GLU 263 A                                            0.00 XXX   0 X    0.00 XXX   0 X   -0.07 LYS 407 A
GLU 263 A                                            0.00 XXX   0 X    0.00 XXX   0 X   -0.40 ARG 243 A

GLU 305 A   4.69     7 %    0.38  300   0.02    0    0.00 XXX   0 X    0.00 XXX   0 X   -0.22 ARG 285 A
GLU 305 A                                            0.00 XXX   0 X    0.00 XXX   0 X    0.01 GLU 263 A

GLU 320 A   4.56     0 %    0.06  102   0.00    0    0.00 XXX   0 X    0.00 XXX   0 X    0.00 XXX   0 X

GLU 336 A   4.74     0 %    0.24  126   0.00    0    0.00 XXX   0 X    0.00 XXX   0 X    0.00 XXX   0 X

GLU 342 A   4.61     0 %    0.11   87   0.00    0    0.00 XXX   0 X    0.00 XXX   0 X    0.00 XXX   0 X

GLU 358 A   4.62     0 %    0.12  138   0.00    0    0.00 XXX   0 X    0.00 XXX   0 X    0.00 XXX   0 X

GLU 430 A   4.39     0 %    0.18  194   0.00    0    0.00 XXX   0 X    0.00 XXX   0 X   -0.04 LYS 426 A
GLU 430 A                                            0.00 XXX   0 X    0.00 XXX   0 X   -0.25 LYS 460 A

GLU 482 A   3.99     0 %    0.31  168   0.00    0   -0.45 HIS 478 A    0.00 XXX   0 X   -0.03 LYS 479 A
GLU 482 A                                            0.00 XXX   0 X    0.00 XXX   0 X   -0.34 HIS 478 A

GLU 496 A   4.53     0 %    0.03   36   0.00    0    0.00 XXX   0 X    0.00 XXX   0 X    0.00 XXX   0 X

C-  496 A   3.26     0 %    0.10   80   0.00    0    0.00 XXX   0 X    0.00 XXX   0 X   -0.04 LYS 425 A

HIS 167 A   6.38     0 %   -0.12   78   0.00    0    0.00 XXX   0 X    0.00 XXX   0 X    0.00 XXX   0 X

HIS 216 A   6.28     0 %   -0.22  223   0.00    0    0.00 XXX   0 X    0.00 XXX   0 X    0.00 XXX   0 X

HIS 313 A   7.41    37 %   -1.18  385   0.00    0    0.01 ASP 306 A    0.64 SER 293 A   -0.01 LYS 292 A
HIS 313 A                                            0.26 ASP 315 A    0.00 XXX   0 X   -0.03 LYS 317 A
HIS 313 A                                            0.00 XXX   0 X    0.00 XXX   0 X    0.10 ASP 294 A
HIS 313 A                                            0.00 XXX   0 X    0.00 XXX   0 X    0.58 ASP 306 A
HIS 313 A                                            0.00 XXX   0 X    0.00 XXX   0 X    0.53 ASP 315 A

HIS 401 A   6.27     0 %   -0.17  125   0.00    0    0.00 XXX   0 X    0.00 XXX   0 X   -0.06 LYS 397 A

HIS 478 A   7.03     0 %   -0.37  235   0.00    0    0.45 GLU 482 A    0.12 HIS 478 A   -0.01 LYS 479 A
HIS 478 A                                            0.00 XXX   0 X    0.00 XXX   0 X    0.34 GLU 482 A

CYS  11 A  99.99     0 %    0.00    0   0.00    0    0.00 XXX   0 X    0.00 XXX   0 X    0.00 XXX   0 X

CYS  18 A  99.99     0 %    0.00    0   0.00    0    0.00 XXX   0 X    0.00 XXX   0 X    0.00 XXX   0 X

CYS  23 A  99.99     0 %    0.00    0   0.00    0    0.00 XXX   0 X    0.00 XXX   0 X    0.00 XXX   0 X

CYS  33 A  99.99     0 %    0.00    0   0.00    0    0.00 XXX   0 X    0.00 XXX   0 X    0.00 XXX   0 X

CYS  40 A  99.99     0 %    0.00    0   0.00    0    0.00 XXX   0 X    0.00 XXX   0 X    0.00 XXX   0 X

CYS  41 A  99.99     0 %    0.00    0   0.00    0    0.00 XXX   0 X    0.00 XXX   0 X    0.00 XXX   0 X

CYS  58 A   9.10     0 %    0.10   70   0.00    0    0.00 XXX   0 X    0.00 XXX   0 X    0.00 XXX   0 X

CYS  65 A   9.23     0 %    0.23   86   0.00    0    0.00 XXX   0 X    0.00 XXX   0 X    0.00 XXX   0 X

CYS  84 A   9.19     0 %    0.19  146   0.00    0    0.00 XXX   0 X    0.00 XXX   0 X    0.00 XXX   0 X

CYS 218 A   9.26     0 %    0.26  253   0.00    0    0.00 XXX   0 X    0.00 XXX   0 X    0.00 XXX   0 X

CYS 326 A  10.11    19 %    0.59  334   0.00    0    0.00 XXX   0 X    0.00 XXX   0 X   -0.12 LYS 317 A
CYS 326 A                                            0.00 XXX   0 X    0.00 XXX   0 X    0.31 ASP 306 A
CYS 326 A                                            0.00 XXX   0 X    0.00 XXX   0 X    0.32 ASP 315 A

CYS 427 A  99.99     0 %    0.00    0   0.00    0    0.00 XXX   0 X    0.00 XXX   0 X    0.00 XXX   0 X

CYS 464 A  99.99     0 %    0.00    0   0.00    0    0.00 XXX   0 X    0.00 XXX   0 X    0.00 XXX   0 X

TYR   9 A  10.17     0 %    0.13  149   0.00    0    0.00 XXX   0 X    0.00 XXX   0 X    0.04 TYR  10 A

TYR  10 A  10.08     0 %    0.11  160   0.00    0    0.00 XXX   0 X    0.00 XXX   0 X   -0.03 ARG  14 A

TYR  53 A  10.04     0 %    0.04   58   0.00    0    0.00 XXX   0 X    0.00 XXX   0 X    0.00 XXX   0 X

TYR  54 A  10.04     0 %    0.04   81   0.00    0    0.00 XXX   0 X    0.00 XXX   0 X    0.00 XXX   0 X

TYR  59 A  10.04     0 %    0.04   44   0.00    0    0.00 XXX   0 X    0.00 XXX   0 X    0.00 XXX   0 X

TYR  62 A  10.07     0 %    0.07  112   0.00    0    0.00 XXX   0 X    0.00 XXX   0 X    0.00 XXX   0 X

TYR  74 A  10.07     0 %    0.07  108   0.00    0    0.00 XXX   0 X    0.00 XXX   0 X    0.00 XXX   0 X

TYR  87 A  10.08     0 %    0.08  114   0.00    0    0.00 XXX   0 X    0.00 XXX   0 X    0.00 XXX   0 X

TYR  99 A  10.17     0 %    0.17  117   0.00    0    0.00 XXX   0 X    0.00 XXX   0 X    0.00 XXX   0 X

TYR 111 A  10.03     0 %    0.03   76   0.00    0    0.00 XXX   0 X    0.00 XXX   0 X    0.00 XXX   0 X

TYR 120 A  10.10     0 %    0.10  103   0.00    0    0.00 XXX   0 X    0.00 XXX   0 X    0.00 XXX   0 X

TYR 123 A  10.14     0 %    0.14  101   0.00    0    0.00 XXX   0 X    0.00 XXX   0 X    0.00 XXX   0 X

TYR 136 A  10.07     0 %    0.07   94   0.00    0    0.00 XXX   0 X    0.00 XXX   0 X    0.00 XXX   0 X

TYR 146 A  10.05     0 %    0.05   40   0.00    0    0.00 XXX   0 X    0.00 XXX   0 X    0.00 XXX   0 X

TYR 149 A  10.13     0 %    0.13  103   0.00    0    0.00 XXX   0 X    0.00 XXX   0 X    0.00 XXX   0 X

TYR 155 A  10.06     0 %    0.06   93   0.00    0    0.00 XXX   0 X    0.00 XXX   0 X    0.00 XXX   0 X

TYR 161 A  10.05     0 %    0.05   65   0.00    0    0.00 XXX   0 X    0.00 XXX   0 X    0.00 XXX   0 X

TYR 164 A  10.08     0 %    0.08  144   0.00    0    0.00 XXX   0 X    0.00 XXX   0 X    0.00 XXX   0 X

TYR 173 A  10.17     0 %    0.17  137   0.00    0    0.00 XXX   0 X    0.00 XXX   0 X    0.00 XXX   0 X

TYR 180 A  10.05     0 %    0.05   63   0.00    0    0.00 XXX   0 X    0.00 XXX   0 X    0.00 XXX   0 X

TYR 185 A  10.07     0 %    0.07  107   0.00    0    0.00 XXX   0 X    0.00 XXX   0 X    0.00 XXX   0 X

TYR 197 A  10.11     0 %    0.11   97   0.00    0    0.00 XXX   0 X    0.00 XXX   0 X    0.00 XXX   0 X

TYR 217 A  10.22     0 %    0.22  262   0.00    0    0.00 XXX   0 X    0.00 XXX   0 X    0.00 XXX   0 X

TYR 223 A   9.95     0 %    0.15  218   0.00    0    0.00 XXX   0 X    0.00 XXX   0 X   -0.13 ARG 243 A
TYR 223 A                                            0.00 XXX   0 X    0.00 XXX   0 X    0.01 GLU 263 A
TYR 223 A                                            0.00 XXX   0 X    0.00 XXX   0 X   -0.08 LYS 407 A

TYR 272 A  10.59     0 %    0.58  266   0.00    0   -0.44 ARG 274 A    0.00 XXX   0 X   -0.38 ARG 274 A
TYR 272 A                                            0.60 ASP 294 A    0.00 XXX   0 X   -0.14 LYS 292 A
TYR 272 A                                            0.00 XXX   0 X    0.00 XXX   0 X    0.38 ASP 294 A

TYR 303 A  10.38     0 %    0.22  256   0.00    0    0.00 XXX   0 X    0.00 XXX   0 X   -0.12 ARG 285 A
TYR 303 A                                            0.00 XXX   0 X    0.00 XXX   0 X    0.29 GLU 305 A
TYR 303 A                                            0.00 XXX   0 X    0.00 XXX   0 X   -0.02 LYS 323 A

TYR 316 A  10.08     0 %    0.08  142   0.00    0    0.00 XXX   0 X    0.00 XXX   0 X    0.00 XXX   0 X

TYR 332 A  10.24     0 %    0.24  205   0.00    0    0.00 XXX   0 X    0.00 XXX   0 X    0.00 XXX   0 X

TYR 346 A  10.08     0 %    0.08  118   0.00    0    0.00 XXX   0 X    0.00 XXX   0 X    0.00 XXX   0 X

TYR 357 A  10.05     0 %    0.05   61   0.00    0    0.00 XXX   0 X    0.00 XXX   0 X    0.00 XXX   0 X

TYR 383 A  10.12     0 %    0.12  117   0.00    0    0.00 XXX   0 X    0.00 XXX   0 X    0.00 XXX   0 X

TYR 394 A  10.06     0 %    0.18  277   0.00    0    0.00 XXX   0 X    0.00 XXX   0 X    0.01 GLU 263 A
TYR 394 A                                            0.00 XXX   0 X    0.00 XXX   0 X   -0.17 ARG 285 A
TYR 394 A                                            0.00 XXX   0 X    0.00 XXX   0 X    0.06 GLU 305 A
TYR 394 A                                            0.00 XXX   0 X    0.00 XXX   0 X   -0.02 LYS 397 A

TYR 449 A  10.08     0 %    0.15  192   0.00    0    0.00 XXX   0 X    0.00 XXX   0 X   -0.00 ARG 452 A
TYR 449 A                                            0.00 XXX   0 X    0.00 XXX   0 X   -0.06 LYS 443 A

TYR 468 A  10.22     0 %    0.22  225   0.00    0    0.00 XXX   0 X    0.00 XXX   0 X    0.00 XXX   0 X

LYS   8 A   9.84     0 %   -0.24  216   0.00    0    0.00 XXX   0 X    0.00 XXX   0 X   -0.06 ARG  12 A
LYS   8 A                                            0.00 XXX   0 X    0.00 XXX   0 X   -0.04 ARG  36 A
LYS   8 A                                            0.00 XXX   0 X    0.00 XXX   0 X   -0.32 ARG  38 A

LYS  26 A  10.45     0 %   -0.05   99   0.00    0    0.00 XXX   0 X    0.00 XXX   0 X    0.00 XXX   0 X

LYS  32 A  10.39     0 %   -0.11  178   0.00    0    0.00 XXX   0 X    0.00 XXX   0 X    0.00 XXX   0 X

LYS  39 A  10.29     0 %   -0.16  188   0.00    0    0.00 XXX   0 X    0.00 XXX   0 X   -0.04 LYS  32 A

LYS  44 A  10.40     0 %   -0.25  165   0.00    0    0.00 XXX   0 X    0.00 XXX   0 X    0.01 GLU  27 A
LYS  44 A                                            0.00 XXX   0 X    0.00 XXX   0 X    0.14 GLU  28 A

LYS  45 A  10.20     0 %   -0.09  166   0.00    0    0.00 XXX   0 X    0.00 XXX   0 X    0.02 GLU  28 A
LYS  45 A                                            0.00 XXX   0 X    0.00 XXX   0 X   -0.16 ARG  42 A
LYS  45 A                                            0.00 XXX   0 X    0.00 XXX   0 X   -0.06 ARG 200 A

LYS  50 A  10.46     0 %   -0.04   74   0.00    0    0.00 XXX   0 X    0.00 XXX   0 X    0.00 XXX   0 X

LYS  63 A  10.46     0 %   -0.04   66   0.00    0    0.00 XXX   0 X    0.00 XXX   0 X    0.00 XXX   0 X

LYS  67 A  10.45     0 %   -0.05   86   0.00    0    0.00 XXX   0 X    0.00 XXX   0 X    0.00 XXX   0 X

LYS  82 A  10.46     0 %   -0.04   84   0.00    0    0.00 XXX   0 X    0.00 XXX   0 X    0.00 XXX   0 X

LYS 114 A  10.47     0 %   -0.03   51   0.00    0    0.00 XXX   0 X    0.00 XXX   0 X    0.00 XXX   0 X

LYS 124 A  10.47     0 %   -0.03   48   0.00    0    0.00 XXX   0 X    0.00 XXX   0 X    0.00 XXX   0 X

LYS 174 A  10.38     0 %   -0.12   87   0.00    0    0.00 XXX   0 X    0.00 XXX   0 X    0.00 XXX   0 X

LYS 177 A  10.45     0 %   -0.05   92   0.00    0    0.00 XXX   0 X    0.00 XXX   0 X    0.00 XXX   0 X

LYS 273 A   9.88    42 %   -1.44  400   0.00    0    0.10 GLU 246 A    0.00 XXX   0 X    0.21 GLU 253 A
LYS 273 A                                            0.00 XXX   0 X    0.00 XXX   0 X    0.51 GLU 246 A

LYS 282 A  10.07    28 %   -1.63  360   0.00    0    0.71 ASP 302 A    0.00 XXX   0 X    0.49 ASP 302 A

LYS 292 A  10.70     0 %   -0.19  197   0.00    0    0.00 XXX   0 X    0.00 XXX   0 X   -0.05 ARG 274 A
LYS 292 A                                            0.00 XXX   0 X    0.00 XXX   0 X    0.29 ASP 294 A
LYS 292 A                                            0.00 XXX   0 X    0.00 XXX   0 X    0.14 TYR 272 A

LYS 317 A  10.48     0 %   -0.42  280   0.00    0    0.00 XXX   0 X    0.00 XXX   0 X    0.05 ASP 302 A
LYS 317 A                                            0.00 XXX   0 X    0.00 XXX   0 X    0.01 ASP 306 A
LYS 317 A                                            0.00 XXX   0 X    0.00 XXX   0 X    0.22 ASP 315 A
LYS 317 A                                            0.00 XXX   0 X    0.00 XXX   0 X    0.12 CYS 326 A

LYS 323 A  10.46     0 %   -0.09  168   0.00    0    0.00 XXX   0 X    0.00 XXX   0 X    0.03 ASP 321 A
LYS 323 A                                            0.00 XXX   0 X    0.00 XXX   0 X    0.02 TYR 303 A

LYS 333 A  10.44     0 %   -0.06  119   0.00    0    0.00 XXX   0 X    0.00 XXX   0 X    0.00 XXX   0 X

LYS 356 A  10.44     0 %   -0.06   75   0.00    0    0.00 XXX   0 X    0.00 XXX   0 X    0.00 XXX   0 X

LYS 359 A  10.46     0 %   -0.04   76   0.00    0    0.00 XXX   0 X    0.00 XXX   0 X    0.00 XXX   0 X

LYS 362 A  10.44     0 %   -0.06   91   0.00    0    0.00 XXX   0 X    0.00 XXX   0 X    0.00 XXX   0 X

LYS 377 A  10.43     0 %   -0.07  116   0.00    0    0.00 XXX   0 X    0.00 XXX   0 X    0.00 XXX   0 X

LYS 381 A  10.46     0 %   -0.04   91   0.00    0    0.00 XXX   0 X    0.00 XXX   0 X    0.00 XXX   0 X

LYS 397 A  10.37     0 %   -0.15  168   0.00    0    0.00 XXX   0 X    0.00 XXX   0 X    0.02 TYR 394 A

LYS 407 A  10.43     0 %   -0.17  248   0.00    0    0.00 XXX   0 X    0.00 XXX   0 X   -0.04 ARG 243 A
LYS 407 A                                            0.00 XXX   0 X    0.00 XXX   0 X    0.07 GLU 263 A
LYS 407 A                                            0.00 XXX   0 X    0.00 XXX   0 X    0.08 TYR 223 A

LYS 408 A  10.45     0 %   -0.05   96   0.00    0    0.00 XXX   0 X    0.00 XXX   0 X    0.00 XXX   0 X

LYS 415 A  10.41     0 %   -0.09   94   0.00    0    0.00 XXX   0 X    0.00 XXX   0 X    0.00 XXX   0 X

LYS 425 A  10.38     0 %   -0.15  228   0.00    0    0.00 XXX   0 X    0.00 XXX   0 X    0.04 C-  496 A

LYS 426 A  10.41     0 %   -0.13  138   0.00    0    0.00 XXX   0 X    0.00 XXX   0 X    0.04 GLU 430 A

LYS 437 A  10.31     0 %   -0.13  192   0.00    0    0.00 XXX   0 X    0.00 XXX   0 X   -0.06 LYS 461 A

LYS 443 A  10.50     0 %   -0.10  155   0.00    0    0.00 XXX   0 X    0.00 XXX   0 X    0.03 ASP 439 A
LYS 443 A                                            0.00 XXX   0 X    0.00 XXX   0 X    0.06 TYR 449 A

LYS 444 A  10.48     0 %   -0.02   56   0.00    0    0.00 XXX   0 X    0.00 XXX   0 X    0.00 XXX   0 X

LYS 459 A  10.40     0 %   -0.10  121   0.00    0    0.00 XXX   0 X    0.00 XXX   0 X    0.00 XXX   0 X

LYS 460 A  10.54     0 %   -0.21  208   0.00    0    0.00 XXX   0 X    0.00 XXX   0 X    0.25 GLU 430 A

LYS 461 A  10.38     0 %   -0.12  229   0.00    0    0.00 XXX   0 X    0.00 XXX   0 X    0.00 XXX   0 X

LYS 462 A  10.41     0 %   -0.09  133   0.00    0    0.00 XXX   0 X    0.00 XXX   0 X    0.00 XXX   0 X

LYS 479 A  10.45     0 %   -0.08  120   0.00    0    0.00 XXX   0 X    0.00 XXX   0 X    0.03 GLU 482 A

LYS 480 A  10.39     0 %   -0.13  172   0.00    0    0.00 XXX   0 X    0.00 XXX   0 X    0.02 ASP 473 A

LYS 491 A  10.43     0 %   -0.07   85   0.00    0    0.00 XXX   0 X    0.00 XXX   0 X    0.00 XXX   0 X

ARG  12 A  12.39     0 %   -0.11  185   0.00    0    0.00 XXX   0 X    0.00 XXX   0 X    0.00 XXX   0 X

ARG  14 A  12.25     0 %   -0.21  228   0.00    0    0.00 XXX   0 X    0.00 XXX   0 X    0.03 TYR  10 A
ARG  14 A                                            0.00 XXX   0 X    0.00 XXX   0 X   -0.07 ARG  42 A

ARG  17 A  12.49     0 %   -0.27  229   0.00    0    0.00 XXX   0 X    0.00 XXX   0 X    0.29 GLU  27 A
ARG  17 A                                            0.00 XXX   0 X    0.00 XXX   0 X   -0.03 ARG  43 A

ARG  36 A  12.44     0 %   -0.06  122   0.00    0    0.00 XXX   0 X    0.00 XXX   0 X    0.00 XXX   0 X

ARG  38 A  12.22     0 %   -0.20  209   0.00    0    0.00 XXX   0 X    0.00 XXX   0 X   -0.08 ARG  36 A

ARG  42 A  12.37     0 %   -0.24  226   0.00    0    0.00 XXX   0 X    0.00 XXX   0 X    0.14 GLU  28 A
ARG  42 A                                            0.00 XXX   0 X    0.00 XXX   0 X   -0.03 ARG 200 A

ARG  43 A  12.55     0 %   -0.09  158   0.00    0    0.00 XXX   0 X    0.00 XXX   0 X    0.15 GLU  27 A

ARG 118 A  12.47     0 %   -0.03   55   0.00    0    0.00 XXX   0 X    0.00 XXX   0 X    0.00 XXX   0 X

ARG 163 A  12.45     0 %   -0.05   96   0.00    0    0.00 XXX   0 X    0.00 XXX   0 X    0.00 XXX   0 X

ARG 166 A  12.47     0 %   -0.03   51   0.00    0    0.00 XXX   0 X    0.00 XXX   0 X    0.00 XXX   0 X

ARG 200 A  12.43     0 %   -0.07  127   0.00    0    0.00 XXX   0 X    0.00 XXX   0 X    0.00 XXX   0 X

ARG 243 A  13.32    11 %   -0.37  311   0.00    0    0.66 GLU 263 A    0.00 XXX   0 X    0.13 TYR 223 A
ARG 243 A                                            0.00 XXX   0 X    0.00 XXX   0 X    0.40 GLU 263 A

ARG 274 A  13.51     0 %   -0.26  251   0.00    0    0.44 TYR 272 A    0.00 XXX   0 X    0.38 TYR 272 A
ARG 274 A                                            0.22 ASP 294 A    0.00 XXX   0 X    0.22 ASP 294 A

ARG 285 A  12.95    12 %   -0.29  315   0.00    0    0.00 XXX   0 X    0.00 XXX   0 X    0.28 GLU 263 A
ARG 285 A                                            0.00 XXX   0 X    0.00 XXX   0 X    0.12 TYR 303 A
ARG 285 A                                            0.00 XXX   0 X    0.00 XXX   0 X    0.22 GLU 305 A
ARG 285 A                                            0.00 XXX   0 X    0.00 XXX   0 X    0.17 TYR 394 A
ARG 285 A                                            0.00 XXX   0 X    0.00 XXX   0 X   -0.05 ARG 243 A

ARG 355 A  12.41     0 %   -0.12  181   0.00    0    0.00 XXX   0 X    0.00 XXX   0 X    0.04 ASP 366 A

ARG 420 A  12.32     0 %   -0.18  269   0.00    0    0.00 XXX   0 X    0.00 XXX   0 X    0.00 XXX   0 X

ARG 448 A  12.46     0 %   -0.04   67   0.00    0    0.00 XXX   0 X    0.00 XXX   0 X    0.00 XXX   0 X

ARG 450 A  12.16     0 %   -0.34  159   0.00    0    0.00 XXX   0 X    0.00 XXX   0 X    0.00 XXX   0 X

ARG 452 A  12.42     0 %   -0.08  105   0.00    0    0.00 XXX   0 X    0.00 XXX   0 X    0.00 TYR 449 A

N+    1 A   7.76     0 %   -0.19  121   0.00    0    0.00 XXX   0 X    0.00 XXX   0 X   -0.05 LYS   8 A


2026-08-26 07:20:01,137 INFO:output.py:227:print_pka_section:pKa summary:
--------------------------------------------------------------------------------------------------------
SUMMARY OF THIS PREDICTION
       Group      pKa  model-pKa   ligand atom-type
   ASP  78 A     4.02       3.80                      
   ASP 107 A     3.65       3.80                      
   ASP 119 A     3.91       3.80                      
   ASP 294 A     2.41       3.80                      
   ASP 302 A     4.22       3.80                      
   ASP 306 A     5.31       3.80                      
   ASP 315 A     4.11       3.80                      
   ASP 321 A     3.98       3.80                      
   ASP 340 A     3.98       3.80                      
   ASP 361 A     3.91       3.80                      
   ASP 366 A     3.88       3.80                      
   ASP 392 A     3.91       3.80                      
   ASP 439 A     3.51       3.80                      
   ASP 467 A     4.18       3.80                      
   ASP 469 A     4.12       3.80                      
   ASP 473 A     4.00       3.80                      
   ASP 488 A     4.11       3.80                      
   GLU  27 A     4.48       4.50                      
   GLU  28 A     4.44       4.50                      
   GLU  46 A     4.57       4.50                      
   GLU 101 A     4.58       4.50                      
   GLU 115 A     4.57       4.50                      
   GLU 151 A     4.58       4.50                      
   GLU 153 A     4.55       4.50                      
   GLU 157 A     4.56       4.50                      
   GLU 175 A     4.63       4.50                      
   GLU 192 A     4.55       4.50                      
   GLU 246 A     6.92       4.50                      
   GLU 253 A     5.61       4.50                      
   GLU 263 A     3.69       4.50                      
   GLU 305 A     4.69       4.50                      
   GLU 320 A     4.56       4.50                      
   GLU 336 A     4.74       4.50                      
   GLU 342 A     4.61       4.50                      
   GLU 358 A     4.62       4.50                      
   GLU 430 A     4.39       4.50                      
   GLU 482 A     3.99       4.50                      
   GLU 496 A     4.53       4.50                      
   C-  496 A     3.26       3.20                      
   HIS 167 A     6.38       6.50                      
   HIS 216 A     6.28       6.50                      
   HIS 313 A     7.41       6.50                      
   HIS 401 A     6.27       6.50                      
   HIS 478 A     7.03       6.50                      
   CYS  11 A    99.99       9.00                      
   CYS  18 A    99.99       9.00                      
   CYS  23 A    99.99       9.00                      
   CYS  33 A    99.99       9.00                      
   CYS  40 A    99.99       9.00                      
   CYS  41 A    99.99       9.00                      
   CYS  58 A     9.10       9.00                      
   CYS  65 A     9.23       9.00                      
   CYS  84 A     9.19       9.00                      
   CYS 218 A     9.26       9.00                      
   CYS 326 A    10.11       9.00                      
   CYS 427 A    99.99       9.00                      
   CYS 464 A    99.99       9.00                      
   TYR   9 A    10.17      10.00                      
   TYR  10 A    10.08      10.00                      
   TYR  53 A    10.04      10.00                      
   TYR  54 A    10.04      10.00                      
   TYR  59 A    10.04      10.00                      
   TYR  62 A    10.07      10.00                      
   TYR  74 A    10.07      10.00                      
   TYR  87 A    10.08      10.00                      
   TYR  99 A    10.17      10.00                      
   TYR 111 A    10.03      10.00                      
   TYR 120 A    10.10      10.00                      
   TYR 123 A    10.14      10.00                      
   TYR 136 A    10.07      10.00                      
   TYR 146 A    10.05      10.00                      
   TYR 149 A    10.13      10.00                      
   TYR 155 A    10.06      10.00                      
   TYR 161 A    10.05      10.00                      
   TYR 164 A    10.08      10.00                      
   TYR 173 A    10.17      10.00                      
   TYR 180 A    10.05      10.00                      
   TYR 185 A    10.07      10.00                      
   TYR 197 A    10.11      10.00                      
   TYR 217 A    10.22      10.00                      
   TYR 223 A     9.95      10.00                      
   TYR 272 A    10.59      10.00                      
   TYR 303 A    10.38      10.00                      
   TYR 316 A    10.08      10.00                      
   TYR 332 A    10.24      10.00                      
   TYR 346 A    10.08      10.00                      
   TYR 357 A    10.05      10.00                      
   TYR 383 A    10.12      10.00                      
   TYR 394 A    10.06      10.00                      
   TYR 449 A    10.08      10.00                      
   TYR 468 A    10.22      10.00                      
   LYS   8 A     9.84      10.50                      
   LYS  26 A    10.45      10.50                      
   LYS  32 A    10.39      10.50                      
   LYS  39 A    10.29      10.50                      
   LYS  44 A    10.40      10.50                      
   LYS  45 A    10.20      10.50                      
   LYS  50 A    10.46      10.50                      
   LYS  63 A    10.46      10.50                      
   LYS  67 A    10.45      10.50                      
   LYS  82 A    10.46      10.50                      
   LYS 114 A    10.47      10.50                      
   LYS 124 A    10.47      10.50                      
   LYS 174 A    10.38      10.50                      
   LYS 177 A    10.45      10.50                      
   LYS 273 A     9.88      10.50                      
   LYS 282 A    10.07      10.50                      
   LYS 292 A    10.70      10.50                      
   LYS 317 A    10.48      10.50                      
   LYS 323 A    10.46      10.50                      
   LYS 333 A    10.44      10.50                      
   LYS 356 A    10.44      10.50                      
   LYS 359 A    10.46      10.50                      
   LYS 362 A    10.44      10.50                      
   LYS 377 A    10.43      10.50                      
   LYS 381 A    10.46      10.50                      
   LYS 397 A    10.37      10.50                      
   LYS 407 A    10.43      10.50                      
   LYS 408 A    10.45      10.50                      
   LYS 415 A    10.41      10.50                      
   LYS 425 A    10.38      10.50                      
   LYS 426 A    10.41      10.50                      
   LYS 437 A    10.31      10.50                      
   LYS 443 A    10.50      10.50                      
   LYS 444 A    10.48      10.50                      
   LYS 459 A    10.40      10.50                      
   LYS 460 A    10.54      10.50                      
   LYS 461 A    10.38      10.50                      
   LYS 462 A    10.41      10.50                      
   LYS 479 A    10.45      10.50                      
   LYS 480 A    10.39      10.50                      
   LYS 491 A    10.43      10.50                      
   ARG  12 A    12.39      12.50                      
   ARG  14 A    12.25      12.50                      
   ARG  17 A    12.49      12.50                      
   ARG  36 A    12.44      12.50                      
   ARG  38 A    12.22      12.50                      
   ARG  42 A    12.37      12.50                      
   ARG  43 A    12.55      12.50                      
   ARG 118 A    12.47      12.50                      
   ARG 163 A    12.45      12.50                      
   ARG 166 A    12.47      12.50                      
   ARG 200 A    12.43      12.50                      
   ARG 243 A    13.32      12.50                      
   ARG 274 A    13.51      12.50                      
   ARG 285 A    12.95      12.50                      
   ARG 355 A    12.41      12.50                      
   ARG 420 A    12.32      12.50                      
   ARG 448 A    12.46      12.50                      
   ARG 450 A    12.16      12.50                      
   ARG 452 A    12.42      12.50                      
   N+    1 A     7.76       8.00                      

2026-08-26 07:20:01,159 INFO:main.py:648:non_trivial:PROPKA information:
--------------------------------------------------------------------------------------------------------
Free energy of   folding (kcal/mol) as a function of pH (using neutral reference)
  0.00     13.74
  1.00     13.73
  2.00     13.60
  3.00     13.27
  4.00     14.34
  5.00     17.60
  6.00     20.31
  7.00     22.00
  8.00     22.89
  9.00     23.75
 10.00     25.30
 11.00     25.21
 12.00     24.66
 13.00     24.74
 14.00     25.46

The pH of optimum stability is  3.1 for which the free energy is   13.3 kcal/mol at 298K
Could not determine pH values where the free energy is within 80 % of minimum
Could not determine the pH-range where the free energy is negative


Protein charge of folded and unfolded state as a function of pH
    pH  unfolded  folded
  0.00     66.00   65.99
  0.10     65.99   65.99
  0.20     65.99   65.99
  0.30     65.99   65.99
  0.40     65.99   65.98
  0.50     65.99   65.98
  0.60     65.98   65.97
  0.70     65.98   65.97
  0.80     65.97   65.96
  0.90     65.97   65.95
  1.00     65.96   65.93
  1.10     65.95   65.91
  1.20     65.94   65.89
  1.30     65.92   65.87
  1.40     65.90   65.83
  1.50     65.87   65.79
  1.60     65.84   65.74
  1.70     65.80   65.68
  1.80     65.75   65.61
  1.90     65.69   65.52
  2.00     65.61   65.41
  2.10     65.51   65.29
  2.20     65.39   65.14
  2.30     65.24   64.96
  2.40     65.05   64.76
  2.50     64.81   64.52
  2.60     64.53   64.24
  2.70     64.18   63.91
  2.80     63.76   63.53
  2.90     63.25   63.08
  3.00     62.64   62.56
  3.10     61.92   61.95
  3.20     61.08   61.25
  3.30     60.11   60.44
  3.40     59.00   59.52
  3.50     57.74   58.48
  3.60     56.35   57.31
  3.70     54.83   56.03
  3.80     53.20   54.62
  3.90     51.46   53.11
  4.00     49.65   51.50
  4.10     47.79   49.82
  4.20     45.90   48.08
  4.30     44.00   46.32
  4.40     42.14   44.57
  4.50     40.33   42.84
  4.60     38.60   41.16
  4.70     36.98   39.57
  4.80     35.48   38.07
  4.90     34.13   36.69
  5.00     32.91   35.42
  5.10     31.85   34.28
  5.20     30.91   33.25
  5.30     30.10   32.33
  5.40     29.40   31.51
  5.50     28.79   30.77
  5.60     28.25   30.12
  5.70     27.77   29.52
  5.80     27.33   28.97
  5.90     26.92   28.47
  6.00     26.53   28.00
  6.10     26.15   27.55
  6.20     25.78   27.12
  6.30     25.41   26.71
  6.40     25.04   26.31
  6.50     24.68   25.92
  6.60     24.33   25.54
  6.70     23.99   25.17
  6.80     23.67   24.81
  6.90     23.37   24.46
  7.00     23.09   24.13
  7.10     22.83   23.79
  7.20     22.59   23.47
  7.30     22.36   23.16
  7.40     22.15   22.86
  7.50     21.94   22.56
  7.60     21.72   22.27
  7.70     21.50   21.99
  7.80     21.27   21.71
  7.90     21.02   21.42
  8.00     20.74   21.13
  8.10     20.43   20.82
  8.20     20.07   20.49
  8.30     19.66   20.12
  8.40     19.19   19.71
  8.50     18.64   19.23
  8.60     18.00   18.68
  8.70     17.26   18.03
  8.80     16.40   17.27
  8.90     15.41   16.37
  9.00     14.25   15.30
  9.10     12.92   14.05
  9.20     11.39   12.58
  9.30      9.62   10.86
  9.40      7.61    8.87
  9.50      5.32    6.58
  9.60      2.74    3.97
  9.70     -0.14    1.02
  9.80     -3.31   -2.25
  9.90     -6.76   -5.83
 10.00    -10.44   -9.68
 10.10    -14.32  -13.75
 10.20    -18.33  -17.95
 10.30    -22.38  -22.22
 10.40    -26.42  -26.44
 10.50    -30.36  -30.55
 10.60    -34.13  -34.45
 10.70    -37.68  -38.08
 10.80    -40.95  -41.41
 10.90    -43.93  -44.41
 11.00    -46.59  -47.08
 11.10    -48.95  -49.43
 11.20    -51.04  -51.49
 11.30    -52.87  -53.31
 11.40    -54.49  -54.91
 11.50    -55.94  -56.34
 11.60    -57.26  -57.65
 11.70    -58.49  -58.87
 11.80    -59.67  -60.04
 11.90    -60.82  -61.17
 12.00    -61.97  -62.30
 12.10    -63.13  -63.43
 12.20    -64.32  -64.57
 12.30    -65.54  -65.71
 12.40    -66.76  -66.84
 12.50    -67.99  -67.95
 12.60    -69.18  -69.03
 12.70    -70.32  -70.05
 12.80    -71.40  -71.02
 12.90    -72.38  -71.91
 13.00    -73.27  -72.72
 13.10    -74.06  -73.45
 13.20    -74.74  -74.11
 13.30    -75.32  -74.69
 13.40    -75.81  -75.20
 13.50    -76.22  -75.64
 13.60    -76.56  -76.03
 13.70    -76.84  -76.36
 13.80    -77.07  -76.65
 13.90    -77.25  -76.89
 14.00    -77.40  -77.09
The pI is  9.73 (folded) and  9.70 (unfolded)

--------------------------------------------------------------------------------------------------------
2026-08-26 07:20:01,159 INFO:biomolecule.py:797:apply_pka_values:Applying pKa values at a pH of 7.00:
2026-08-26 07:20:01,161 INFO:main.py:661:non_trivial:Adding hydrogens to biomolecule.
2026-08-26 07:20:01,414 INFO:main.py:664:non_trivial:Debumping biomolecule (again).
2026-08-26 07:20:01,669 INFO:main.py:666:non_trivial:Optimizing hydrogen bonds
2026-08-26 07:20:02,167 INFO:main.py:678:non_trivial:Applying force field to biomolecule states.
2026-08-26 07:20:02,171 INFO:main.py:725:non_trivial:Regenerating headers.
2026-08-26 07:20:02,172 INFO:main.py:750:non_trivial:Regenerating PDB lines.
2026-08-26 07:20:02,200 WARNING:main.py:326:print_pqr:Ignoring 466 header lines in output.
