id, seq, n, rsa, asa, q3, p[q3_H], p[q3_E], p[q3_C], q8, p[q8_G], p[q8_H], p[q8_I], p[q8_B], p[q8_E], p[q8_S], p[q8_T], p[q8_C], phi, psi, disorder
>Sequence,G,1,0.7856832146644592,81.71105432510376,C,0.0022665734868496656,0.0005519061232917011,0.9971815347671509,C,0.00017674251284915954,0.0013647142332047224,1.5326182619901374e-05,9.321957622887567e-05,0.00033561207237653434,0.0014238092117011547,0.0022725602611899376,0.9943180680274963,-74.1400375366211,-170.58139038085938,0.6234434247016907
>Sequence,I,2,0.495037704706192,97.52242782711983,C,0.14687161147594452,0.05190178006887436,0.8012265563011169,C,0.01521315984427929,0.12872172892093658,0.001836602226831019,0.010242778807878494,0.03535568714141846,0.01796986535191536,0.023770857602357864,0.7668893933296204,-82.84027862548828,158.080322265625,0.34729260206222534
>Sequence,I,3,0.35699763894081116,70.3285348713398,C,0.23940132558345795,0.0608392171561718,0.6997594833374023,C,0.02340708114206791,0.2181786298751831,0.002054624492302537,0.010036978870630264,0.04527441784739494,0.024519097059965134,0.023615961894392967,0.6529132127761841,-80.26526641845703,-19.584945678710938,0.2923286259174347
>Sequence,N,4,0.5020439028739929,97.89856106042862,C,0.3146049678325653,0.04730718210339546,0.638087809085846,C,0.029817655682563782,0.2869449257850647,0.002060351427644491,0.00657617999240756,0.03498954325914383,0.0334274061024189,0.03345584496855736,0.5727280378341675,-78.91397857666016,-23.143617630004883,0.25413987040519714
>Sequence,T,5,0.3882564604282379,66.78011119365692,H,0.5388056039810181,0.04093771055340767,0.42025670409202576,H,0.03794555738568306,0.4974886476993561,0.0030198106542229652,0.005203879904001951,0.03485085442662239,0.028754977509379387,0.03963790833950043,0.35309842228889465,-75.28052520751953,-37.62821960449219,0.13186225295066833
>Sequence,L,6,0.23231740295886993,46.69579799473286,H,0.6392131447792053,0.029886160045862198,0.33090072870254517,H,0.04686946049332619,0.5829362869262695,0.002799387089908123,0.0035010550636798143,0.028084702789783478,0.025206899270415306,0.03826869651675224,0.2723334729671478,-70.37177276611328,-34.645751953125,0.12195128202438354
>Sequence,Q,7,0.40666264295578003,91.4990946650505,H,0.6477931141853333,0.03356458991765976,0.3186423182487488,H,0.052505139261484146,0.5845173001289368,0.003836920252069831,0.0039917598478496075,0.03161461651325226,0.027106935158371925,0.045053526759147644,0.2513737976551056,-69.92882537841797,-35.5341911315918,0.14012964069843292
>Sequence,K,8,0.4686773121356964,110.60784566402435,H,0.658584713935852,0.042241960763931274,0.2991733253002167,H,0.0553443618118763,0.5810832977294922,0.005080599803477526,0.004807993303984404,0.04184436798095703,0.028980014845728874,0.04999654367566109,0.23286285996437073,-71.128173828125,-35.06014633178711,0.12691523134708405
>Sequence,Y,9,0.29096028208732605,76.52255418896675,H,0.6575851440429688,0.07037610560655594,0.2720387578010559,H,0.05185758322477341,0.5821133852005005,0.005903680808842182,0.006270157638937235,0.06741400063037872,0.02585919015109539,0.04241454228758812,0.2181674987077713,-74.60030364990234,-36.43178176879883,0.10139711201190948
>Sequence,Y,10,0.25280511379241943,66.48774492740631,H,0.5953254699707031,0.12244261801242828,0.282231867313385,H,0.05411504581570625,0.526757001876831,0.0073219952173531055,0.012049144133925438,0.11057832837104797,0.028904028236865997,0.054623235017061234,0.20565122365951538,-77.00330352783203,-32.01108169555664,0.09375035762786865
>Sequence,C,11,0.17988820374011993,30.04133002460003,H,0.5463419556617737,0.11821267753839493,0.33544543385505676,H,0.04865117371082306,0.4850497841835022,0.004341626539826393,0.010928998701274395,0.10559124499559402,0.03180108219385147,0.05664660409092903,0.25698956847190857,-76.16959381103516,-28.22718620300293,0.07971010357141495
>Sequence,R,12,0.4956059157848358,135.796020925045,H,0.46598711609840393,0.12650485336780548,0.407507985830307,H,0.05495867878198624,0.39708060026168823,0.0055747912265360355,0.015202131122350693,0.11655569076538086,0.0450265035033226,0.09458412975072861,0.271017462015152,-77.48579406738281,-22.72393226623535,0.10140111297369003
>Sequence,V,13,0.3554256856441498,61.84406930208206,C,0.37940657138824463,0.13221046328544617,0.48838305473327637,H,0.053104329854249954,0.31513604521751404,0.006561578717082739,0.017476389184594154,0.11296617239713669,0.07083417475223541,0.128991037607193,0.29493021965026855,-83.71715545654297,-10.63657283782959,0.11453922092914581
>Sequence,R,14,0.5203760862350464,142.5830476284027,C,0.2919876277446747,0.07561443746089935,0.6323979496955872,C,0.053171370178461075,0.23270364105701447,0.005381477065384388,0.013034636154770851,0.06031922623515129,0.09633465856313705,0.2508922219276428,0.2881627380847931,-84.46697235107422,7.921356201171875,0.14161522686481476
>Sequence,G,15,0.5704213976860046,59.32382535934448,C,0.14913752675056458,0.04012414067983627,0.8107382655143738,T,0.05105104669928551,0.0840049535036087,0.005615215748548508,0.005849869456142187,0.03642137721180916,0.14105741679668427,0.37197333574295044,0.30402684211730957,69.34038543701172,-1.4571880102157593,0.14567925035953522
>Sequence,G,16,0.42237672209739685,43.92717909812927,C,0.1575120985507965,0.0665602833032608,0.7759276628494263,C,0.059950608760118484,0.0874553769826889,0.005204508081078529,0.013444933108985424,0.05247730761766434,0.20067158341407776,0.18334577977657318,0.39744988083839417,31.491342544555664,-155.79966735839844,0.13758568465709686
>Sequence,R,17,0.527938187122345,144.65506327152252,C,0.16602382063865662,0.14717942476272583,0.6867967247962952,C,0.05969665199518204,0.09836587309837341,0.0014564997982233763,0.030241167172789574,0.11708659678697586,0.11876963078975677,0.09653452783823013,0.4778490662574768,-88.23019409179688,94.72562408447266,0.134055033326149
>Sequence,C,18,0.17522472143173218,29.262528479099274,C,0.16342367231845856,0.2192879468202591,0.6172884106636047,C,0.05500677227973938,0.1047915518283844,0.0014164652675390244,0.03006080910563469,0.17743150889873505,0.09162166714668274,0.05705346167087555,0.4826177656650543,-92.43661499023438,127.9794921875,0.10496304929256439
>Sequence,A,19,0.33304500579833984,42.96280574798584,C,0.19808146357536316,0.2366524189710617,0.5652661323547363,C,0.06299734115600586,0.12768840789794922,0.0017213048413395882,0.02380330301821232,0.20198163390159607,0.08850547671318054,0.06564374268054962,0.4276588261127472,-87.81619262695312,112.6612548828125,0.12235268205404282
>Sequence,V,20,0.35178929567337036,61.21133744716644,C,0.17144028842449188,0.2901727557182312,0.5383869409561157,C,0.06107543408870697,0.10916591435670853,0.001974043669179082,0.03075999766588211,0.2526836097240448,0.08411044627428055,0.06506729125976562,0.39516323804855347,-92.7281494140625,118.90538787841797,0.1179637685418129
>Sequence,L,21,0.300540953874588,60.40873172879219,C,0.18884888291358948,0.248647078871727,0.5625039935112,C,0.07606971263885498,0.10562122613191605,0.0016461306950077415,0.02207254432141781,0.2244037389755249,0.09941474348306656,0.07123923301696777,0.399532675743103,-90.90625762939453,107.9334716796875,0.10814797133207321
>Sequence,S,22,0.4844588339328766,75.09111925959587,C,0.1442154496908188,0.22381269931793213,0.6319718360900879,C,0.06917955726385117,0.07163076847791672,0.0016955710016191006,0.0216219425201416,0.1972152441740036,0.10095837712287903,0.10299172252416611,0.4347068667411804,-94.31906127929688,112.83195495605469,0.11406733095645905
>Sequence,C,23,0.2911520302295685,48.622389048337936,C,0.09165962040424347,0.16226761043071747,0.7460727691650391,C,0.048446834087371826,0.04727783799171448,0.0014191780937835574,0.02920822985470295,0.12165548652410507,0.18345580995082855,0.09670855104923248,0.47182804346084595,-99.5223617553711,101.94770050048828,0.10313940793275833
>Sequence,L,24,0.27466925978660583,55.20852121710777,C,0.013133585453033447,0.0799066573381424,0.9069597125053406,C,0.004589907359331846,0.007237649988383055,0.00015940278535708785,0.017296819016337395,0.05632438510656357,0.24018952250480652,0.010974939912557602,0.663227379322052,-88.44086456298828,138.63226318359375,0.13911835849285126
>Sequence,P,25,0.4467929005622864,71.04007118940353,C,0.039587583392858505,0.045987654477357864,0.9144248366355896,C,0.01393011026084423,0.018151074647903442,0.0002049203176284209,0.00795754138380289,0.03198650851845741,0.0481436550617218,0.030109582468867302,0.8495166301727295,-62.699405670166016,150.98355102539062,0.18952639400959015
>Sequence,K,26,0.6457201838493347,152.389963388443,C,0.2283734530210495,0.03361145034432411,0.7380151152610779,C,0.10968432575464249,0.11020825058221817,0.0008799726492725313,0.007735087536275387,0.028212374076247215,0.12133593112230301,0.15767502784729004,0.4642690420150757,-70.4322738647461,-22.32189178466797,0.2725037932395935
>Sequence,E,27,0.655160129070282,146.10070878267288,C,0.28379446268081665,0.03610731288790703,0.6800982356071472,C,0.14717590808868408,0.13641053438186646,0.0010605523129925132,0.007161665707826614,0.03380497172474861,0.09251609444618225,0.1331787109375,0.44869160652160645,-77.93905639648438,-17.00655174255371,0.32772475481033325
>Sequence,E,28,0.5612067580223083,125.14910703897476,C,0.27469971776008606,0.048825379461050034,0.6764748692512512,C,0.10488593578338623,0.14464063942432404,0.0012109186500310898,0.00878861267119646,0.043818533420562744,0.0768984705209732,0.08084765076637268,0.5389091968536377,-83.05660247802734,7.506010055541992,0.3590458333492279
>Sequence,Q,29,0.5163431763648987,116.1772146821022,C,0.1896788775920868,0.07409387081861496,0.73622727394104,C,0.0555725023150444,0.11222948133945465,0.0010886380914598703,0.01603616401553154,0.0572618767619133,0.06810233741998672,0.07290344685316086,0.6168055534362793,-86.26641845703125,86.38243103027344,0.3571692109107971
>Sequence,I,30,0.4173465073108673,82.21726194024086,C,0.13660721480846405,0.10192620754241943,0.7614666223526001,C,0.04029718041419983,0.0958656594157219,0.0012910632649436593,0.023351585492491722,0.07869178056716919,0.07718470692634583,0.08437752723693848,0.5989404916763306,-87.53437805175781,99.51016998291016,0.3683958649635315
>Sequence,G,31,0.4578748941421509,47.61898899078369,C,0.10909769684076309,0.07396930456161499,0.8169330358505249,C,0.04846517741680145,0.06106889992952347,0.0021352963522076607,0.015288629569113255,0.05951767787337303,0.12720149755477905,0.11499029397964478,0.5713325142860413,-72.35700988769531,-162.60069274902344,0.36071234941482544
>Sequence,K,32,0.5948447585105896,140.38336300849915,C,0.10817322880029678,0.1050357073545456,0.7867910265922546,C,0.04761022701859474,0.05522101745009422,0.0007961364462971687,0.0280364491045475,0.08040879666805267,0.08622628450393677,0.09355657547712326,0.6081445217132568,-89.76078033447266,107.32733154296875,0.32437822222709656
>Sequence,C,33,0.22509804368019104,37.591373294591904,C,0.09476860612630844,0.0935102254152298,0.81172114610672,C,0.031205732375383377,0.05876883491873741,0.0005561821162700653,0.02254962921142578,0.06698217242956161,0.08821199089288712,0.04921801760792732,0.6825074553489685,-90.48399353027344,131.1825408935547,0.27868348360061646
>Sequence,S,34,0.5097378492355347,79.00936663150787,C,0.08717089146375656,0.07937189191579819,0.8334571719169617,C,0.028538616374135017,0.053218599408864975,0.0007684888551011682,0.016633663326501846,0.059087298810482025,0.08454862982034683,0.06851664930582047,0.6886880397796631,-88.04745483398438,128.2394561767578,0.29716426134109497
>Sequence,T,35,0.5288461446762085,90.96153688430786,C,0.107451893389225,0.08064339309930801,0.8119047284126282,C,0.040121890604496,0.06626146286725998,0.001293460140004754,0.019133426249027252,0.060996972024440765,0.15236018598079681,0.10925240069627762,0.5505802035331726,-94.56689453125,101.57437133789062,0.3001720607280731
>Sequence,R,36,0.5959885716438293,163.30086863040924,C,0.11396089196205139,0.046612948179244995,0.8394260406494141,C,0.04304155707359314,0.07462211698293686,0.0011960273841395974,0.012808549217879772,0.03644002974033356,0.16094370186328888,0.15604564547538757,0.5149024128913879,-86.15193176269531,69.23338317871094,0.3436185419559479
>Sequence,G,37,0.4969937205314636,51.68734693527222,C,0.12862472236156464,0.033693499863147736,0.837681770324707,C,0.049844205379486084,0.07708226144313812,0.002731878077611327,0.008334900252521038,0.027384480461478233,0.16971471905708313,0.13652002811431885,0.5283874869346619,51.291439056396484,-108.48124694824219,0.32158181071281433
>Sequence,R,38,0.5470462441444397,149.89067089557648,C,0.1990763545036316,0.04319685697555542,0.7577267289161682,C,0.05868801102042198,0.1373271346092224,0.001462529064156115,0.012526113539934158,0.03306647017598152,0.12465839833021164,0.08183350414037704,0.5504378080368042,-79.97607421875,-6.799510955810547,0.2918871343135834
>Sequence,K,39,0.5541589856147766,130.78152060508728,C,0.2462168037891388,0.07662809640169144,0.677155077457428,C,0.06497019529342651,0.15772749483585358,0.0016724287997931242,0.02031845413148403,0.057823918759822845,0.08718128502368927,0.07541805505752563,0.5348881483078003,-81.26347351074219,11.47431755065918,0.26431533694267273
>Sequence,C,40,0.23075619339942932,38.5362842977047,C,0.2414122372865677,0.09223664551973343,0.6663510799407959,C,0.047380443662405014,0.18424807488918304,0.002212594961747527,0.01988809183239937,0.06806772202253342,0.06699742376804352,0.047300975769758224,0.5639046430587769,-83.05596923828125,96.2693099975586,0.22856029868125916
>Sequence,C,41,0.2569476068019867,42.91025033593178,C,0.27715370059013367,0.07534459978342056,0.6475017070770264,C,0.04087167605757713,0.22081105411052704,0.0018992910627275705,0.017292853444814682,0.052673954516649246,0.0571904256939888,0.04129030555486679,0.5679704546928406,-78.29058837890625,-12.386475563049316,0.22189539670944214
>Sequence,R,42,0.5248733758926392,143.81530499458313,C,0.38604670763015747,0.05658164620399475,0.5573716163635254,C,0.053251974284648895,0.3182114064693451,0.002532901708036661,0.013461081311106682,0.04404101520776749,0.0662902221083641,0.06961972266435623,0.43259161710739136,-73.95113372802734,-32.1581916809082,0.21668294072151184
>Sequence,R,43,0.4717729389667511,129.2657852768898,C,0.4230210781097412,0.040240976959466934,0.5367379188537598,C,0.060459841042757034,0.3526478409767151,0.002579699968919158,0.00942025426775217,0.031224241480231285,0.06856734305620193,0.07329209893941879,0.40180855989456177,-72.94947814941406,-34.916038513183594,0.21952487528324127
>Sequence,K,44,0.4734976887702942,111.74545454978943,C,0.47679081559181213,0.0316646434366703,0.4915445148944855,H,0.06017444282770157,0.38978925347328186,0.002166328253224492,0.007404644042253494,0.02495865896344185,0.05560177564620972,0.07107950747013092,0.388825386762619,-71.42487335205078,-34.223777770996094,0.2144472748041153
>Sequence,K,45,0.5095431804656982,120.25219058990479,H,0.5148655772209167,0.03164653852581978,0.45348790287971497,H,0.05780602991580963,0.4277161955833435,0.002190672094002366,0.006886573508381844,0.02560422010719776,0.05135659500956535,0.06845875829458237,0.3599810004234314,-71.17410278320312,-35.335018157958984,0.2095053493976593
>Sequence,E,46,0.5344484448432922,119.18200320005417,H,0.4997674226760864,0.04111810401082039,0.4591144323348999,H,0.05084020271897316,0.418511301279068,0.0021391839254647493,0.00816154945641756,0.034313321113586426,0.04458971694111824,0.05902605503797531,0.3824186325073242,-72.80209350585938,-35.54970169067383,0.23188352584838867
>Sequence,A,47,0.35358428955078125,45.61237335205078,H,0.48736119270324707,0.03699321672320366,0.47564560174942017,H,0.04960067942738533,0.41079506278038025,0.002025504130870104,0.0063112410716712475,0.030181434005498886,0.0426906980574131,0.060382574796676636,0.3980127274990082,-71.0219497680664,-34.1217155456543,0.2110552042722702
>Sequence,A,48,0.3552347719669342,45.82528558373451,C,0.4678020775318146,0.03838798403739929,0.49380993843078613,H,0.061729732900857925,0.387758731842041,0.001955975079908967,0.007299941498786211,0.03103271685540676,0.051622141152620316,0.08683320134878159,0.37176743149757385,-71.72985076904297,-27.746828079223633,0.17454512417316437
>Sequence,A,49,0.4141724109649658,53.42824101448059,C,0.4258100092411041,0.04105444252490997,0.5331355333328247,C,0.08024623245000839,0.3356608748435974,0.0022065616212785244,0.00791089702397585,0.033983245491981506,0.06982731819152832,0.12664169073104858,0.34352317452430725,-73.07522583007812,-20.580120086669922,0.14304707944393158
>Sequence,K,50,0.5555474162101746,131.1091902256012,C,0.3593151271343231,0.053178027272224426,0.5875068306922913,C,0.09571725875139236,0.25450772047042847,0.0035792214330285788,0.012254463508725166,0.0409284345805645,0.10627668350934982,0.19213546812534332,0.2946007251739502,-80.45207214355469,-2.8043103218078613,0.12202716618776321
>Sequence,G,51,0.335443377494812,34.88611125946045,C,0.28495919704437256,0.07591678202152252,0.6391240358352661,C,0.08903512358665466,0.17018112540245056,0.005699509289115667,0.012620343826711178,0.060063984245061874,0.1486075520515442,0.16780643165111542,0.34598594903945923,-65.12732696533203,-39.81939697265625,0.0846141129732132
>Sequence,L,52,0.3264724016189575,65.62095272541046,C,0.21483288705348969,0.1697041094303131,0.6154630184173584,C,0.07683262974023819,0.13392069935798645,0.0018125417409464717,0.028995981439948082,0.1338866800069809,0.11377032101154327,0.09276192635297775,0.41801926493644714,-84.98367309570312,84.04206085205078,0.05411163344979286
>Sequence,Y,53,0.3538447320461273,93.06116452813148,C,0.1750980168581009,0.2471202313899994,0.5777817368507385,C,0.06707414984703064,0.11053289473056793,0.002051734598353505,0.04004096984863281,0.19160676002502441,0.10850130766630173,0.11111348867416382,0.3690786361694336,-96.5252914428711,110.82039642333984,0.047114212065935135
>Sequence,Y,54,0.2904168665409088,76.37963590025902,C,0.11786052584648132,0.2662081718444824,0.6159312725067139,C,0.03978434577584267,0.08179999142885208,0.0013070561690256,0.03429754823446274,0.2152930647134781,0.12103243917226791,0.0841575637459755,0.4223279058933258,-102.83477783203125,129.3203582763672,0.03594094142317772
>Sequence,Q,55,0.5265902280807495,118.48280131816864,C,0.11181595921516418,0.19593267142772675,0.692251443862915,C,0.03916720300912857,0.071861632168293,0.0016279710689559579,0.024766109883785248,0.1611311435699463,0.14831773936748505,0.15647251904010773,0.39665570855140686,-90.49609375,121.71814727783203,0.03924636170268059
>Sequence,G,56,0.2799011468887329,29.109719276428223,C,0.12581582367420197,0.14288608729839325,0.7312980890274048,C,0.03719160705804825,0.07778482884168625,0.0033917478285729885,0.017353802919387817,0.12285186350345612,0.24858197569847107,0.13892851769924164,0.35391563177108765,-120.2804946899414,-160.7819366455078,0.023010192438960075
>Sequence,S,57,0.3460552394390106,53.638562113046646,C,0.2076014131307602,0.17586591839790344,0.6165326833724976,C,0.04858306422829628,0.13386909663677216,0.0023440748918801546,0.03031865879893303,0.1449303925037384,0.11748708784580231,0.07757758349180222,0.44489002227783203,-84.36751556396484,147.39244079589844,0.020464079454541206
>Sequence,C,58,0.13655176758766174,22.80414518713951,C,0.4140262007713318,0.15220284461975098,0.43377095460891724,C,0.10677879303693771,0.2787792384624481,0.0044192117638885975,0.021085524931550026,0.13381685316562653,0.07965219765901566,0.096541628241539,0.2789265513420105,-79.66925811767578,-18.095352172851562,0.010627754032611847
>Sequence,Y,59,0.24889081716537476,65.45828491449356,H,0.47628599405288696,0.15036161243915558,0.37335237860679626,H,0.14272721111774445,0.331470251083374,0.005475710146129131,0.017949409782886505,0.12616001069545746,0.0713844746351242,0.1317152976989746,0.17311769723892212,-85.75010681152344,-15.741079330444336,0.008727483451366425
>Sequence,A,60,0.07720866799354553,9.959918171167374,C,0.3967699408531189,0.16382458806037903,0.4394054114818573,C,0.15022580325603485,0.25570061802864075,0.0015730287414044142,0.01923070289194584,0.13762594759464264,0.07135527580976486,0.10453374683856964,0.2597549259662628,-88.64195251464844,18.084972381591797,0.003919869661331177
>Sequence,A,61,0.11056314408779144,14.262645587325096,C,0.1285536140203476,0.2543359100818634,0.6171104907989502,C,0.07533857971429825,0.07701465487480164,0.0005785495741292834,0.03380163758993149,0.2112940549850464,0.11920862644910812,0.15951350331306458,0.323250412940979,-94.06746673583984,57.28641891479492,0.002607129281386733
>Sequence,Y,62,0.24708397686481476,64.98308591544628,C,0.011671706102788448,0.3712511658668518,0.617077112197876,C,0.008021235466003418,0.005776537116616964,0.00037150210118852556,0.06440344452857971,0.2983666658401489,0.17739960551261902,0.06295685470104218,0.3827040493488312,-114.87503051757812,133.90606689453125,0.004524535965174437
>Sequence,K,63,0.4157741665840149,98.12270331382751,C,0.004645679146051407,0.17055904865264893,0.8247953057289124,C,0.002344755223020911,0.0014833117602393031,0.00010850820399355143,0.012072701938450336,0.149657741189003,0.3914538323879242,0.014269128441810608,0.42861002683639526,-107.48641204833984,141.20452880859375,0.003444268833845854
>Sequence,P,64,0.38213279843330383,60.75911495089531,C,0.037555571645498276,0.2262619584798813,0.7361825108528137,C,0.02702905423939228,0.011847879737615585,0.00048138739657588303,0.03456135094165802,0.1884240210056305,0.12289989739656448,0.08413095027208328,0.5306254625320435,-66.79385375976562,139.4440460205078,0.00828339159488678
>Sequence,C,65,0.1926555335521698,32.17347410321236,C,0.04779822379350662,0.23090720176696777,0.7212945222854614,C,0.030408699065446854,0.014268804341554642,0.0005985519965179265,0.0504290871322155,0.17332972586154938,0.12101905047893524,0.06036974489688873,0.5495763421058655,-97.01756286621094,133.8846435546875,0.007201584056019783
>Sequence,V,66,0.3065693974494934,53.34307515621185,C,0.05254998058080673,0.21360357105731964,0.7338464856147766,C,0.029012514278292656,0.02162734419107437,0.0008611254161223769,0.0366620235145092,0.17354421317577362,0.214822456240654,0.05584699660539627,0.4676233232021332,-102.2538833618164,132.81663513183594,0.009457966312766075
>Sequence,K,67,0.517176628112793,122.05368423461914,C,0.049685511738061905,0.18757273256778717,0.76274174451828,C,0.02718866989016533,0.01803523860871792,0.0007148751174099743,0.03226489946246147,0.1563737541437149,0.23727548122406006,0.06666794419288635,0.461479127407074,-98.85133361816406,127.78782653808594,0.006643503904342651
>Sequence,L,68,0.2172841578722,43.6741157323122,C,0.0486721396446228,0.13853301107883453,0.8127948641777039,C,0.016578614711761475,0.021981991827487946,0.000616308709140867,0.03237396478652954,0.10083237290382385,0.14361724257469177,0.028821012005209923,0.655178427696228,-91.49234771728516,129.25111389160156,0.005409479606896639
>Sequence,T,69,0.31953004002571106,54.9591668844223,C,0.2404605895280838,0.042638055980205536,0.7169013023376465,C,0.0607779286801815,0.13883735239505768,0.0016056603053584695,0.009660616517066956,0.034955576062202454,0.19194228947162628,0.04144918918609619,0.5207713842391968,-85.08317565917969,-178.16098022460938,0.0037941092159599066
>Sequence,P,70,0.25947698950767517,41.25684133172035,H,0.5753541588783264,0.05063767731189728,0.37400826811790466,H,0.21504390239715576,0.32945090532302856,0.0027593490667641163,0.0071297199465334415,0.04681694507598877,0.05753755196928978,0.11233978718519211,0.2289218306541443,-62.98865509033203,-10.684441566467285,0.004281937610358
>Sequence,L,71,0.06164984032511711,12.39161790534854,H,0.5953077077865601,0.12867628037929535,0.2760159969329834,H,0.2590073347091675,0.33635273575782776,0.002369734924286604,0.01590902730822563,0.11731718480587006,0.03198234736919403,0.09085279703140259,0.1462087482213974,-82.3653793334961,-15.56017780303955,0.0018096908461302519
>Sequence,A,72,0.03134528174996376,4.043541345745325,H,0.556108295917511,0.11190780252218246,0.3319838345050812,H,0.2704603970050812,0.34342944622039795,0.0011773030273616314,0.016014764085412025,0.0834769606590271,0.034083958715200424,0.07387793064117432,0.17747926712036133,-83.88225555419922,1.18114173412323,0.0009278383222408593
>Sequence,A,73,0.05417475476861,6.98854336515069,C,0.2355297952890396,0.21878676116466522,0.5456834435462952,C,0.14223593473434448,0.1641179621219635,0.0008045014110393822,0.0242913831025362,0.19127574563026428,0.06720047444105148,0.1165076419711113,0.29356637597084045,-89.27732849121094,38.44429397583008,0.0006248668069019914
>Sequence,Y,74,0.17838771641254425,46.91596941649914,C,0.05180530995130539,0.4463113248348236,0.5018834471702576,E,0.02980116568505764,0.03331443667411804,0.0011007317807525396,0.06982747465372086,0.37593525648117065,0.10674933344125748,0.07811567932367325,0.3051559329032898,-111.42991638183594,130.57679748535156,0.001990008633583784
>Sequence,S,75,0.21248197555541992,32.93470621109009,C,0.057291872799396515,0.2666566073894501,0.6760515570640564,C,0.02573445625603199,0.02603214420378208,0.0009126053191721439,0.032990921288728714,0.22520296275615692,0.17831099033355713,0.04896197095513344,0.46185389161109924,-107.33906555175781,143.93280029296875,0.003208198118954897
>Sequence,L,76,0.3294599652290344,66.22145301103592,C,0.1316729336977005,0.201856791973114,0.6664702892303467,C,0.0703088566660881,0.059106744825839996,0.0015417926479130983,0.029660193249583244,0.16662660241127014,0.17276334762573242,0.13300201296806335,0.36699047684669495,-84.46233367919922,48.897071838378906,0.007754843682050705
>Sequence,W,77,0.38464784622192383,109.62463617324829,C,0.14221274852752686,0.16782864928245544,0.6899585723876953,C,0.08165731281042099,0.06403394043445587,0.0018418155377730727,0.032485608011484146,0.12605991959571838,0.19941620528697968,0.16767609119415283,0.32682910561561584,-98.90072631835938,103.59294128417969,0.011524053290486336
>Sequence,D,78,0.4558301568031311,87.9752202630043,C,0.16285200417041779,0.09365024417638779,0.7434977889060974,C,0.0865572914481163,0.06767073273658752,0.0015663552330806851,0.015871619805693626,0.0754953995347023,0.19775275886058807,0.13645562529563904,0.41863030195236206,-90.19251251220703,85.8421859741211,0.019064806401729584
>Sequence,Q,79,0.5794087648391724,130.36697208881378,C,0.20907044410705566,0.07460132986307144,0.7163282036781311,C,0.11445558071136475,0.09007250517606735,0.002099057426676154,0.01171089243143797,0.059497419744729996,0.2102317363023758,0.22829502820968628,0.28363776206970215,-85.17667388916016,-1.4797430038452148,0.02182747796177864
>Sequence,S,80,0.43371817469596863,67.22631707787514,C,0.14604967832565308,0.10435020923614502,0.7496000528335571,C,0.08931061625480652,0.05595766752958298,0.0015108748339116573,0.02008461020886898,0.07692684978246689,0.22150589525699615,0.1852632462978363,0.34944018721580505,-96.588134765625,75.71602630615234,0.012887881137430668
>Sequence,L,81,0.2523016631603241,50.71263429522514,C,0.08839970827102661,0.07495942711830139,0.8366408348083496,C,0.03769723325967789,0.03949809446930885,0.0008729920373298228,0.0213552787899971,0.05250267684459686,0.23706768453121185,0.07165011018514633,0.539355993270874,-90.76165771484375,99.6399154663086,0.008800757117569447
>Sequence,K,82,0.44617900252342224,105.29824459552765,C,0.25690457224845886,0.03833017498254776,0.7047652006149292,C,0.07569827139377594,0.15625664591789246,0.0017069005407392979,0.010799736715853214,0.03152984008193016,0.23896925151348114,0.07295635342597961,0.4120829999446869,-81.94239807128906,154.13710021972656,0.005922175012528896
>Sequence,P,83,0.2854294180870056,45.38327747583389,C,0.36148539185523987,0.0617053359746933,0.576809287071228,C,0.1311713308095932,0.21204200387001038,0.001929600490257144,0.011648538522422314,0.057265546172857285,0.06723193824291229,0.12093919515609741,0.39777183532714844,-62.99502182006836,82.73448181152344,0.005777101498097181
>Sequence,C,84,0.05615692958235741,9.378207240253687,C,0.3617144823074341,0.16399581730365753,0.47428974509239197,C,0.14201541244983673,0.22410237789154053,0.002580193802714348,0.02957610785961151,0.1406821608543396,0.06191149726510048,0.12719175219535828,0.27194058895111084,-86.07076263427734,-17.29432487487793,0.0029345108196139336
>Sequence,A,85,0.03244306519627571,4.185155410319567,C,0.398943692445755,0.18082627654075623,0.42023006081581116,H,0.15839816629886627,0.2816260755062103,0.001075834152288735,0.021923983469605446,0.1420310139656067,0.05751005932688713,0.0974646806716919,0.2399701625108719,-88.19847106933594,4.78664493560791,0.0015111170941963792
>Sequence,A,86,0.07298236340284348,9.414724878966808,C,0.1942141056060791,0.3395027816295624,0.4662831425666809,E,0.08970673382282257,0.1412266194820404,0.0007134229526855052,0.019624726846814156,0.3193078339099884,0.07490382343530655,0.10347452014684677,0.25104227662086487,-93.04676055908203,65.67422485351562,0.0010153759503737092
>Sequence,Y,87,0.18966425955295563,49.88170026242733,E,0.03742871433496475,0.6720936298370361,0.2904776632785797,E,0.01995696686208248,0.024802185595035553,0.0009014021488837898,0.04876711219549179,0.6114325523376465,0.06673438847064972,0.042937494814395905,0.1844678521156311,-118.39637756347656,138.61593627929688,0.0026036459021270275
>Sequence,M,88,0.22250086069107056,49.840192794799805,C,0.037489913403987885,0.4673064351081848,0.4952037036418915,E,0.014654950238764286,0.021269962191581726,0.0008089370676316321,0.022787146270275116,0.446199506521225,0.1193351149559021,0.03322489559650421,0.34171950817108154,-108.6839370727539,137.0498809814453,0.0032556913793087006
>Sequence,I,89,0.3238360285758972,63.79569762945175,C,0.07041142135858536,0.4371587634086609,0.49242982268333435,E,0.027551786974072456,0.041202276945114136,0.0011663545155897737,0.03286895155906677,0.400397390127182,0.10535626858472824,0.07103873044252396,0.32041823863983154,-91.53666687011719,121.85923767089844,0.0046358611434698105
>Sequence,V,90,0.3416700065135956,59.45058113336563,C,0.0967593714594841,0.32141464948654175,0.5818260312080383,C,0.03538621589541435,0.060176197439432144,0.0022573713213205338,0.03498096019029617,0.26804232597351074,0.16119562089443207,0.13510850071907043,0.3028528094291687,-97.62588500976562,126.56015014648438,0.007954059168696404
>Sequence,G,91,0.31078439950942993,32.32157754898071,C,0.1239888072013855,0.21474386751651764,0.6612673401832581,C,0.04272015765309334,0.062476154416799545,0.0051054502837359905,0.022717392072081566,0.17370140552520752,0.23241038620471954,0.1684933751821518,0.29237568378448486,173.90528869628906,-171.81854248046875,0.011726897209882736
>Sequence,G,92,0.26395395398139954,27.45121121406555,C,0.14931067824363708,0.16663767397403717,0.6840516328811646,C,0.04161805287003517,0.08399166911840439,0.005145779345184565,0.02418598346412182,0.12668827176094055,0.26035788655281067,0.11823990941047668,0.33977243304252625,-139.44912719726562,-160.49183654785156,0.011390862986445427
>Sequence,L,93,0.24581943452358246,49.409706339240074,C,0.37744227051734924,0.11944172531366348,0.5031159520149231,C,0.07036036252975464,0.26997795701026917,0.003856310620903969,0.019976403564214706,0.09843414276838303,0.15056170523166656,0.0864521935582161,0.3003809154033661,-77.55581665039062,-10.39220142364502,0.006309086456894875
>Sequence,I,94,0.2968044579029083,58.47047820687294,H,0.666308581829071,0.09838181734085083,0.23530958592891693,H,0.10392363369464874,0.5194359421730042,0.007878636009991169,0.012239940464496613,0.08865579217672348,0.06555607169866562,0.06457847356796265,0.13773155212402344,-75.39793395996094,-33.8713264465332,0.00582751864567399
>Sequence,G,95,0.1429116427898407,14.862810850143433,H,0.699137806892395,0.09457115083932877,0.2062910944223404,H,0.12507997453212738,0.5306013226509094,0.007792014162987471,0.00806465744972229,0.09666725248098373,0.04297216609120369,0.06107093021273613,0.12775175273418427,-71.96439361572266,-38.14298629760742,0.004659318830817938
>Sequence,L,96,0.06325727701187134,12.714712679386139,H,0.7005112171173096,0.12622755765914917,0.17326126992702484,H,0.12095092982053757,0.5810574293136597,0.0036540112923830748,0.008952119387686253,0.1158357486128807,0.02574227750301361,0.055053770542144775,0.08875370770692825,-82.1956558227539,-21.79839324951172,0.002050593262538314
>Sequence,A,97,0.045351166278123856,5.850300449877977,H,0.5903980135917664,0.14329221844673157,0.2663097381591797,H,0.1407773792743683,0.49796730279922485,0.0017037122743204236,0.01091060321778059,0.11604191362857819,0.03178304061293602,0.06633655726909637,0.13447938859462738,-86.26206970214844,-5.5329484939575195,0.0010550140868872404
>Sequence,A,98,0.0789131447672844,10.179795674979687,C,0.15746989846229553,0.3257240056991577,0.5168060660362244,E,0.0638117641210556,0.12840093672275543,0.0008542540017515421,0.02916831336915493,0.30634215474128723,0.06800148636102676,0.10609777271747589,0.2973232865333557,-89.20556640625,63.45503234863281,0.0008506528101861477
>Sequence,Y,99,0.2096562683582306,55.139598578214645,E,0.021831732243299484,0.5099684000015259,0.46819984912872314,E,0.012414270080626011,0.012813634239137173,0.0007684670854359865,0.08428051322698593,0.4267261326313019,0.09430191665887833,0.0648793950676918,0.303815633058548,-112.83868408203125,132.477294921875,0.0031582354567945004
>Sequence,S,100,0.32575640082359314,50.49224212765694,C,0.03752138465642929,0.24006390571594238,0.7224146127700806,C,0.018315399065613747,0.015625130385160446,0.0007116217166185379,0.023547178134322166,0.21069668233394623,0.2220265418291092,0.06728453189134598,0.4417929947376251,-105.870849609375,147.42608642578125,0.006845086347311735
>Sequence,E,101,0.6066545248031616,135.28395903110504,C,0.06071186065673828,0.17517100274562836,0.7641171813011169,C,0.04186147451400757,0.024314450100064278,0.001234930008649826,0.022479698061943054,0.14742296934127808,0.23510874807834625,0.23515000939369202,0.2924276888370514,-84.1060562133789,118.28543090820312,0.01769387163221836
>Sequence,G,102,0.44188380241394043,45.955915451049805,C,0.06432312726974487,0.1774546504020691,0.758222222328186,C,0.0400359146296978,0.024019962176680565,0.0025893880520015955,0.027559267356991768,0.13842490315437317,0.23976372182369232,0.19950710237026215,0.32809972763061523,-146.61016845703125,135.60244750976562,0.02331288903951645
>Sequence,A,103,0.29285290837287903,37.778025180101395,C,0.036995209753513336,0.10622121393680573,0.8567836284637451,C,0.01432239729911089,0.01751093752682209,0.0005961158312857151,0.02456030249595642,0.07429270446300507,0.25356346368789673,0.04787624627351761,0.5672778487205505,-99.12686157226562,139.7193603515625,0.017110304906964302
>Sequence,T,104,0.36146730184555054,62.17237591743469,C,0.026255086064338684,0.03673219308257103,0.9370126724243164,C,0.004144974984228611,0.019769039005041122,0.0002603166794870049,0.010107353329658508,0.02417556196451187,0.2833399772644043,0.016014693304896355,0.6421880722045898,-100.37295532226562,151.89059448242188,0.00762874074280262
>Sequence,P,105,0.29606929421424866,47.07501778006554,H,0.49901264905929565,0.023408902809023857,0.47757840156555176,H,0.07329883426427841,0.40621834993362427,0.0024187564849853516,0.004386281594634056,0.019702864810824394,0.08496569842100143,0.11726844310760498,0.2917407751083374,-61.533607482910156,-25.041465759277344,0.00941366609185934
>Sequence,Q,106,0.5041002035140991,113.4225457906723,H,0.7827335596084595,0.013967759907245636,0.20329876244068146,H,0.13109183311462402,0.6066471934318542,0.004970261827111244,0.003274662420153618,0.013318811543285847,0.04968373477458954,0.08176460862159729,0.10924889147281647,-68.45816040039062,-37.61215591430664,0.008812258020043373
>Sequence,D,107,0.3753533661365509,72.44319966435432,H,0.8677811622619629,0.014293912798166275,0.11792495846748352,H,0.1636374145746231,0.6660711765289307,0.004945696331560612,0.003084977623075247,0.0149893993511796,0.01601601392030716,0.05020296946167946,0.08105242252349854,-69.10301971435547,-28.62227439880371,0.007915323600172997
>Sequence,L,108,0.057593077421188354,11.57620856165886,H,0.8979635834693909,0.013593803159892559,0.08844254165887833,H,0.19778229296207428,0.6888909339904785,0.00307569676078856,0.0025284073781222105,0.012471776455640793,0.009351548738777637,0.0387442484498024,0.04715505614876747,-73.07089233398438,-28.975811004638672,0.0020944273564964533
>Sequence,A,109,0.03938595950603485,5.080788776278496,H,0.8085373640060425,0.015987258404493332,0.17547541856765747,H,0.1984194666147232,0.637179970741272,0.001463234657421708,0.0038200602866709232,0.009338125586509705,0.013157825917005539,0.07090318202972412,0.0657181665301323,-71.91246032714844,-19.670124053955078,0.0007113550091162324
>Sequence,A,110,0.06600946187973022,8.515220582485199,C,0.3254680037498474,0.07314269244670868,0.6013893485069275,T,0.14846882224082947,0.25558191537857056,0.0010741821024566889,0.01890716329216957,0.046778835356235504,0.06309717893600464,0.26466089487075806,0.20143094658851624,-80.59967803955078,3.33647084236145,0.0007292794762179255
>Sequence,Y,111,0.19841688871383667,52.183641731739044,C,0.0454096682369709,0.23862001299858093,0.7159702777862549,C,0.028083020821213722,0.02959285117685795,0.0010647118324413896,0.12063851952552795,0.14769373834133148,0.15261368453502655,0.1797245442867279,0.34058889746665955,-111.18599700927734,95.95103454589844,0.002369002439081669
>Sequence,G,112,0.1496388465166092,15.562440037727356,C,0.005239814054220915,0.11916229873895645,0.8755978345870972,C,0.0025867121294140816,0.002292823512107134,0.00017492816550657153,0.027284841984510422,0.09250353276729584,0.2647327184677124,0.020289801061153412,0.5901346206665039,-114.94172668457031,154.14401245117188,0.0028577540069818497
>Sequence,P,113,0.34642061591148376,55.08087792992592,C,0.0371209979057312,0.11732903867959976,0.8455499410629272,C,0.03276728466153145,0.012682820670306683,0.0004460455384105444,0.018671562895178795,0.10193659365177155,0.13546939194202423,0.14533327519893646,0.5526930689811707,-66.56097412109375,136.92941284179688,0.00828965287655592
>Sequence,K,114,0.5834808349609375,137.70147705078125,C,0.06231167912483215,0.06918353587388992,0.8685047626495361,S,0.04711637645959854,0.01814577728509903,0.0007447860552929342,0.015588889829814434,0.04826613888144493,0.3735114634037018,0.17539389431476593,0.3212326765060425,-90.7698745727539,13.219886779785156,0.01070247869938612
>Sequence,E,115,0.49518710374832153,110.4267241358757,C,0.0475880391895771,0.045636724680662155,0.906775176525116,S,0.022266844287514687,0.016784025356173515,0.00032072217436507344,0.008122612722218037,0.02972547523677349,0.537019670009613,0.04096154868602753,0.3447990417480469,-99.66259002685547,133.02615356445312,0.01407581102102995
>Sequence,P,116,0.4152427613735199,66.02359905838966,C,0.09055618196725845,0.042189035564661026,0.8672547340393066,C,0.042334601283073425,0.04106206074357033,0.0005801039515063167,0.011480473913252354,0.03205274045467377,0.1277267336845398,0.10376239567995071,0.6410008668899536,-66.7645263671875,138.52284240722656,0.013040064834058285
>Sequence,F,117,0.28002801537513733,67.20672369003296,C,0.2185298353433609,0.06849975883960724,0.7129703760147095,C,0.08751754462718964,0.10649656504392624,0.002485360484570265,0.02875670976936817,0.04469028860330582,0.13468541204929352,0.11708364635705948,0.4782845079898834,-86.83653259277344,42.4069709777832,0.012765352614223957
>Sequence,R,118,0.4496009647846222,123.19066435098648,H,0.5145624876022339,0.03496231883764267,0.45047512650489807,H,0.11691740900278091,0.3497549891471863,0.005287396255880594,0.011568590998649597,0.0282804723829031,0.11263187974691391,0.0920555368065834,0.2835036814212799,-75.88980865478516,-36.474544525146484,0.011781284585595131
>Sequence,D,119,0.4116074740886688,79.44024249911308,H,0.6343136429786682,0.02973581850528717,0.3359505534172058,H,0.18224693834781647,0.4093986451625824,0.004585069138556719,0.009747142903506756,0.024328695610165596,0.05499770864844322,0.09819696843624115,0.21649877727031708,-73.07830810546875,-22.6822452545166,0.009262642823159695
>Sequence,Y,120,0.201835036277771,53.08261454105377,H,0.7581555843353271,0.016385642811655998,0.2254587709903717,H,0.26966047286987305,0.4756709635257721,0.003549543907865882,0.005088760517537594,0.0122600719332695,0.0279038418084383,0.1185976043343544,0.08726874738931656,-76.72943115234375,-24.727018356323242,0.003438513958826661
>Sequence,A,121,0.04481279477477074,5.780850525945425,H,0.7590324878692627,0.012434747070074081,0.22853276133537292,H,0.357279509305954,0.4230891466140747,0.0009325179271399975,0.003993304446339607,0.007228816393762827,0.021678168326616287,0.10177486389875412,0.0840236246585846,-72.68270874023438,-17.911792755126953,0.0012079024454578757
>Sequence,A,122,0.08734870702028275,11.267983205616474,C,0.34418636560440063,0.05010712891817093,0.6057065725326538,T,0.1949334293603897,0.21749790012836456,0.000676390656735748,0.013266026973724365,0.030662409961223602,0.07633266597986221,0.2777272164821625,0.18890392780303955,-79.74697875976562,-1.7411303520202637,0.0008259703754447401
>Sequence,Y,123,0.2318180352449417,60.96814326941967,C,0.04117083549499512,0.24838516116142273,0.7104439735412598,C,0.025331424549221992,0.02485743723809719,0.001058968948200345,0.10402444750070572,0.16224852204322815,0.20697948336601257,0.12845806777477264,0.34704166650772095,-110.21939086914062,121.11134338378906,0.003009234555065632
>Sequence,K,124,0.41094911098480225,96.98399019241333,C,0.006209798622876406,0.10722982883453369,0.8865603804588318,C,0.0022021103650331497,0.002901551080867648,0.0001684478484094143,0.015585861168801785,0.0886991024017334,0.3489893972873688,0.014527990482747555,0.5269254446029663,-103.4684829711914,136.43096923828125,0.004279793240129948
>Sequence,P,125,0.3219059407711029,51.18304458260536,C,0.052560627460479736,0.16200032830238342,0.7854390740394592,C,0.022702936083078384,0.021945713087916374,0.0005164011381566525,0.026230311021208763,0.1276751011610031,0.09119388461112976,0.05094955489039421,0.6587861180305481,-65.0540771484375,142.9207000732422,0.007544448133558035
>Sequence,V,126,0.3601895868778229,62.67298811674118,C,0.10237138718366623,0.17338654398918152,0.724242091178894,C,0.03865663707256317,0.04774729534983635,0.001628063851967454,0.04425358027219772,0.1315021961927414,0.14570489525794983,0.06858496367931366,0.5219223499298096,-89.28534698486328,119.57887268066406,0.010810582898557186
>Sequence,V,127,0.32276690006256104,56.16144061088562,C,0.16675212979316711,0.19406025111675262,0.6391876339912415,C,0.0439135767519474,0.11000563949346542,0.003490410279482603,0.03423270583152771,0.15399065613746643,0.17287132143974304,0.07500116527080536,0.4064945578575134,-95.15303039550781,124.72663879394531,0.012439815327525139
>Sequence,S,128,0.3360065519809723,52.081015557050705,C,0.20026268064975739,0.1584421992301941,0.6412950754165649,C,0.03885245323181152,0.1437455415725708,0.0033430280163884163,0.01857621781527996,0.13180997967720032,0.17372417449951172,0.06818023324012756,0.42176833748817444,-95.7994613647461,156.89971923828125,0.011148711666464806
>Sequence,T,129,0.367384672164917,63.19016361236572,C,0.3937627375125885,0.10623813420534134,0.49999910593032837,H,0.04737989604473114,0.32600632309913635,0.006581603083759546,0.010193297639489174,0.09721671789884567,0.15434913337230682,0.07997419685125351,0.2782987952232361,-86.08451080322266,-33.07243347167969,0.008618839085102081
>Sequence,Q,130,0.4014261066913605,90.3208740055561,H,0.6257079243659973,0.08550552278757095,0.28878656029701233,H,0.06258299946784973,0.524305522441864,0.008176923729479313,0.008034984581172466,0.08578180521726608,0.07167104631662369,0.06334438920021057,0.1761024445295334,-75.25064086914062,-33.27683639526367,0.0076124658808112144
>Sequence,L,131,0.27630141377449036,55.53658416867256,H,0.7558942437171936,0.07478294521570206,0.16932278871536255,H,0.07405093312263489,0.640678882598877,0.008775684982538223,0.006037678103893995,0.07809395343065262,0.032864537090063095,0.03947845846414566,0.1200198233127594,-72.87813568115234,-34.83455276489258,0.006671309936791658
>Sequence,L,132,0.19051627814769745,38.29377190768719,H,0.8301162123680115,0.06677350401878357,0.10311030596494675,H,0.06919274479150772,0.7325323820114136,0.006856474094092846,0.004759782925248146,0.07126381248235703,0.015740755945444107,0.02951231598854065,0.07014165818691254,-70.57234954833984,-34.680091857910156,0.0036209800746291876
>Sequence,L,133,0.06932364404201508,13.93405245244503,H,0.870311975479126,0.041561491787433624,0.08812663704156876,H,0.096298448741436,0.7624450325965881,0.005692098755389452,0.003543761558830738,0.03951851651072502,0.011384300887584686,0.03593375161290169,0.04518401622772217,-71.79458618164062,-30.604860305786133,0.002103503094986081
>Sequence,A,134,0.07497407495975494,9.671655669808388,H,0.8437561988830566,0.02483990229666233,0.131403848528862,H,0.1162351667881012,0.7408550381660461,0.0030566100031137466,0.0024451804347336292,0.017416616901755333,0.012564445845782757,0.06550001353025436,0.04192690551280975,-70.89537048339844,-25.390705108642578,0.0011560681741684675
>Sequence,A,135,0.10302645713090897,13.290412969887257,H,0.5749278664588928,0.06242682784795761,0.36264535784721375,H,0.12428079545497894,0.5034372210502625,0.002748019527643919,0.007423284463584423,0.04131787270307541,0.0346699059009552,0.19384774565696716,0.0922752320766449,-78.06195831298828,-9.811654090881348,0.0008262520423159003
>Sequence,Y,136,0.18337233364582062,48.22692374885082,C,0.15061724185943604,0.21852722764015198,0.6308556199073792,C,0.0485539473593235,0.1199226975440979,0.004632341675460339,0.06003979220986366,0.15799464285373688,0.12164099514484406,0.20120662450790405,0.28600895404815674,-97.79243469238281,74.03655242919922,0.0022816022392362356
>Sequence,Q,137,0.35224732756614685,79.25564870238304,C,0.11072749644517899,0.15107211470603943,0.7382003664970398,C,0.023753831163048744,0.08355458080768585,0.002889118157327175,0.0287310890853405,0.12444083392620087,0.2059163749217987,0.08412718772888184,0.446586936712265,-95.30673217773438,124.74943542480469,0.005897154100239277
>Sequence,T,138,0.44291630387306213,76.18160426616669,C,0.23210637271404266,0.1450798511505127,0.6228138208389282,C,0.057434748858213425,0.15758584439754486,0.005065376404672861,0.019401412457227707,0.12340652942657471,0.19416940212249756,0.13090196251869202,0.3120347261428833,-86.78864288330078,1.3326035737991333,0.010520970448851585
>Sequence,S,139,0.3855606019496918,59.761893302202225,C,0.23421987891197205,0.19708389043807983,0.5686962008476257,C,0.06808824837207794,0.15242023766040802,0.005541728809475899,0.02277006022632122,0.16644638776779175,0.1702623963356018,0.12608127295970917,0.288389652967453,-93.72354888916016,62.67985153198242,0.011694993823766708
>Sequence,V,140,0.33661335706710815,58.57072412967682,C,0.23655246198177338,0.23054388165473938,0.5329036712646484,C,0.05384473502635956,0.1764693409204483,0.006862269248813391,0.024525722488760948,0.19032543897628784,0.15431180596351624,0.12240121513605118,0.27125948667526245,-93.57320404052734,39.66541290283203,0.012115243822336197
>Sequence,F,141,0.3077557384967804,73.8613772392273,C,0.1961185187101364,0.2304440289735794,0.5734374523162842,C,0.0400574691593647,0.14468379318714142,0.004575891420245171,0.02285691536962986,0.19468176364898682,0.16644038259983063,0.09532420337200165,0.33137959241867065,-98.32654571533203,112.21034240722656,0.011173848062753677
>Sequence,S,142,0.3265267610549927,50.611647963523865,C,0.16725270450115204,0.20539326965808868,0.6273539662361145,C,0.027148602530360222,0.13067086040973663,0.0031447482760995626,0.0233792494982481,0.17256087064743042,0.14034640789031982,0.07584952563047409,0.4268997013568878,-93.74581146240234,141.0503692626953,0.007217098493129015
>Sequence,A,143,0.20154961943626404,25.99990090727806,H,0.4740394055843353,0.08950413018465042,0.43645650148391724,H,0.042323436588048935,0.41371771693229675,0.006123906467109919,0.008309999480843544,0.07940104603767395,0.10564230382442474,0.06856687366962433,0.27591466903686523,-75.31903076171875,-32.50518035888672,0.007638370618224144
>Sequence,T,144,0.364396333694458,62.67616939544678,H,0.6797690987586975,0.07863835990428925,0.24159255623817444,H,0.04446810483932495,0.6211881637573242,0.010436161421239376,0.007755097933113575,0.07001744955778122,0.053514279425144196,0.04731900244951248,0.1453016996383667,-76.42817687988281,-39.12545394897461,0.006884255912154913
>Sequence,V,145,0.1939132809638977,33.7409108877182,H,0.8050336837768555,0.07290160655975342,0.1220647394657135,H,0.04703041911125183,0.7354094982147217,0.010753534734249115,0.0051731811836361885,0.07024937868118286,0.020194968208670616,0.031677354127168655,0.07951166480779648,-73.74512481689453,-38.90513229370117,0.005119365639984608
>Sequence,Y,146,0.16588173806667328,43.62689711153507,H,0.8450933694839478,0.051217228174209595,0.10368943959474564,H,0.0664701908826828,0.7733709812164307,0.008206579834222794,0.004163410048931837,0.04301767796278,0.014424982480704784,0.039423868060112,0.050922270864248276,-77.84432983398438,-33.35624694824219,0.0037332861684262753
>Sequence,A,147,0.08856376260519028,11.424725376069546,H,0.8363170027732849,0.04085380211472511,0.12282915413379669,H,0.06614802777767181,0.7877475023269653,0.004426252096891403,0.0025951697025448084,0.03062693402171135,0.013371333479881287,0.045407649129629135,0.04967723414301872,-75.77307891845703,-27.94585609436035,0.001953702187165618
>Sequence,A,148,0.12063449621200562,15.561850011348724,H,0.6121610999107361,0.07492506504058838,0.31291377544403076,H,0.08727730810642242,0.5772943496704102,0.0030940116848796606,0.005862570367753506,0.054145392030477524,0.033960308879613876,0.14199388027191162,0.09637214243412018,-80.34163665771484,-13.677947998046875,0.0011074116919189692
>Sequence,Y,149,0.2232891023159027,58.72503390908241,C,0.13150224089622498,0.2529071867465973,0.615590512752533,C,0.03827643766999245,0.11004816740751266,0.004879140295088291,0.06100763380527496,0.18570470809936523,0.13393263518810272,0.16117674112319946,0.3049744963645935,-102.3605728149414,100.84327697753906,0.003029994899407029
>Sequence,S,150,0.26027417182922363,40.34249663352966,C,0.09030730277299881,0.13190405070781708,0.7777885794639587,C,0.021147720515727997,0.05715671554207802,0.002010193420574069,0.023190150037407875,0.10547706484794617,0.25261685252189636,0.07638093084096909,0.4620203673839569,-95.1387710571289,148.3040313720703,0.004228118807077408
>Sequence,E,151,0.5242728590965271,116.91284757852554,C,0.13249471783638,0.14647305011749268,0.7210323214530945,C,0.043554261326789856,0.08254927396774292,0.002610050141811371,0.028544344007968903,0.12367890030145645,0.18880914151668549,0.15801282227039337,0.37224122881889343,-83.51874542236328,97.7857894897461,0.01030055247247219
>Sequence,S,152,0.3819076716899872,59.19568911194801,C,0.17136242985725403,0.10403129458427429,0.7246062159538269,C,0.054736215621232986,0.10821787267923355,0.0035710076335817575,0.018702099099755287,0.08271154761314392,0.23235009610652924,0.16421931982040405,0.3354918360710144,-94.07317352294922,115.14021301269531,0.010242625139653683
>Sequence,E,153,0.51617830991745,115.10776311159134,C,0.25693580508232117,0.08600063621997833,0.6570635437965393,C,0.06015399098396301,0.17828664183616638,0.0050206794403493404,0.012837669812142849,0.07107961177825928,0.24234920740127563,0.1422313153743744,0.2880409061908722,-89.48393249511719,3.5571200847625732,0.011274958029389381
>Sequence,S,154,0.3289700448513031,50.99035695195198,C,0.25128039717674255,0.09676723927259445,0.65195232629776,C,0.04704034700989723,0.19359871745109558,0.004892951808869839,0.02131403423845768,0.0748768299818039,0.17279069125652313,0.1177874431014061,0.36769899725914,-90.60783386230469,113.59850311279297,0.00711684487760067
>Sequence,Y,155,0.2564420998096466,67.44427224993706,H,0.52345210313797,0.04119110479950905,0.4353567957878113,H,0.05084844306111336,0.4561893045902252,0.010325548239052296,0.009958883747458458,0.03022393025457859,0.10215625911951065,0.08398240804672241,0.2563152313232422,-78.28980255126953,-25.815576553344727,0.008424099534749985
>Sequence,N,156,0.4142366051673889,80.77613800764084,H,0.8063578009605408,0.014027738943696022,0.17961446940898895,H,0.03678356483578682,0.754490077495575,0.006959300488233566,0.002333745127543807,0.011684099212288857,0.03410951420664787,0.03468673303723335,0.11895295977592468,-69.88787841796875,-35.99274826049805,0.00794713944196701
>Sequence,E,157,0.3764282166957855,83.94349232316017,H,0.9162391424179077,0.01299962680786848,0.07076121121644974,H,0.03561698645353317,0.8633619546890259,0.0056851585395634174,0.00186195969581604,0.012679687701165676,0.01031986903399229,0.023521598428487778,0.04695276916027069,-68.1534652709961,-37.26291275024414,0.007352658547461033
>Sequence,L,158,0.043860163539648056,8.81589287146926,H,0.9572272896766663,0.0048149628564715385,0.03795762360095978,H,0.04265933856368065,0.9051158428192139,0.0027549464721232653,0.0006112077389843762,0.0050021144561469555,0.003809013869613409,0.014171360060572624,0.025876199826598167,-67.95661926269531,-37.03282928466797,0.0027376841753721237
>Sequence,A,159,0.037238094955682755,4.803714249283075,H,0.96779465675354,0.0020689843222498894,0.03013639897108078,H,0.04358334839344025,0.9252611398696899,0.0017874650657176971,0.0003210013674106449,0.001245603896677494,0.0018462447915226221,0.014917748048901558,0.011037587188184261,-64.56890106201172,-35.675621032714844,0.0011110149789601564
>Sequence,A,160,0.058879390358924866,7.595441356301308,H,0.9039257168769836,0.00450346153229475,0.09157076478004456,H,0.06544794887304306,0.8478904962539673,0.002276527462527156,0.0006171750137582421,0.0020996120292693377,0.003892314387485385,0.06262601166963577,0.015149947255849838,-69.3721694946289,-28.158252716064453,0.0005825695698149502
>Sequence,Y,161,0.13023674488067627,34.25226390361786,H,0.5498173832893372,0.044386349618434906,0.4057962894439697,H,0.09018630534410477,0.495381623506546,0.011911308392882347,0.014099140651524067,0.02236238494515419,0.043633073568344116,0.22735820710659027,0.09506791085004807,-86.54931640625,-8.37805461883545,0.0018301524687558413
>Sequence,M,162,0.16040056943893433,35.92972755432129,C,0.28915995359420776,0.05769064649939537,0.6531493663787842,C,0.05809835344552994,0.2266056090593338,0.0074839466251432896,0.022137274965643883,0.03908798471093178,0.17108461260795593,0.14271138608455658,0.3327908217906952,-80.91465759277344,16.392210006713867,0.0025016157887876034
>Sequence,R,163,0.4465959370136261,122.36728674173355,C,0.2974852919578552,0.09355421364307404,0.6089605093002319,C,0.09798603504896164,0.1942284256219864,0.0067620896734297276,0.025284426286816597,0.06655645370483398,0.1475932002067566,0.23029625415802002,0.23129311203956604,-77.4759750366211,-15.165542602539062,0.006493847817182541
>Sequence,Y,164,0.4258742928504944,112.00493901968002,C,0.2531818151473999,0.0824228823184967,0.664395272731781,T,0.08371047675609589,0.1543901264667511,0.004911333322525024,0.023295428603887558,0.04996728152036667,0.19823750853538513,0.28990235924720764,0.19558550417423248,-95.2264404296875,20.4916934967041,0.00704976124688983
>Sequence,G,165,0.28075242042541504,29.198251724243164,C,0.10655591636896133,0.09139856696128845,0.8020455241203308,C,0.03917330503463745,0.049914270639419556,0.004313130397349596,0.02400422841310501,0.06242496147751808,0.29390981793403625,0.16628138720989227,0.3599790036678314,-108.7438735961914,169.9211883544922,0.012058119289577007
>Sequence,R,166,0.5152059197425842,141.16642200946808,C,0.06331519037485123,0.0752435177564621,0.8614413142204285,C,0.024723971262574196,0.03225402534008026,0.0014258938608691096,0.025184789672493935,0.052211351692676544,0.28635838627815247,0.12097012251615524,0.45687147974967957,-91.25485229492188,74.94938659667969,0.009822799824178219
>Sequence,H,167,0.3251352310180664,72.83029174804688,C,0.051840487867593765,0.02899564802646637,0.9191639423370361,C,0.010949620977044106,0.031236395239830017,0.0005031661712564528,0.007250736001878977,0.01997402496635914,0.3925023674964905,0.03246615454554558,0.5051174759864807,-95.38023376464844,133.15650939941406,0.006867500487715006
>Sequence,P,168,0.32268092036247253,51.30626633763313,C,0.3506205976009369,0.024098137393593788,0.6252812743186951,C,0.08563417941331863,0.24287687242031097,0.0016446671215817332,0.0062036397866904736,0.019797880202531815,0.07675718516111374,0.10735046863555908,0.45973509550094604,-62.07197952270508,-62.677188873291016,0.0074792103841900826
>Sequence,S,169,0.24060837924480438,37.29429878294468,H,0.587677538394928,0.038649432361125946,0.37367305159568787,H,0.1648128777742386,0.3816911578178406,0.003962322138249874,0.014787053689360619,0.03062201663851738,0.06220683455467224,0.1028183102607727,0.23909945785999298,-73.56122589111328,-36.191429138183594,0.0051806215196847916
>Sequence,F,170,0.11656013131141663,27.97443151473999,H,0.8064570426940918,0.016061773523688316,0.1774812489748001,H,0.26740509271621704,0.5173782110214233,0.0041669514030218124,0.004891160409897566,0.011632367968559265,0.02812669612467289,0.09183815866708755,0.07456141710281372,-72.83622741699219,-27.484752655029297,0.004523050505667925
>Sequence,A,171,0.04157903417944908,5.3636954091489315,H,0.8719055652618408,0.008461738005280495,0.11963269114494324,H,0.29525405168533325,0.5762854218482971,0.0013096944894641638,0.002426151419058442,0.00521677453070879,0.012880384922027588,0.06478826701641083,0.041839223355054855,-69.93846130371094,-25.2423038482666,0.0013041016645729542
>Sequence,A,172,0.05265447869896889,6.7924277521669865,H,0.6420819759368896,0.024909647181630135,0.33300840854644775,H,0.24485455453395844,0.43984362483024597,0.0011988517362624407,0.005296523217111826,0.013657551258802414,0.02834433875977993,0.18632212281227112,0.08048240095376968,-74.4647445678711,-13.239375114440918,0.0006762001430615783
>Sequence,Y,173,0.18530991673469543,48.7365081012249,C,0.19577166438102722,0.12931592762470245,0.6749124526977539,C,0.09184040129184723,0.14289262890815735,0.0034796344116330147,0.044159434735774994,0.08739735931158066,0.12443522363901138,0.23223377764225006,0.2735615074634552,-96.12985229492188,54.16994094848633,0.002290182514116168
>Sequence,K,174,0.4000648558139801,94.4153059720993,C,0.1308574080467224,0.12103310972452164,0.7481095194816589,C,0.03094760701060295,0.09041714668273926,0.002902247942984104,0.02153581939637661,0.10268118232488632,0.28233686089515686,0.08498337864875793,0.3841956555843353,-91.1376953125,138.10317993164062,0.003099957713857293
>Sequence,E,175,0.4509333372116089,100.55813419818878,C,0.1848842054605484,0.2591319680213928,0.5559837818145752,C,0.057419776916503906,0.1211894303560257,0.0035007845144718885,0.048211872577667236,0.2224646508693695,0.1055995300412178,0.11371492594480515,0.3278990387916565,-79.79013061523438,125.0092544555664,0.00588195538148284
>Sequence,F,176,0.2716445028781891,65.19468069076538,C,0.25058242678642273,0.2403576374053955,0.5090599656105042,C,0.07402728497982025,0.16517458856105804,0.00654960609972477,0.032207246869802475,0.20091518759727478,0.11287543922662735,0.1319483369588852,0.276302307844162,-91.98825073242188,29.590330123901367,0.007490737829357386
>Sequence,K,177,0.40841829776763916,96.38671827316284,C,0.2541395425796509,0.14415089786052704,0.6017094850540161,C,0.0561005175113678,0.17813241481781006,0.005389028694480658,0.015381576493382454,0.1313682645559311,0.19998936355113983,0.12128060311079025,0.29235824942588806,-92.4151611328125,14.028780937194824,0.004640344064682722
>Sequence,T,178,0.3203218877315521,55.095364689826965,C,0.19502775371074677,0.18208684027194977,0.6228854060173035,C,0.03526083379983902,0.15471577644348145,0.0044282847084105015,0.027530284598469734,0.1553383767604828,0.17417433857917786,0.08182526379823685,0.3667268753051758,-98.06285095214844,155.99546813964844,0.0036334670148789883
>Sequence,L,179,0.19462430477142334,39.11948525905609,C,0.3891940116882324,0.11861374229192734,0.49219220876693726,C,0.06859026849269867,0.28663185238838196,0.00758002232760191,0.01824105717241764,0.10352984070777893,0.11895821988582611,0.08674991875886917,0.3097187876701355,-78.91062927246094,-15.0504732131958,0.004442224279046059
>Sequence,Y,180,0.3459232747554779,90.97782126069069,H,0.5539407730102539,0.09070330113172531,0.3553559184074402,H,0.09284882247447968,0.42817094922065735,0.011463342234492302,0.01505202054977417,0.07676089555025101,0.0950699895620346,0.0925743505358696,0.18805964291095734,-79.25493621826172,-34.71714782714844,0.003917703405022621
>Sequence,N,181,0.309317946434021,60.316999554634094,H,0.5670492649078369,0.12434744089841843,0.30860334634780884,H,0.1110772043466568,0.40687575936317444,0.011698068119585514,0.02092674747109413,0.11451485753059387,0.06250132620334625,0.09072909504175186,0.1816769391298294,-73.55260467529297,2.12139892578125,0.004801276605576277
>Sequence,L,182,0.0558951236307621,11.234919849783182,H,0.6595507264137268,0.07412934303283691,0.2663199007511139,H,0.13018018007278442,0.5147585868835449,0.005264241714030504,0.011630365625023842,0.06830993294715881,0.033588383346796036,0.08085882663726807,0.15540950000286102,-77.15628814697266,-25.333744049072266,0.0020612862426787615
>Sequence,A,183,0.05143246427178383,6.634787891060114,H,0.6738134026527405,0.028046000748872757,0.29814061522483826,H,0.1888848841190338,0.5196611881256104,0.002009617630392313,0.006896035745739937,0.017478708177804947,0.03148799389600754,0.12313154339790344,0.11044998466968536,-71.4482192993164,-23.02620506286621,0.0009577810997143388
>Sequence,A,184,0.0559433214366436,7.2166884653270245,C,0.4193313419818878,0.05242524296045303,0.5282434821128845,H,0.16633184254169464,0.30895987153053284,0.001509954803623259,0.012256772257387638,0.03324016556143761,0.0600421242415905,0.25782114267349243,0.15983815491199493,-76.29496765136719,-8.917179107666016,0.0005627603968605399
>Sequence,Y,185,0.13970161974430084,36.74152599275112,C,0.13816045224666595,0.1739141196012497,0.687925398349762,C,0.0568399615585804,0.10029005259275436,0.0030952345114201307,0.07032615691423416,0.11347058415412903,0.1359836608171463,0.22089460492134094,0.29909971356391907,-100.7106704711914,72.33280181884766,0.0017219842411577702
>Sequence,S,186,0.18481507897377014,28.646337240934372,C,0.11539317667484283,0.1545046865940094,0.7301020622253418,C,0.03375010937452316,0.0685042217373848,0.001802626415155828,0.030014997348189354,0.11926080286502838,0.1993873566389084,0.08128873258829117,0.46599122881889343,-97.76663970947266,129.8655548095703,0.002038010861724615
>Sequence,F,187,0.33980274200439453,81.55265808105469,C,0.2192639857530594,0.17181891202926636,0.6089170575141907,C,0.07586481422185898,0.1296054869890213,0.003907242324203253,0.021846408024430275,0.13924512267112732,0.1959238052368164,0.15131373703479767,0.2822934091091156,-85.61512756347656,-0.3824472725391388,0.0053315856494009495
>Sequence,T,188,0.34733596444129944,59.7417858839035,C,0.20530061423778534,0.2207362949848175,0.5739630460739136,C,0.06610676646232605,0.1362149715423584,0.0044233668595552444,0.03034430555999279,0.18090327084064484,0.16555337607860565,0.14903196692466736,0.26742199063301086,-96.6545181274414,52.5687370300293,0.0064855776727199554
>Sequence,L,189,0.2261735498905182,45.460883527994156,C,0.20762969553470612,0.21714289486408234,0.5752273797988892,C,0.05613936856389046,0.1422082483768463,0.003276642644777894,0.026525044813752174,0.1852005124092102,0.16738881170749664,0.08565815538167953,0.33360329270362854,-92.75396728515625,105.53511047363281,0.005494816228747368
>Sequence,M,190,0.33019134402275085,73.96286106109619,C,0.1959017962217331,0.22129753232002258,0.5828006863594055,C,0.04638012871146202,0.1389700472354889,0.003199371276423335,0.03871365264058113,0.17752687633037567,0.11367180198431015,0.08002004772424698,0.4015180766582489,-87.6670150756836,108.45137023925781,0.008532035164535046
>Sequence,V,191,0.1966356635093689,34.21460545063019,C,0.3025240898132324,0.18617458641529083,0.5113012790679932,C,0.06440650671720505,0.21535126864910126,0.00492664473131299,0.026835210621356964,0.16054415702819824,0.11165440082550049,0.06323802471160889,0.3530438244342804,-85.23175048828125,94.03260803222656,0.010732357390224934
>Sequence,E,192,0.5211634635925293,116.21945238113403,H,0.43140748143196106,0.1416732519865036,0.4269193112850189,H,0.1012546643614769,0.30209633708000183,0.0061917174607515335,0.013876744545996189,0.13763585686683655,0.09994576126337051,0.09196402877569199,0.24703481793403625,-77.60335540771484,-27.3494815826416,0.011957840994000435
>Sequence,S,193,0.3158295750617981,48.953584134578705,C,0.4036274552345276,0.17803145945072174,0.4183410704135895,H,0.11357073485851288,0.27143463492393494,0.005808231420814991,0.01852499321103096,0.16401180624961853,0.08167318254709244,0.09754399955272675,0.2474324107170105,-84.75914764404297,-26.185081481933594,0.009298273362219334
>Sequence,F,194,0.1274642050266266,30.59140920639038,H,0.4854966402053833,0.08346188068389893,0.4310414493083954,H,0.18301309645175934,0.3121050298213959,0.005377449095249176,0.011673000641167164,0.06794621795415878,0.08280503749847412,0.1459486186504364,0.19113150238990784,-84.19708251953125,-14.942330360412598,0.006647069472819567
>Sequence,A,195,0.09397117793560028,12.122281953692436,C,0.4157766103744507,0.06397455185651779,0.5202488303184509,H,0.17905059456825256,0.2689683437347412,0.0015586010413244367,0.01381652895361185,0.04730210453271866,0.08243942260742188,0.15805768966674805,0.2488066703081131,-79.54573822021484,-2.969641923904419,0.002651824615895748
>Sequence,A,196,0.11240927875041962,14.50079695880413,C,0.1565355658531189,0.14418114721775055,0.6992833018302917,C,0.09864777326583862,0.09262876957654953,0.0007679274422116578,0.03593070060014725,0.10538098961114883,0.1268526166677475,0.21348819136619568,0.32630306482315063,-88.85523986816406,35.867279052734375,0.0019975099712610245
>Sequence,Y,197,0.19203443825244904,50.505057260394096,C,0.02352566085755825,0.3065830171108246,0.669891357421875,C,0.015082225203514099,0.013319029472768307,0.0006617655162699521,0.1149076372385025,0.1948266625404358,0.17167916893959045,0.09905775636434555,0.39046573638916016,-118.48612976074219,129.52001953125,0.002874787664040923
>Sequence,S,198,0.20482952892780304,31.74857698380947,C,0.0065941899083554745,0.1090569943189621,0.8843488097190857,C,0.00240486697293818,0.003238062607124448,0.0001143834597314708,0.013846573419868946,0.08516111969947815,0.2656131088733673,0.0118740014731884,0.617747962474823,-110.28489685058594,144.0960693359375,0.003007852705195546
>Sequence,P,199,0.3039337694644928,48.325469344854355,C,0.13080787658691406,0.09557586163282394,0.7736163139343262,C,0.06873835623264313,0.05633697286248207,0.0008381771622225642,0.011969859711825848,0.08101552724838257,0.12644889950752258,0.14813394844532013,0.5065181851387024,-65.15154266357422,135.88864135742188,0.0074905394576489925
>Sequence,R,200,0.4933350384235382,135.17380052804947,C,0.2388746291399002,0.08302891999483109,0.6780964732170105,C,0.12917256355285645,0.10219830274581909,0.0017119926633313298,0.015124418772757053,0.06695348769426346,0.1792207509279251,0.22151049971580505,0.2841079533100128,-80.30435943603516,-11.196061134338379,0.0094668073579669
>Sequence,T,201,0.4030103087425232,69.31777310371399,C,0.25474539399147034,0.12664544582366943,0.6186091303825378,C,0.11803049594163895,0.11842407286167145,0.002748487051576376,0.019504396244883537,0.10321677476167679,0.17347308993339539,0.17818792164325714,0.2864148020744324,-96.83418273925781,40.41787338256836,0.01095562893897295
>Sequence,L,202,0.30148258805274963,60.598000198602676,C,0.21340982615947723,0.1265166848897934,0.6600735187530518,C,0.10364490002393723,0.10350863635540009,0.002229827456176281,0.017968883737921715,0.10683511942625046,0.18914009630680084,0.14556489884853363,0.33110764622688293,-87.94330596923828,39.950687408447266,0.010619064792990685
>Sequence,N,203,0.5105672478675842,99.56061333417892,C,0.1769535392522812,0.1783365160226822,0.6447098851203918,C,0.08599280565977097,0.08037783950567245,0.0023437943309545517,0.021527022123336792,0.15436303615570068,0.1506839394569397,0.15470416843891144,0.35000738501548767,-91.40969848632812,64.91000366210938,0.02002873830497265
>Sequence,A,204,0.19346877932548523,24.957472532987595,C,0.16233916580677032,0.3189747631549835,0.5186861157417297,C,0.07009010761976242,0.07996586710214615,0.0015310731250792742,0.026625430211424828,0.28754356503486633,0.09130242466926575,0.0695069432258606,0.3734346628189087,-92.52572631835938,124.61408996582031,0.01457267440855503
>Sequence,W,205,0.36985301971435547,105.40811061859131,E,0.10203874111175537,0.5528095364570618,0.34515172243118286,E,0.04151766747236252,0.05887368321418762,0.0014428048161789775,0.04092923924326897,0.5049022436141968,0.06722433865070343,0.054013676941394806,0.23109638690948486,-99.27165985107422,114.55353546142578,0.009352465160191059
>Sequence,V,206,0.2363559454679489,41.12593451142311,E,0.03525533899664879,0.5591245889663696,0.4056200683116913,E,0.011526648886501789,0.02777526155114174,0.0008735907613299787,0.08054035156965256,0.4527170658111572,0.09079170227050781,0.043768640607595444,0.2920067310333252,-111.85198974609375,126.06320190429688,0.007871699519455433
>Sequence,G,207,0.16438142955303192,17.09566867351532,C,0.0010462832869961858,0.13251708447933197,0.8664366006851196,C,0.0005340816569514573,0.0003408357151784003,6.037557977833785e-05,0.019253622740507126,0.10108483582735062,0.15881656110286713,0.01357211358845234,0.7063375115394592,178.45321655273438,177.8825225830078,0.0045181685127317905
>Sequence,P,208,0.2559885084629059,40.702172845602036,C,0.001886218786239624,0.09139540046453476,0.9067183136940002,C,0.0011106228921562433,0.0004965615808032453,5.422702815849334e-05,0.02866102196276188,0.055914510041475296,0.16353094577789307,0.03187694400548935,0.718355119228363,-67.822509765625,150.54226684570312,0.005088628735393286
>Sequence,G,209,0.2421547919511795,25.18409836292267,C,0.0009715602500364184,0.045117318630218506,0.9539110660552979,C,0.0005997872794978321,0.0002635471464600414,3.2193627703236416e-05,0.0247553251683712,0.026649124920368195,0.20358476042747498,0.01850152388215065,0.7256137132644653,-107.0628890991211,176.52821350097656,0.005026513710618019
>Sequence,P,210,0.3477031886577606,55.28480699658394,C,0.003397006308659911,0.03350129723548889,0.9631016850471497,C,0.0030104387551546097,0.0009289309964515269,4.701637226389721e-05,0.017212791368365288,0.022379377856850624,0.23487550020217896,0.07912704348564148,0.6424189209938049,-64.25201416015625,150.40646362304688,0.0034340855199843645
>Sequence,G,211,0.27666226029396057,28.7728750705719,C,0.012262675911188126,0.07396893203258514,0.9137684106826782,C,0.01112806610763073,0.0031051577534526587,0.00033792975591495633,0.04252522066235542,0.04719484969973564,0.3750484585762024,0.09266491234302521,0.42799535393714905,160.6265411376953,176.72059631347656,0.0044744787737727165
>Sequence,P,212,0.342865526676178,54.5156187415123,C,0.021646857261657715,0.09378068149089813,0.8845725059509277,C,0.015404464676976204,0.006121773272752762,0.00025564630050212145,0.02942512370646,0.06649722158908844,0.2124987095594406,0.06163739785552025,0.6081596612930298,-71.15449523925781,139.1156768798828,0.004556511528789997
>Sequence,I,213,0.22812004387378693,44.939648643136024,C,0.038223378360271454,0.21948325634002686,0.7422933578491211,C,0.027622848749160767,0.012971363961696625,0.00037142011569812894,0.04842754825949669,0.16903604567050934,0.23501427471637726,0.02565176598727703,0.48090463876724243,-101.25011444091797,132.25247192382812,0.005063454154878855
>Sequence,P,214,0.31208744645118713,49.621903985738754,C,0.05802523344755173,0.2585381865501404,0.6834365725517273,C,0.03455544635653496,0.01929311640560627,0.00048595431144349277,0.032491736114025116,0.2123674899339676,0.07863125950098038,0.042722079902887344,0.5794528722763062,-70.96664428710938,138.4532928466797,0.007265184540301561
>Sequence,I,215,0.22582730650901794,44.487979382276535,C,0.1157241016626358,0.35144302248954773,0.5328329205513,C,0.073252834379673,0.04481177404522896,0.0011296733282506466,0.04115600138902664,0.3061307966709137,0.0900818482041359,0.05657646432518959,0.38686057925224304,-95.97369384765625,118.95924377441406,0.010614385828375816
>Sequence,H,216,0.3775630295276642,84.57411861419678,C,0.10298611223697662,0.40399670600891113,0.4930172264575958,E,0.06318895518779755,0.04276420176029205,0.0015664554666727781,0.028025006875395775,0.36990517377853394,0.10453401505947113,0.0704745501279831,0.3195416331291199,-104.49797821044922,118.66709899902344,0.013813073746860027
>Sequence,Y,217,0.298401415348053,78.47957223653793,C,0.07371113449335098,0.4397224485874176,0.4865664541721344,E,0.043722379952669144,0.036260899156332016,0.0011805187677964568,0.03650960698723793,0.39936593174934387,0.09522857517004013,0.07421134412288666,0.3135206699371338,-107.58167266845703,123.40621948242188,0.009438630193471909
>Sequence,C,218,0.18916408717632294,31.59040255844593,C,0.03250304237008095,0.3927737772464752,0.5747231245040894,C,0.015356182120740414,0.01787589117884636,0.0009587207459844649,0.043142594397068024,0.32331013679504395,0.1242644265294075,0.04446658864617348,0.4306254982948303,-110.0814208984375,132.09713745117188,0.01138636376708746
>Sequence,T,219,0.3088025748729706,53.11404287815094,C,0.021231843158602715,0.1615530550479889,0.817215085029602,C,0.007912778295576572,0.011542237363755703,0.0003475516859907657,0.016465939581394196,0.13773158192634583,0.222977414727211,0.024907704442739487,0.5781148672103882,-105.25724792480469,143.57177734375,0.010312909260392189
>Sequence,P,220,0.40810635685920715,64.88891074061394,C,0.17679093778133392,0.10521537065505981,0.7179936766624451,T,0.09562719613313675,0.07021712511777878,0.001390770892612636,0.008803436532616615,0.08591218292713165,0.1446811407804489,0.30158358812332153,0.2917845547199249,-64.55435180664062,102.27792358398438,0.01245187595486641
>Sequence,A,221,0.41136279702186584,53.065800815820694,C,0.23283950984477997,0.10071825981140137,0.6664422154426575,T,0.12696366012096405,0.09885872900485992,0.0015736371278762817,0.01060844212770462,0.08225644379854202,0.134865865111351,0.32764917612075806,0.21722406148910522,-77.91992950439453,18.778987884521484,0.01411246508359909
>Sequence,G,222,0.2476249784231186,25.752997756004333,C,0.20783460140228271,0.21700827777385712,0.575157105922699,T,0.10074090212583542,0.07984105497598648,0.0042976029217243195,0.010827376507222652,0.2022339403629303,0.16982710361480713,0.22288763523101807,0.20934438705444336,145.2859649658203,-19.86612892150879,0.00944637693464756
>Sequence,Y,223,0.2774794101715088,72.97708487510681,E,0.14747442305088043,0.45377686619758606,0.3987486958503723,E,0.05250253900885582,0.09002822637557983,0.0020269507076591253,0.025248782709240913,0.4175155758857727,0.08956027776002884,0.06267886608839035,0.26043879985809326,-101.07283782958984,132.94583129882812,0.00859593041241169
>Sequence,A,224,0.12933750450611115,16.684538081288338,E,0.10400892049074173,0.648892879486084,0.24709822237491608,E,0.030575953423976898,0.06946439296007156,0.0013647539308294654,0.023368943482637405,0.6087733507156372,0.04329754784703255,0.02362138219177723,0.19953367114067078,-102.775634765625,135.9823760986328,0.009112694300711155
>Sequence,I,225,0.21783678233623505,42.913846120238304,E,0.05985892936587334,0.7808911800384521,0.15924987196922302,E,0.016721008345484734,0.04689804092049599,0.0010567327262833714,0.031248759478330612,0.7352155447006226,0.024745052680373192,0.014615016989409924,0.1294998824596405,-103.64947509765625,126.54179382324219,0.007090188097208738
>Sequence,L,226,0.21540547907352448,43.29650129377842,E,0.03334670513868332,0.6024361848831177,0.3642171621322632,E,0.009526588022708893,0.025964384898543358,0.0005779401399195194,0.052069321274757385,0.5198020339012146,0.057221002876758575,0.030649501830339432,0.3041892647743225,-105.58431243896484,128.9025115966797,0.004826313350349665
>Sequence,G,227,0.12190353125333786,12.677967250347137,C,0.001310046878643334,0.15939071774482727,0.8392991423606873,C,0.0005391730228438973,0.00045001370017416775,6.203804514370859e-05,0.022471360862255096,0.11467710137367249,0.14576378464698792,0.011607700027525425,0.7044287919998169,-170.83755493164062,176.66497802734375,0.003098399145528674
>Sequence,P,228,0.23179891705513,36.85602781176567,C,0.0028332574293017387,0.06898190826177597,0.9281848669052124,C,0.0014325762167572975,0.0008791781147010624,6.070272866054438e-05,0.023778701201081276,0.04054397717118263,0.18345043063163757,0.03153562918305397,0.7183188796043396,-70.62269592285156,151.31590270996094,0.0047683110460639
>Sequence,G,229,0.19312019646167755,20.084500432014465,C,0.0037631734739989042,0.03481070324778557,0.9614261984825134,C,0.0017604075837880373,0.001177571015432477,5.23100134159904e-05,0.0223755594342947,0.018058817833662033,0.19886460900306702,0.024157464504241943,0.7335532307624817,-105.02854919433594,171.5444793701172,0.005964918062090874
>Sequence,P,230,0.3798655569553375,60.398623555898666,C,0.05187240242958069,0.02358110249042511,0.9245465993881226,T,0.04154449701309204,0.014305412769317627,0.00021247559925541282,0.01130941417068243,0.012125036679208279,0.15626093745231628,0.49708232283592224,0.2671598494052887,-61.297725677490234,144.6078338623047,0.00929447915405035
>Sequence,G,231,0.4524955749511719,47.059539794921875,C,0.12127356976270676,0.045173559337854385,0.833552896976471,T,0.09347479790449142,0.026925822719931602,0.0012762137921527028,0.011554193682968616,0.026959070935845375,0.16543230414390564,0.5155300498008728,0.15884758532047272,83.93539428710938,-13.807772636413574,0.013231536373496056
>Sequence,S,232,0.3567501902580261,55.29627948999405,C,0.15021739900112152,0.14203208684921265,0.7077504992485046,C,0.09338274598121643,0.05531870946288109,0.0013445960357785225,0.032019246369600296,0.09977506846189499,0.18364079296588898,0.1423347294330597,0.3921840786933899,-92.60443878173828,93.38114929199219,0.015603285282850266
>Sequence,G,233,0.28432750701904297,29.57006072998047,C,0.15825718641281128,0.30188068747520447,0.5398620963096619,C,0.08318579196929932,0.07096809148788452,0.003331349231302738,0.03684265539050102,0.24000701308250427,0.15709951519966125,0.09345076233148575,0.3151147961616516,-115.20111083984375,161.8107147216797,0.02030128426849842
>Sequence,I,234,0.28173333406448364,55.50146681070328,E,0.11808566749095917,0.4486633241176605,0.4332510530948639,E,0.0467778705060482,0.0768468827009201,0.001636133179999888,0.052773669362068176,0.38140028715133667,0.07981938123703003,0.04339408874511719,0.3173516094684601,-97.67036437988281,123.12744140625,0.023905491456389427
>Sequence,V,235,0.25285202264785767,43.996251940727234,E,0.13138039410114288,0.44306549429893494,0.4255540668964386,E,0.03724237531423569,0.09060152620077133,0.001879167277365923,0.034253425896167755,0.39444446563720703,0.061510346829891205,0.03464154899120331,0.34542709589004517,-96.53819274902344,126.26883697509766,0.031223416328430176
>Sequence,Q,236,0.4305019974708557,96.86294943094254,C,0.16738122701644897,0.3915775716304779,0.4410412013530731,E,0.04506540298461914,0.11175718903541565,0.002415717113763094,0.026457305997610092,0.3548724949359894,0.06364014744758606,0.05283723026514053,0.34295448660850525,-91.69245147705078,123.52583312988281,0.036295048892498016
>Sequence,Q,237,0.41485971212387085,93.34343522787094,C,0.2249409556388855,0.31252750754356384,0.46253153681755066,C,0.05595727264881134,0.15107499063014984,0.002880729967728257,0.01853405497968197,0.2947908639907837,0.07331303507089615,0.06958622485399246,0.333862841129303,-90.69657135009766,111.85388946533203,0.027125520631670952
>Sequence,Q,238,0.45824548602104187,103.10523435473442,C,0.2899910509586334,0.2328711301088333,0.47713783383369446,C,0.06834225356578827,0.19636979699134827,0.0042345840483903885,0.01684236340224743,0.21859210729599,0.09061779081821442,0.09295380860567093,0.3120472729206085,-88.13021087646484,62.01828384399414,0.03083542361855507
>Sequence,S,239,0.3569973409175873,55.33458784222603,C,0.34210404753685,0.1494823396205902,0.5084136128425598,C,0.08734653145074844,0.22891372442245483,0.004905736539512873,0.011063032783567905,0.14502878487110138,0.11109819263219833,0.10174489766359329,0.30989915132522583,-83.71578979492188,-14.326146125793457,0.02404150553047657
>Sequence,N,240,0.48139387369155884,93.87180536985397,C,0.42693379521369934,0.10621479898691177,0.46685144305229187,H,0.11265845596790314,0.2783697843551636,0.007512257434427738,0.008545930497348309,0.10551416873931885,0.11284197121858597,0.13642975687980652,0.238127663731575,-78.55021667480469,-5.336791038513184,0.026082392781972885
>Sequence,L,241,0.25879496335983276,52.017787635326385,H,0.48473060131073,0.13168282806873322,0.38358667492866516,H,0.10813601315021515,0.34683355689048767,0.005460367072373629,0.009647923521697521,0.13318488001823425,0.07739786803722382,0.09650122374296188,0.2228381186723709,-79.36048889160156,-17.570350646972656,0.01693679578602314
>Sequence,L,242,0.2377508282661438,47.787916481494904,H,0.42053258419036865,0.223896786570549,0.3555706739425659,H,0.08937931805849075,0.31385770440101624,0.004411345347762108,0.01442615408450365,0.2108924388885498,0.07213596254587173,0.07596446573734283,0.21893267333507538,-83.60690307617188,5.706661224365234,0.01517149806022644
>Sequence,R,243,0.3989010453224182,109.29888641834259,C,0.3179096579551697,0.3321208953857422,0.34996944665908813,E,0.06605158746242523,0.24173712730407715,0.0048715961165726185,0.018712086603045464,0.310309499502182,0.0656108632683754,0.078707255423069,0.21400004625320435,-89.83995056152344,57.030582427978516,0.01491509098559618
>Sequence,A,244,0.2066383808851242,26.656351134181023,E,0.21648554503917694,0.42912259697914124,0.35439184308052063,E,0.04956686124205589,0.15659265220165253,0.00260123610496521,0.01888292469084263,0.40809136629104614,0.05890130251646042,0.05755568668246269,0.24780800938606262,-93.05194854736328,118.7087631225586,0.014374179765582085
>Sequence,I,245,0.24621765315532684,48.50487767159939,E,0.1180838942527771,0.5782374739646912,0.3036786615848541,E,0.027546951547265053,0.0922502800822258,0.002060249447822571,0.031224839389324188,0.531844437122345,0.05478500574827194,0.04141976311802864,0.21886847913265228,-100.21906280517578,117.96588134765625,0.010786114260554314
>Sequence,E,246,0.4770202934741974,106.37552544474602,E,0.05247807130217552,0.47380688786506653,0.47371503710746765,E,0.015404561534523964,0.03398618474602699,0.0012714931508526206,0.05151743441820145,0.3882059156894684,0.0961524248123169,0.071585513651371,0.34187647700309753,-100.95726776123047,126.79651641845703,0.011713681742548943
>Sequence,G,247,0.20437665283679962,21.25517189502716,C,0.0017821744550019503,0.12745913863182068,0.8707587122917175,C,0.0008014805498532951,0.000650003959890455,0.00010263372678309679,0.0199536494910717,0.09819035232067108,0.22721917927265167,0.01682586409151554,0.6362568736076355,166.80084228515625,178.8702392578125,0.0064881895668804646
>Sequence,P,248,0.3436949551105499,54.64749786257744,C,0.0017510592006146908,0.08102274686098099,0.9172261357307434,C,0.0010125848930329084,0.0005117623368278146,6.526703509734944e-05,0.031400036066770554,0.04757485166192055,0.18088284134864807,0.03075016848742962,0.7078024744987488,-69.40869140625,151.13954162597656,0.006133431103080511
>Sequence,G,249,0.24881158769130707,25.876405119895935,C,0.0015433693770319223,0.030417896807193756,0.96803879737854,C,0.0008700470207259059,0.00045707161189056933,3.811453279922716e-05,0.022469423711299896,0.01654013805091381,0.24091771245002747,0.023645861074328423,0.6950615644454956,-99.28228759765625,175.012939453125,0.005852751433849335
>Sequence,P,250,0.405402809381485,64.45904669165611,C,0.010889056138694286,0.027928246185183525,0.961182713508606,C,0.008526389487087727,0.0034751086495816708,0.0001787324290489778,0.01996309496462345,0.015714429318904877,0.3020327687263489,0.20458941161632538,0.44552016258239746,-65.2691650390625,143.8968048095703,0.006787652615457773
>Sequence,G,251,0.26882675290107727,27.957982301712036,C,0.04496777802705765,0.05900522693991661,0.8960270285606384,C,0.035749226808547974,0.0128977932035923,0.0009952879045158625,0.033277738839387894,0.036001868546009064,0.34917762875556946,0.16212967038154602,0.36977070569992065,109.03618621826172,177.2690887451172,0.00930686853826046
>Sequence,P,252,0.3326303958892822,52.888232946395874,C,0.08922969549894333,0.08740542829036713,0.8233649134635925,C,0.06263156235218048,0.028336014598608017,0.0005809345166198909,0.021690109744668007,0.06900659948587418,0.13588888943195343,0.09254801273345947,0.589317798614502,-71.3543472290039,136.71176147460938,0.00910557433962822
>Sequence,E,253,0.5232592225074768,116.68680661916733,C,0.13345442712306976,0.30392563343048096,0.5626199245452881,C,0.0977802574634552,0.044423121958971024,0.0014238867443054914,0.03955803066492081,0.2579040229320526,0.14419884979724884,0.08549495786428452,0.329216867685318,-97.29727172851562,120.35635375976562,0.012823622673749924
>Sequence,V,254,0.26746541261672974,46.538981795310974,C,0.0707361251115799,0.43831318616867065,0.49095067381858826,E,0.03658496215939522,0.03503507003188133,0.0013735119719058275,0.05223707854747772,0.38018614053726196,0.08662308752536774,0.031394582241773605,0.376565545797348,-100.26053619384766,124.80026245117188,0.012837175279855728
>Sequence,I,255,0.17773444950580597,35.013686552643776,C,0.06312757730484009,0.3558102250099182,0.5810621976852417,C,0.0217719916254282,0.03874655440449715,0.0008326285751536489,0.028698911890387535,0.3263261914253235,0.10702849179506302,0.013964885845780373,0.46263036131858826,-100.48625183105469,125.9353256225586,0.008797344751656055
>Sequence,P,256,0.28515493869781494,45.339635252952576,C,0.10786055028438568,0.29015421867370605,0.6019851565361023,C,0.03834284469485283,0.051641978323459625,0.0010116039775311947,0.019777268171310425,0.2666158974170685,0.05627284571528435,0.04388652369379997,0.5224510431289673,-67.38981628417969,142.74542236328125,0.011434422805905342
>Sequence,M,257,0.22008512914180756,49.29906892776489,C,0.21766377985477448,0.2380618155002594,0.5442743897438049,C,0.08549879491329193,0.10610406845808029,0.002703955862671137,0.03157496452331543,0.2085021734237671,0.08642740547657013,0.08294396102428436,0.3962446451187134,-86.363525390625,44.71689987182617,0.01322981622070074
>Sequence,F,258,0.2704053521156311,64.89728450775146,C,0.32213038206100464,0.21210095286369324,0.4657686948776245,C,0.11620289832353592,0.17899559438228607,0.004351921379566193,0.02301453985273838,0.18699921667575836,0.10680233687162399,0.09888413548469543,0.2847493886947632,-91.29033660888672,23.317134857177734,0.01696755737066269
>Sequence,S,259,0.34424230456352234,53.35755720734596,C,0.3288896083831787,0.21334853768348694,0.45776182413101196,C,0.10308808833360672,0.19364400207996368,0.004491434432566166,0.020805910229682922,0.19206449389457703,0.09690484404563904,0.09051372110843658,0.29848751425743103,-89.08293151855469,20.16286849975586,0.021650735288858414
>Sequence,A,260,0.26691263914108276,34.43173044919968,C,0.38835808634757996,0.17146079242229462,0.44018110632896423,C,0.10998120158910751,0.2512206733226776,0.004275912418961525,0.017300700768828392,0.15573570132255554,0.08630093187093735,0.11790329962968826,0.2572816014289856,-81.77928924560547,-4.51563024520874,0.02595614083111286
>Sequence,L,261,0.2825814187526703,56.79886516928673,C,0.3636181652545929,0.15629267692565918,0.4800892472267151,C,0.10340343415737152,0.2398386150598526,0.003874097252264619,0.01799173839390278,0.1366654485464096,0.10527520626783371,0.12757855653762817,0.2653729021549225,-84.65642547607422,5.008530616760254,0.02452012337744236
>Sequence,S,262,0.40139898657798767,62.21684291958809,C,0.2824535071849823,0.14335714280605316,0.5741893649101257,C,0.08837287873029709,0.1744314283132553,0.003956386353820562,0.015180257149040699,0.12366978824138641,0.13607178628444672,0.15027371048927307,0.30804377794265747,-88.17291259765625,17.748825073242188,0.0329010896384716
>Sequence,E,263,0.5888329744338989,131.30975329875946,C,0.27635374665260315,0.1483854204416275,0.5752608776092529,C,0.08661668747663498,0.17265011370182037,0.003966048825532198,0.01441942062228918,0.1316985785961151,0.13688409328460693,0.21121738851070404,0.24254760146141052,-85.50914764404297,18.179563522338867,0.032758068293333054
>Sequence,G,264,0.3324340283870697,34.57313895225525,C,0.21830686926841736,0.22013744711875916,0.5615556240081787,C,0.07760843634605408,0.11621590703725815,0.0058940714225173,0.020314715802669525,0.18830858170986176,0.148019477725029,0.18786823749542236,0.2557705342769623,-101.60826873779297,-0.6152450442314148,0.03522755205631256
>Sequence,A,265,0.23838017880916595,30.751043066382408,C,0.11312265694141388,0.3338632881641388,0.5530140399932861,C,0.037041354924440384,0.06986767053604126,0.001340151997283101,0.04308108985424042,0.27399733662605286,0.09420697391033173,0.08958706259727478,0.3908783793449402,-92.4367446899414,125.15357208251953,0.023135632276535034
>Sequence,T,266,0.37251371145248413,64.07235836982727,C,0.04163866490125656,0.35553988814353943,0.6028214693069458,C,0.014152624644339085,0.028482072055339813,0.0011209114454686642,0.08443430066108704,0.25453421473503113,0.1426796168088913,0.08095811307430267,0.39363813400268555,-110.82350158691406,120.57672882080078,0.011888346634805202
>Sequence,G,267,0.17435342073440552,18.132755756378174,C,0.001605970086529851,0.11709782481193542,0.8812962770462036,C,0.0006378069519996643,0.0005353139131329954,8.256232104031369e-05,0.020880471915006638,0.0833519771695137,0.24681195616722107,0.012069487012922764,0.6356304287910461,179.2960968017578,178.8266143798828,0.0046241069212555885
>Sequence,P,268,0.28803473711013794,45.79752320051193,C,0.004025604575872421,0.11285842955112457,0.8831159472465515,C,0.002522756578400731,0.001325337216258049,0.00012823863653466105,0.047478120774030685,0.06850016117095947,0.21714557707309723,0.060557641088962555,0.6023421883583069,-70.72434997558594,149.0256805419922,0.0066553400829434395
>Sequence,G,269,0.1704743355512619,17.729330897331238,C,0.014798949472606182,0.06431041657924652,0.9208906292915344,C,0.010108661837875843,0.004018880892544985,0.0003392485377844423,0.0428190752863884,0.03506746515631676,0.25537562370300293,0.07161395996809006,0.5806571245193481,-150.40676879882812,177.22796630859375,0.00831877626478672
>Sequence,P,270,0.3155544698238373,50.17316070199013,C,0.08813787996768951,0.04506831243634224,0.8667937517166138,T,0.08344520628452301,0.015166429802775383,0.000487572920974344,0.01510228868573904,0.017953984439373016,0.12679576873779297,0.5884220004081726,0.15262673795223236,-62.838783264160156,124.1286849975586,0.00990796647965908
>Sequence,G,271,0.2487073689699173,25.8655663728714,C,0.12471764534711838,0.052002258598804474,0.8232801556587219,T,0.12048356980085373,0.021859880536794662,0.0009071101085282862,0.010038653388619423,0.02943035215139389,0.12951569259166718,0.5476736426353455,0.14009109139442444,89.1600570678711,3.790501594543457,0.0055010560899972916
>Sequence,Y,272,0.3000228703022003,78.90601488947868,C,0.08332295715808868,0.23619884252548218,0.6804782152175903,C,0.05172277241945267,0.033086784183979034,0.0010545295663177967,0.043612297624349594,0.18256212770938873,0.15470044314861298,0.08769410848617554,0.44556692242622375,-96.29181671142578,125.43558502197266,0.007714407984167337
>Sequence,K,273,0.4248390197753906,100.26200866699219,C,0.09100997447967529,0.41417595744132996,0.49481409788131714,E,0.03599955141544342,0.049274880439043045,0.0013885615626350045,0.028122015297412872,0.38699766993522644,0.11854968965053558,0.04091176763176918,0.3387558162212372,-106.52102661132812,137.03004455566406,0.006937783677130938
>Sequence,R,274,0.35902950167655945,98.37408345937729,E,0.10028515756130219,0.5814257860183716,0.3182891011238098,E,0.03268704190850258,0.05952121317386627,0.0014324001967906952,0.02290046028792858,0.5560904145240784,0.047365304082632065,0.027734147384762764,0.2522689998149872,-96.16482543945312,128.48583984375,0.009320401586592197
>Sequence,W,275,0.20982971787452698,59.80146959424019,E,0.16164511442184448,0.6078416705131531,0.23051317036151886,E,0.044280532747507095,0.09922225773334503,0.0021643582731485367,0.016010327264666557,0.5961191654205322,0.028447166085243225,0.02352418750524521,0.190232053399086,-97.227294921875,127.07109069824219,0.009470761753618717
>Sequence,I,276,0.17776094377040863,35.0189059227705,E,0.15522746741771698,0.6885744333267212,0.15619811415672302,E,0.031141910701990128,0.11902344971895218,0.001903301803395152,0.01423623412847519,0.6745182871818542,0.020759155973792076,0.018403805792331696,0.12001382559537888,-98.0181884765625,117.79546356201172,0.008632665500044823
>Sequence,I,277,0.17507526278495789,34.4898267686367,E,0.16618242859840393,0.6613211035728455,0.1724964827299118,E,0.03147512674331665,0.1350698173046112,0.0020946706645190716,0.01331626158207655,0.643453061580658,0.022078150883316994,0.02775616943836212,0.12475675344467163,-95.84945678710938,108.61719512939453,0.007825124077498913
>Sequence,L,278,0.26283544301986694,52.829924046993256,E,0.22110214829444885,0.45061787962913513,0.328279972076416,E,0.05934886634349823,0.160858616232872,0.0031000105664134026,0.013267976231873035,0.42231208086013794,0.05479316785931587,0.1163896694779396,0.16992951929569244,-90.1987075805664,87.520263671875,0.008554884232580662
>Sequence,G,279,0.2852807939052582,29.66920256614685,C,0.15861061215400696,0.29844197630882263,0.5429474115371704,E,0.06419997662305832,0.0807446762919426,0.005141061265021563,0.013109088875353336,0.26391974091529846,0.13597284257411957,0.22956536710262299,0.20734724402427673,-142.6064910888672,178.56585693359375,0.01159929670393467
>Sequence,L,280,0.3106687664985657,62.4444220662117,C,0.1906110942363739,0.20445483922958374,0.6049340963363647,T,0.09571369737386703,0.0924094170331955,0.002907721558585763,0.012801401317119598,0.17763936519622803,0.179873526096344,0.22752134501934052,0.21113356947898865,-85.76936340332031,13.389017105102539,0.011228635907173157
>Sequence,N,281,0.4680367708206177,91.26717031002045,C,0.16016940772533417,0.19615010917186737,0.6436805129051208,T,0.07410351932048798,0.06108297407627106,0.0032101201359182596,0.007283551152795553,0.18196125328540802,0.20952586829662323,0.2389957159757614,0.2238369584083557,-90.29763793945312,28.34523582458496,0.014685746282339096
>Sequence,K,282,0.3508327603340149,82.79653143882751,C,0.1191653311252594,0.4042675793170929,0.4765670895576477,E,0.04263975843787193,0.0661609023809433,0.0018743784166872501,0.015216760337352753,0.39784756302833557,0.11891278624534607,0.0616626963019371,0.29568517208099365,-102.9959487915039,129.1262664794922,0.013134604319930077
>Sequence,I,283,0.2161020040512085,42.572094798088074,E,0.050074949860572815,0.7381819486618042,0.21174313127994537,E,0.012723950669169426,0.037490036338567734,0.0007294277311302722,0.01994870789349079,0.7195528745651245,0.02774816006422043,0.012867406941950321,0.16893942654132843,-103.96392059326172,127.90640258789062,0.012211997993290424
>Sequence,V,284,0.1646479368209839,28.648741006851196,E,0.03109981305897236,0.8249843120574951,0.14391590654850006,E,0.007126129698008299,0.02304358407855034,0.0006783708813600242,0.015229782089591026,0.802935004234314,0.016620110720396042,0.007554966490715742,0.12681201100349426,-107.85575866699219,129.89122009277344,0.014604233205318451
>Sequence,R,285,0.3573199212551117,97.9056584239006,E,0.024156881496310234,0.8317045569419861,0.14413857460021973,E,0.006628384348005056,0.017163585871458054,0.0006513173575513065,0.021727347746491432,0.8033750653266907,0.01701485551893711,0.012808357365429401,0.12063106894493103,-100.5708999633789,129.99591064453125,0.007594823371618986
>Sequence,M,286,0.21968798339366913,49.210108280181885,E,0.015563772059977055,0.5831401944160461,0.40129607915878296,E,0.005038625560700893,0.010871496051549911,0.0004969045985490084,0.04591774195432663,0.507140040397644,0.05919753387570381,0.028268231078982353,0.34306949377059937,-110.27880859375,129.90447998046875,0.006697813980281353
>Sequence,G,287,0.16138659417629242,16.78420579433441,C,0.000683459104038775,0.10230938345193863,0.8970071077346802,C,0.0003094359708484262,0.00019422471814323217,3.392577855265699e-05,0.01314601395279169,0.0740947499871254,0.1302439123392105,0.008985045365989208,0.772992730140686,179.564453125,-179.30319213867188,0.0038551618345081806
>Sequence,P,288,0.2434641569852829,38.71080096065998,C,0.0015838448889553547,0.05584435537457466,0.942571759223938,C,0.0008515779045410454,0.00041891378350555897,3.554717113729566e-05,0.024123599752783775,0.03070048801600933,0.19014966487884521,0.024725493043661118,0.7289947271347046,-68.79238891601562,151.6339111328125,0.004446184262633324
>Sequence,G,289,0.17619004845619202,18.32376503944397,C,0.0027788891457021236,0.029595740139484406,0.9676253199577332,C,0.001313797663897276,0.000813436636235565,3.7670146411983296e-05,0.022869376465678215,0.014488651417195797,0.1750011146068573,0.02200143039226532,0.7634744644165039,-97.96668243408203,169.6130828857422,0.00526348827406764
>Sequence,P,290,0.371146023273468,59.012217700481415,C,0.04631674289703369,0.02184433862566948,0.9318389296531677,T,0.04432867467403412,0.008325763046741486,0.00017762809875421226,0.010802729986608028,0.008450731635093689,0.11873076856136322,0.6403101682662964,0.16887357831001282,-59.840145111083984,137.78558349609375,0.008090106770396233
>Sequence,G,291,0.3711746633052826,38.60216498374939,C,0.11109799146652222,0.027035757899284363,0.8618662357330322,T,0.10911798477172852,0.015175153501331806,0.0008224426419474185,0.007441692054271698,0.013201556168496609,0.13824152946472168,0.6037666201591492,0.11223302781581879,80.75818634033203,-2.4077537059783936,0.008810451254248619
>Sequence,K,292,0.4675147533416748,110.33348178863525,C,0.14671768248081207,0.13634473085403442,0.7169375419616699,C,0.11012180894613266,0.047496795654296875,0.0012494798284024,0.03504611551761627,0.09322968870401382,0.2189353108406067,0.15513759851455688,0.3387832045555115,-94.13723754882812,75.57911682128906,0.014609945006668568
>Sequence,S,293,0.33415159583091736,51.79349735379219,C,0.1138538047671318,0.25937753915786743,0.6267686486244202,C,0.07982313632965088,0.04250426962971687,0.0010920121567323804,0.033621590584516525,0.20926478505134583,0.18061287701129913,0.07547908276319504,0.37760230898857117,-109.44440460205078,142.6251983642578,0.010722661390900612
>Sequence,D,294,0.46021324396133423,88.8211560845375,C,0.12574489414691925,0.32441410422325134,0.5498409867286682,C,0.0657166913151741,0.057585086673498154,0.0017242151079699397,0.031180070713162422,0.2833815813064575,0.11961734294891357,0.06721697747707367,0.3735780715942383,-98.68106079101562,109.4822998046875,0.01725698821246624
>Sequence,V,295,0.2493184357881546,43.3814078271389,C,0.1484908014535904,0.4245668649673462,0.4269423186779022,E,0.059078603982925415,0.0876217931509018,0.002863342873752117,0.033043891191482544,0.3821810483932495,0.06925054639577866,0.04808107018470764,0.3178797960281372,-96.46988677978516,118.4039306640625,0.021783405914902687
>Sequence,L,296,0.2757470905780792,55.425165206193924,C,0.17508329451084137,0.3892143666744232,0.4357023537158966,E,0.060361944139003754,0.10707207024097443,0.0022023143246769905,0.022181496024131775,0.36777564883232117,0.07559917867183685,0.06041853502392769,0.30438876152038574,-90.68002319335938,107.4570541381836,0.015014649368822575
>Sequence,T,297,0.27533698081970215,47.35796070098877,C,0.14438095688819885,0.42320817708969116,0.43241086602211,E,0.04475021734833717,0.09345528483390808,0.0024751073215156794,0.015007059089839458,0.4082983136177063,0.09414520859718323,0.059554263949394226,0.28231456875801086,-102.86075592041016,131.65618896484375,0.011071063578128815
>Sequence,T,298,0.29079049825668335,50.015965700149536,E,0.15531328320503235,0.48732295632362366,0.357363760471344,E,0.04371233284473419,0.10593102872371674,0.003100395668298006,0.011816746555268764,0.47959551215171814,0.08347932249307632,0.05037587881088257,0.22198878228664398,-105.05931854248047,135.4269256591797,0.00879665743559599
>Sequence,W,299,0.23870126903057098,68.02986167371273,E,0.18658898770809174,0.565593421459198,0.24781762063503265,E,0.05301312729716301,0.12386398762464523,0.003981603775173426,0.012518933042883873,0.5545900464057922,0.05223098024725914,0.042799267917871475,0.1570020467042923,-102.3963394165039,123.237548828125,0.008852223865687847
>Sequence,L,300,0.2100941240787506,42.22891893982887,E,0.17495417594909668,0.5672799348831177,0.25776591897010803,E,0.04920792579650879,0.12251660227775574,0.0029364260844886303,0.014254151843488216,0.5530596375465393,0.04786992073059082,0.041948433965444565,0.16820691525936127,-95.8673324584961,111.02323913574219,0.010508282110095024
>Sequence,I,301,0.18069107830524445,35.596142426133156,E,0.11112949252128601,0.6471463441848755,0.2417241334915161,E,0.027141394093632698,0.07927753031253815,0.0017760912887752056,0.011943181976675987,0.6392737030982971,0.04140419885516167,0.023884274065494537,0.17529955506324768,-104.43306732177734,121.7607650756836,0.010197925381362438
>Sequence,D,302,0.3347346782684326,64.6037929058075,E,0.10337697714567184,0.5594039559364319,0.33721908926963806,E,0.030311815440654755,0.06339503824710846,0.0018492653034627438,0.00987421628087759,0.5626760125160217,0.056592103093862534,0.040977638214826584,0.23432394862174988,-97.3557357788086,114.1921615600586,0.008930363692343235
>Sequence,Y,303,0.2557530403137207,67.26304960250854,E,0.08301816135644913,0.6130644083023071,0.30391746759414673,E,0.02572498470544815,0.05568749085068703,0.0018405161099508405,0.016396671533584595,0.5973082780838013,0.047370076179504395,0.03947499766945839,0.21619702875614166,-107.04558563232422,124.510009765625,0.011201910674571991
>Sequence,V,304,0.2409217208623886,41.92037943005562,E,0.06456533074378967,0.6144465208053589,0.32098814845085144,E,0.021977383643388748,0.039307598024606705,0.0015834500081837177,0.01866546832025051,0.5925829410552979,0.04662303254008293,0.02695203199982643,0.2523081302642822,-104.85093688964844,129.44195556640625,0.01703578047454357
>Sequence,E,305,0.5129085183143616,114.37859958410263,E,0.07902590185403824,0.5346457362174988,0.3863283097743988,E,0.027634643018245697,0.042051177471876144,0.0017736010486260056,0.015080743469297886,0.5296805500984192,0.07787209749221802,0.047824032604694366,0.25808313488960266,-98.79403686523438,126.11741638183594,0.009801788255572319
>Sequence,D,306,0.4328259229660034,83.53540313243866,C,0.030255889520049095,0.4047422707080841,0.5650018453598022,C,0.01311783492565155,0.014366344548761845,0.0008139771525748074,0.03945028781890869,0.34169822931289673,0.1277589499950409,0.06634454429149628,0.39644986391067505,-104.02533721923828,121.20413208007812,0.007761146407574415
>Sequence,G,307,0.13609479367733002,14.153858542442322,C,0.0011146293254569173,0.11869645118713379,0.8801889419555664,C,0.00046756790834479034,0.00034840815351344645,6.455335824284703e-05,0.017305832356214523,0.08841902762651443,0.15837442874908447,0.009857453405857086,0.72516268491745,-176.6436767578125,175.3226776123047,0.0028196750208735466
>Sequence,P,308,0.17807510495185852,28.313941687345505,C,0.00135867262724787,0.08185679465532303,0.9167845249176025,C,0.0006376997916959226,0.0003600941563490778,3.5319866583449766e-05,0.03933614492416382,0.0408414863049984,0.12662920355796814,0.013960476033389568,0.7781996130943298,-70.77445983886719,150.34567260742188,0.0026508804876357317
>Sequence,G,309,0.09454569220542908,9.832751989364624,C,0.003963790833950043,0.02446039952337742,0.9715757966041565,C,0.002001088112592697,0.0011212044628337026,3.481857856968418e-05,0.01999916322529316,0.011508484371006489,0.11741746962070465,0.021457038819789886,0.8264607191085815,-89.78701782226562,168.46456909179688,0.0029498881194740534
>Sequence,P,310,0.2746625244617462,43.67134138941765,C,0.15642179548740387,0.019014261662960052,0.8245640397071838,T,0.12873972952365875,0.018536435440182686,0.0003489553928375244,0.007210994604974985,0.004850378260016441,0.08742301166057587,0.6632869243621826,0.08960363268852234,-58.31740188598633,96.27381896972656,0.005660455673933029
>Sequence,G,311,0.2802715003490448,29.14823603630066,C,0.21229498088359833,0.020901525393128395,0.7668034434318542,T,0.2174546867609024,0.02457791566848755,0.0007808881928212941,0.005671998951584101,0.008328457362949848,0.08198754489421844,0.5832416415214539,0.07795684039592743,60.97413635253906,1.3532845973968506,0.005771253723651171
>Sequence,L,312,0.2853144109249115,57.34819659590721,C,0.13438962399959564,0.17228567600250244,0.6933247447013855,C,0.115933358669281,0.03926677256822586,0.000881774234585464,0.06585092097520828,0.10635771602392197,0.15008318424224854,0.10911991447210312,0.4125063717365265,-92.71968078613281,93.85694122314453,0.012826931662857533
>Sequence,H,313,0.3113008737564087,69.73139572143555,C,0.0413736067712307,0.304951012134552,0.653675377368927,C,0.026817267760634422,0.0178226288408041,0.0008219142910093069,0.07769904285669327,0.21687465906143188,0.12856999039649963,0.05176863446831703,0.47962579131126404,-112.07649230957031,132.15451049804688,0.019184965640306473
>Sequence,S,314,0.39754876494407654,61.62005856633186,C,0.05026480183005333,0.2598103880882263,0.6899247765541077,C,0.03154651075601578,0.021840475499629974,0.0009148286189883947,0.036449942737817764,0.21160750091075897,0.14076019823551178,0.06545393913984299,0.49142661690711975,-100.4949951171875,138.5629425048828,0.03735915571451187
>Sequence,D,315,0.5629419684410095,108.64779990911484,C,0.05893900617957115,0.1684952676296234,0.7725657820701599,C,0.04129520431160927,0.02239687368273735,0.0007817261503078043,0.020410431548953056,0.14972339570522308,0.15339943766593933,0.1427840143442154,0.46920886635780334,-86.9700927734375,79.55857849121094,0.03263787925243378
>Sequence,Y,316,0.3677193522453308,96.710189640522,C,0.08462032675743103,0.20072969794273376,0.7146499752998352,C,0.05018836632370949,0.042649056762456894,0.0012723919935524464,0.03144415467977524,0.16976997256278992,0.14221258461475372,0.13628600537776947,0.4261774718761444,-94.64070892333984,90.88719940185547,0.038699425756931305
>Sequence,K,317,0.4534648358821869,107.0177012681961,C,0.10291595757007599,0.21585655212402344,0.6812275052070618,C,0.03493763133883476,0.06367227435112,0.0019008527742698789,0.02903040312230587,0.18331071734428406,0.17962808907032013,0.06032213568687439,0.4471978545188904,-102.66326141357422,123.05836486816406,0.034523509442806244
>Sequence,S,318,0.31181809306144714,48.33180442452431,C,0.08464691787958145,0.22053241729736328,0.6948206424713135,C,0.01809600554406643,0.059111546725034714,0.0013569091679528356,0.04772816598415375,0.1556563526391983,0.11972624063491821,0.03136575222015381,0.566959023475647,-100.20449829101562,157.98959350585938,0.02534896694123745
>Sequence,F,319,0.27298620343208313,65.51668882369995,H,0.7028251886367798,0.03862008452415466,0.25855475664138794,H,0.11518511176109314,0.5454762578010559,0.006835185922682285,0.00651811296120286,0.03319237008690834,0.05980212986469269,0.09782558679580688,0.13516521453857422,-68.30026245117188,-31.983335494995117,0.033374909311532974
>Sequence,E,320,0.5454897284507751,121.64420944452286,H,0.7386861443519592,0.03207018971443176,0.22924363613128662,H,0.11843989789485931,0.5734598636627197,0.00749035133048892,0.004679086152464151,0.03252745419740677,0.04639812558889389,0.09731311351060867,0.1196921244263649,-69.52340698242188,-34.281673431396484,0.04121900722384453
>Sequence,D,321,0.401846706867218,77.55641442537308,H,0.7652422785758972,0.02415536716580391,0.21060232818126678,H,0.1271766573190689,0.5908403396606445,0.009781203232705593,0.004754644352942705,0.023158667609095573,0.034525059163570404,0.0854615867137909,0.12430190294981003,-73.65319061279297,-25.73520278930664,0.040216442197561264
>Sequence,A,322,0.22820088267326355,29.437913864850998,H,0.671305775642395,0.03387404605746269,0.2948201596736908,H,0.07991617172956467,0.5695899724960327,0.006889344658702612,0.005695188418030739,0.027656331658363342,0.04628583416342735,0.08616762608289719,0.17779961228370667,-72.41883087158203,-25.66539192199707,0.03827643394470215
>Sequence,K,323,0.4473112225532532,105.56544852256775,H,0.4854292571544647,0.08156468719244003,0.43300601840019226,H,0.09115831553936005,0.376706063747406,0.008451229892671108,0.016643719747662544,0.0612013004720211,0.07638383656740189,0.15785625576972961,0.21159929037094116,-79.988525390625,-13.023407936096191,0.030828483402729034
>Sequence,A,324,0.29088708758354187,37.5244342982769,C,0.33314570784568787,0.12056947499513626,0.5462847948074341,C,0.08083402365446091,0.22521722316741943,0.004560431465506554,0.02000672183930874,0.09921843558549881,0.10245237499475479,0.1321057677268982,0.33560502529144287,-80.8565673828125,51.51445388793945,0.03033151663839817
>Sequence,N,325,0.4870622158050537,94.97713208198547,C,0.1797819435596466,0.22218936681747437,0.5980286598205566,C,0.058340176939964294,0.10651516169309616,0.004609479568898678,0.03852187842130661,0.16884221136569977,0.13876040279865265,0.15405933558940887,0.330351322889328,-95.76512145996094,60.9200553894043,0.02063010074198246
>Sequence,C,326,0.22071780264377594,36.85987304151058,C,0.042526766657829285,0.22133968770503998,0.7361335158348083,C,0.012935969978570938,0.02939365990459919,0.0014575881650671363,0.07056229561567307,0.14028438925743103,0.18942704796791077,0.0940411388874054,0.4618978500366211,-111.15225982666016,110.19100189208984,0.010019576177001
>Sequence,G,327,0.1728758066892624,17.97908389568329,C,0.0015978310257196426,0.0806371197104454,0.9177650213241577,C,0.0006341463886201382,0.0005071192281320691,9.397318353876472e-05,0.02192593924701214,0.04953860118985176,0.1993703991174698,0.013815266080200672,0.7141144871711731,136.36953735351562,-178.6619873046875,0.0068819355219602585
>Sequence,P,328,0.19983062148094177,31.773068815469742,C,0.0036583896726369858,0.07756312191486359,0.9187784194946289,C,0.001910219551064074,0.0011168213095515966,7.964935502968729e-05,0.049466297030448914,0.0395503006875515,0.14659561216831207,0.03978500887751579,0.7214961051940918,-68.49258422851562,149.5161895751953,0.004795178305357695
>Sequence,G,329,0.11261816322803497,11.712288975715637,C,0.011794330552220345,0.0386199876666069,0.9495856165885925,C,0.008150280453264713,0.00353567604906857,0.00017702471814118326,0.04006732627749443,0.01911390759050846,0.17472602427005768,0.07224287837743759,0.681986927986145,-101.59263610839844,175.67625427246094,0.004679915960878134
>Sequence,P,330,0.1979808509349823,31.478955298662186,C,0.10759139806032181,0.0291602686047554,0.863248348236084,T,0.10349119454622269,0.013879173435270786,0.00032110410393215716,0.008019632659852505,0.008996912278234959,0.10115240514278412,0.6525003910064697,0.11163920909166336,-62.32562255859375,85.91744995117188,0.006248385179787874
>Sequence,G,331,0.17042133212089539,17.72381854057312,C,0.14127424359321594,0.057092323899269104,0.8016334176063538,T,0.1570085883140564,0.018631208688020706,0.0005341820069588721,0.008132564835250378,0.028017543256282806,0.10129272192716599,0.566336452960968,0.12004680931568146,-117.14356231689453,3.6574866771698,0.004434716887772083
>Sequence,Y,332,0.24722857773303986,65.02111594378948,C,0.053367458283901215,0.35554414987564087,0.5910884141921997,C,0.0422343946993351,0.018525272607803345,0.0005432004691101611,0.04612298682332039,0.2859305441379547,0.1095183864235878,0.053930092602968216,0.4431951344013214,-100.38058471679688,133.41896057128906,0.008894112892448902
>Sequence,K,333,0.446749210357666,105.43281364440918,E,0.03312746062874794,0.6564565896987915,0.31041598320007324,E,0.015965808182954788,0.015631292015314102,0.0006268360302783549,0.044957615435123444,0.6016292572021484,0.04733305051922798,0.014355018734931946,0.2595011591911316,-114.45989990234375,135.98377990722656,0.01182816457003355
>Sequence,I,334,0.20808576047420502,40.99289481341839,E,0.039492856711149216,0.6618028283119202,0.2987042963504791,E,0.017677437514066696,0.02078602835536003,0.000493503815960139,0.04548516869544983,0.6036481261253357,0.024711355566978455,0.015766620635986328,0.27143174409866333,-94.11027526855469,125.16410827636719,0.01604750193655491
>Sequence,L,335,0.21925118565559387,44.06948831677437,C,0.0729207843542099,0.3633198142051697,0.5637593865394592,C,0.03800015151500702,0.029860354959964752,0.0006517092697322369,0.022337324917316437,0.33365219831466675,0.05434606596827507,0.04005316272377968,0.48109906911849976,-90.72013092041016,119.04651641845703,0.02889721468091011
>Sequence,E,336,0.5838006138801575,130.18753689527512,C,0.12079358100891113,0.28163981437683105,0.5975666046142578,C,0.07872561365365982,0.049546051770448685,0.0019113401649519801,0.021344179287552834,0.25823161005973816,0.13965827226638794,0.11512497067451477,0.33545801043510437,-90.86601257324219,113.17308807373047,0.0561380572617054
>Sequence,N,337,0.5222877264022827,101.84610664844513,C,0.0832308977842331,0.21973037719726562,0.6970386505126953,C,0.057268351316452026,0.032339759171009064,0.0016431089024990797,0.024350395426154137,0.19785821437835693,0.11726447194814682,0.11871746927499771,0.45055830478668213,-101.11225891113281,90.63541412353516,0.07570397108793259
>Sequence,F,338,0.2697160542011261,64.73185300827026,C,0.12940527498722076,0.15953752398490906,0.711057186126709,C,0.07248282432556152,0.05816289409995079,0.0016923403600230813,0.025050008669495583,0.12600596249103546,0.10663041472434998,0.14073732495307922,0.46923819184303284,-92.95304870605469,59.19377517700195,0.07729983329772949
>Sequence,N,339,0.5304416418075562,103.43612015247345,C,0.10949504375457764,0.10386848449707031,0.7866364121437073,C,0.056962527334690094,0.05060969665646553,0.0016948508564382792,0.019115643575787544,0.08058629184961319,0.13660003244876862,0.1482473462820053,0.5061835050582886,-92.95240020751953,69.05291748046875,0.10688529908657074
>Sequence,D,340,0.5383440256118774,103.90039694309235,C,0.182820126414299,0.07376468926668167,0.7434152364730835,C,0.0983022004365921,0.08257518708705902,0.002322605811059475,0.012219102121889591,0.059709783643484116,0.1630169302225113,0.211228609085083,0.3706256151199341,-86.59564208984375,22.529977798461914,0.09617879241704941
>Sequence,N,341,0.575156033039093,112.15542644262314,C,0.2322070151567459,0.08028775453567505,0.687505304813385,C,0.11368433386087418,0.1040860265493393,0.003334770677611232,0.008835154585540295,0.07173746079206467,0.15802724659442902,0.19497941434383392,0.345315545797348,-86.66932678222656,12.468421936035156,0.1006234735250473
>Sequence,E,342,0.5430451035499573,121.09905809164047,C,0.24253971874713898,0.17987219989299774,0.5775880813598633,C,0.09701555967330933,0.13116072118282318,0.002670976100489497,0.016161972656846046,0.16631734371185303,0.11115214973688126,0.1328151971101761,0.3427061140537262,-89.94351959228516,67.5102310180664,0.06945518404245377
>Sequence,L,343,0.30223244428634644,60.74872130155563,C,0.16461306810379028,0.3085506856441498,0.5268363356590271,C,0.061349544674158096,0.09930406510829926,0.001825517974793911,0.027086740359663963,0.2773948013782501,0.07922129333019257,0.07504275441169739,0.3787752389907837,-92.46739959716797,111.30030822753906,0.04667241871356964
>Sequence,T,344,0.2834414839744568,48.75193524360657,E,0.08919592201709747,0.49138590693473816,0.41941821575164795,E,0.03085174784064293,0.05735981464385986,0.001573736546561122,0.03159620985388756,0.4450073838233948,0.06833676248788834,0.04995736479759216,0.31531697511672974,-103.7128677368164,131.5308074951172,0.029142815619707108
>Sequence,T,345,0.3250860869884491,55.914806962013245,E,0.041049081832170486,0.6415497660636902,0.3174012005329132,E,0.01530071347951889,0.029002230614423752,0.0011575809912756085,0.03707128018140793,0.5878919363021851,0.06713365018367767,0.03658122569322586,0.2258613109588623,-111.50357818603516,134.4577178955078,0.0139478649944067
>Sequence,Y,346,0.355436235666275,93.47972998023033,E,0.01374383457005024,0.5406947135925293,0.4455614387989044,E,0.005654175765812397,0.009048019535839558,0.0003895112604368478,0.06591171026229858,0.45258602499961853,0.09844779968261719,0.035638175904750824,0.3323246240615845,-115.00972747802734,125.84629821777344,0.007214782759547234
>Sequence,G,347,0.160913348197937,16.73498821258545,C,0.0007151535246521235,0.14525668323040009,0.8540281653404236,C,0.00036769863800145686,0.00022727543546352535,4.846311639994383e-05,0.01911892741918564,0.11280582845211029,0.15253230929374695,0.008616302162408829,0.7062831521034241,155.04225158691406,-179.19528198242188,0.006003344897180796
>Sequence,P,348,0.2388077676296234,37.97043505311012,C,0.001539577730000019,0.12031935155391693,0.8781411051750183,C,0.0008367595146410167,0.0003900027659256011,4.588092997437343e-05,0.04595346003770828,0.06440749764442444,0.11210539191961288,0.018730103969573975,0.757530927658081,-68.65342712402344,151.1126251220703,0.007079984061419964
>Sequence,G,349,0.12398504465818405,12.894444644451141,C,0.004585176706314087,0.030110619962215424,0.9653041362762451,C,0.0026654337998479605,0.0011416722554713488,4.560930756269954e-05,0.023294717073440552,0.01471110712736845,0.13989686965942383,0.03006158024072647,0.7881829738616943,-102.78546142578125,172.7293701171875,0.004652777221053839
>Sequence,P,350,0.3684481680393219,58.58325871825218,C,0.09623051434755325,0.016009274870157242,0.8877601623535156,T,0.07525889575481415,0.009784129448235035,0.00017150340136140585,0.0049167536199092865,0.0039875986985862255,0.08659756183624268,0.7447534799575806,0.07453010231256485,-58.4551887512207,114.3940658569336,0.009812318719923496
>Sequence,G,351,0.3527681529521942,36.6878879070282,C,0.12778393924236298,0.022007472813129425,0.8502086400985718,T,0.12844796478748322,0.012649661861360073,0.000527917523868382,0.0042258864268660545,0.00969949085265398,0.09263874590396881,0.6777836084365845,0.07402670383453369,79.61133575439453,1.8987172842025757,0.00773946987465024
>Sequence,N,352,0.25353339314460754,49.43901166319847,C,0.13125954568386078,0.18285495042800903,0.685885488986969,C,0.12392951548099518,0.03013843297958374,0.0008420069934800267,0.04215184971690178,0.11737783998250961,0.16853581368923187,0.10335879772901535,0.4136658012866974,-97.04338073730469,89.37183380126953,0.015770921483635902
>Sequence,L,353,0.2956536114215851,59.4263758957386,C,0.05939270928502083,0.39487627148628235,0.5457310676574707,C,0.03920019418001175,0.026015935465693474,0.0007304005557671189,0.05312333256006241,0.3256947994232178,0.09737838059663773,0.044111236929893494,0.4137456715106964,-103.6178207397461,122.83094787597656,0.021591467782855034
>Sequence,V,354,0.2750903069972992,47.86571341753006,C,0.03674888238310814,0.4778674840927124,0.48538365960121155,E,0.023133041337132454,0.01926010474562645,0.0006862746085971594,0.050616052001714706,0.416598916053772,0.06832373887300491,0.03039909340441227,0.39098283648490906,-103.31791687011719,128.5518798828125,0.04121125862002373
>Sequence,R,355,0.3978276550769806,109.00477749109268,C,0.03872140496969223,0.4138306677341461,0.547447919845581,C,0.0271393321454525,0.017749279737472534,0.0007131097954697907,0.029756024479866028,0.37992149591445923,0.06699024885892868,0.04322550445795059,0.43450498580932617,-96.49737548828125,129.05206298828125,0.04988285154104233
>Sequence,K,356,0.5163116455078125,121.84954833984375,C,0.05694105476140976,0.3311682939529419,0.6118906140327454,C,0.039121951907873154,0.02224997617304325,0.0006991414120420814,0.02050132490694523,0.31937894225120544,0.09476466476917267,0.06885950267314911,0.4344244599342346,-94.67100524902344,120.09615325927734,0.05377921089529991
>Sequence,Y,357,0.3242693841457367,85.28284803032875,C,0.04434873163700104,0.4170539677143097,0.5385973453521729,E,0.02921866998076439,0.019990798085927963,0.0005730726406909525,0.021699490025639534,0.4043292701244354,0.07421820610761642,0.0506722517311573,0.3992982506752014,-106.06318664550781,131.09115600585938,0.04987243190407753
>Sequence,E,358,0.5253998637199402,117.16416960954666,C,0.058485157787799835,0.45395663380622864,0.4875582158565521,E,0.03584623709321022,0.02575850300490856,0.0010564797557890415,0.01477823592722416,0.4519411027431488,0.07584496587514877,0.054085105657577515,0.34068939089775085,-102.72052001953125,126.35743713378906,0.06631553918123245
>Sequence,K,359,0.541532576084137,127.80168795585632,C,0.051548637449741364,0.4683323800563812,0.48011893033981323,E,0.033601853996515274,0.021816059947013855,0.0009182516951113939,0.01775527559220791,0.4613204300403595,0.07031980901956558,0.05972063168883324,0.3345477283000946,-99.4022216796875,122.50389099121094,0.06527967005968094
>Sequence,V,360,0.3407190442085266,59.28511369228363,E,0.04506446048617363,0.4845682978630066,0.47036728262901306,E,0.026367463171482086,0.021704083308577538,0.0009177045430988073,0.015868335962295532,0.4805700480937958,0.06213397532701492,0.04806377738714218,0.3443746864795685,-104.70769500732422,125.39344787597656,0.06852086633443832
>Sequence,D,361,0.5362729430198669,103.50067800283432,C,0.036923471838235855,0.4009231626987457,0.5621533989906311,E,0.02141806297004223,0.015271751210093498,0.0008075643563643098,0.007784303743392229,0.4247024953365326,0.09729023277759552,0.07773194462060928,0.354993611574173,-95.71932983398438,100.52715301513672,0.047424256801605225
>Sequence,K,362,0.4339931309223175,102.42237889766693,E,0.03984498605132103,0.48716527223587036,0.47298967838287354,E,0.02071327157318592,0.0173864234238863,0.0008391602896153927,0.010692628100514412,0.5045537352561951,0.08505727350711823,0.045755840837955475,0.31500163674354553,-109.438720703125,130.5672607421875,0.03922383859753609
>Sequence,T,363,0.3938392102718353,67.74034416675568,E,0.023264368996024132,0.6996234059333801,0.2771121859550476,E,0.011046219617128372,0.012150122784078121,0.0004989742301404476,0.01549497526139021,0.6935481429100037,0.03489052131772041,0.019065598025918007,0.2133054882287979,-108.8390884399414,132.46139526367188,0.027849096804857254
>Sequence,I,364,0.2464625984430313,48.55313189327717,E,0.013597127050161362,0.7768369913101196,0.2095658928155899,E,0.005746618844568729,0.007476703263819218,0.00031502553611062467,0.017761627212166786,0.7615851163864136,0.01747734472155571,0.008666442707180977,0.18097111582756042,-108.11538696289062,127.05203247070312,0.026100121438503265
>Sequence,V,365,0.3160734474658966,54.99677985906601,E,0.008886518888175488,0.6804770231246948,0.31063640117645264,E,0.004561493173241615,0.00410528713837266,0.0003152875287923962,0.021555323153734207,0.6583150029182434,0.03305353969335556,0.012808851897716522,0.2652851641178131,-105.55526733398438,128.41419982910156,0.01987825520336628
>Sequence,D,366,0.4530971348285675,87.44774702191353,C,0.007204778958112001,0.40364399552345276,0.5891512036323547,C,0.004128473345190287,0.0025902120396494865,0.0002378019707975909,0.033166225999593735,0.3489936292171478,0.1003376916050911,0.038333844393491745,0.4722121059894562,-100.8531265258789,122.92752838134766,0.009482407942414284
>Sequence,G,367,0.14834511280059814,15.427891731262207,C,0.0012113854754716158,0.08994913846254349,0.9088394641876221,C,0.0005391460726968944,0.0003313660272397101,5.3899311751592904e-05,0.014933550730347633,0.06488582491874695,0.14390157163143158,0.01098242774605751,0.7643721699714661,-137.06932067871094,173.08592224121094,0.004759272560477257
>Sequence,P,368,0.24193689227104187,38.46796587109566,C,0.0024780675303190947,0.061338022351264954,0.9361838698387146,C,0.001350997481495142,0.000688115949742496,6.139547622296959e-05,0.028333494439721107,0.03359677270054817,0.1571914404630661,0.03069254942238331,0.7480852007865906,-69.9134750366211,151.14891052246094,0.006304504349827766
>Sequence,G,369,0.13858762383460999,14.413112878799438,C,0.007280603051185608,0.030233629047870636,0.9624857306480408,C,0.004108712542802095,0.0021795283537358046,9.639926429372281e-05,0.022824468091130257,0.016353784129023552,0.18522140383720398,0.04509337618947029,0.7241224050521851,-98.83939361572266,172.67677307128906,0.005335972178727388
>Sequence,P,370,0.3212953507900238,51.085960775613785,C,0.11344068497419357,0.020195534452795982,0.8663637638092041,T,0.08207158744335175,0.016339397057890892,0.0002959409321192652,0.0060104443691670895,0.006017948966473341,0.10176211595535278,0.6974039673805237,0.09009858220815659,-58.759342193603516,113.60077667236328,0.008942914195358753
>Sequence,G,371,0.28298863768577576,29.43081831932068,C,0.18442653119564056,0.02796134166419506,0.7876121401786804,T,0.17467233538627625,0.02632409706711769,0.0009275063639506698,0.005023445468395948,0.014615996740758419,0.10102938115596771,0.5824520587921143,0.09495518356561661,75.39439392089844,0.368310809135437,0.006949252914637327
>Sequence,L,372,0.2649714946746826,53.259270429611206,C,0.1729513257741928,0.21830499172210693,0.6087437272071838,C,0.13268859684467316,0.05630605295300484,0.0010770424269139767,0.04130736365914345,0.16128447651863098,0.14212219417095184,0.08460814505815506,0.3806060552597046,-92.32262420654297,107.73483276367188,0.011826131492853165
>Sequence,Q,373,0.26874563097953796,60.46776697039604,E,0.09728929400444031,0.45959708094596863,0.44311368465423584,E,0.055885735899209976,0.047016389667987823,0.0011309821857139468,0.04218915477395058,0.38928791880607605,0.0899667739868164,0.04007613658905029,0.3344469368457794,-108.81990814208984,137.81793212890625,0.012598300352692604
>Sequence,T,374,0.3530844748020172,60.73052966594696,E,0.10268478840589523,0.5315852761268616,0.3657299876213074,E,0.04207134246826172,0.05964689701795578,0.0015499508008360863,0.030917255207896233,0.4879511892795563,0.061768997460603714,0.03349226713180542,0.28260213136672974,-102.59526062011719,132.3740234375,0.02334921434521675
>Sequence,I,375,0.22252336144447327,43.83710220456123,E,0.10300537943840027,0.5830893516540527,0.3139052987098694,E,0.03333941847085953,0.06662410497665405,0.0015472525265067816,0.027736539021134377,0.5537327527999878,0.04062087461352348,0.02672504633665085,0.2496740072965622,-97.45960998535156,120.33771514892578,0.028035800904035568
>Sequence,V,376,0.2607690989971161,45.3738232254982,E,0.09991925954818726,0.5388317704200745,0.36124902963638306,E,0.03313795104622841,0.06275193393230438,0.0016569377621635795,0.020796533674001694,0.5127002596855164,0.04407262057065964,0.03069872036576271,0.29418501257896423,-98.95719146728516,123.95848083496094,0.04670633748173714
>Sequence,K,377,0.46290019154548645,109.2444452047348,E,0.11969782412052155,0.4496690630912781,0.4306330978870392,E,0.049104735255241394,0.06556332111358643,0.0023817550390958786,0.01709790714085102,0.43871527910232544,0.07456852495670319,0.05561542138457298,0.2969531714916229,-99.55074310302734,125.35761260986328,0.03660339117050171
>Sequence,S,378,0.30730634927749634,47.63248413801193,C,0.10076358914375305,0.42928603291511536,0.46995043754577637,E,0.04309821128845215,0.05419895425438881,0.0015323935076594353,0.019307073205709457,0.4088265895843506,0.07418720424175262,0.061611514538526535,0.3372381031513214,-102.90654754638672,135.32437133789062,0.030024666339159012
>Sequence,L,379,0.2782193422317505,55.92208778858185,C,0.11245271563529968,0.2656154930591583,0.6219317317008972,C,0.06106502190232277,0.04960380494594574,0.0015215027378872037,0.014583189971745014,0.2503174841403961,0.1622166484594345,0.13364198803901672,0.3270503878593445,-89.90742492675781,59.368324279785156,0.02879997156560421
>Sequence,N,380,0.49870842695236206,97.2481432557106,C,0.07538052648305893,0.2340308576822281,0.690588653087616,C,0.047155119478702545,0.023042576387524605,0.0016026204684749246,0.009652284905314445,0.22023306787014008,0.23521843552589417,0.13842177391052246,0.32467415928840637,-93.53739166259766,52.437286376953125,0.04384835809469223
>Sequence,K,381,0.44664692878723145,105.40867519378662,C,0.04733391851186752,0.41067224740982056,0.5419937968254089,E,0.030678654089570045,0.018790405243635178,0.0007776456186547875,0.01792076602578163,0.41058364510536194,0.12135095149278641,0.04986806958913803,0.3500298261642456,-105.9596176147461,127.9948959350586,0.032090697437524796
>Sequence,I,382,0.29199209809303284,57.52244332432747,E,0.02237032912671566,0.6354174017906189,0.3422122895717621,E,0.01171274296939373,0.011681808158755302,0.0003775507502723485,0.02622230537235737,0.6185912489891052,0.04209614545106888,0.016359489411115646,0.2729587256908417,-106.63003540039062,126.98667907714844,0.03044993057847023
>Sequence,Y,383,0.36370590329170227,95.6546525657177,E,0.011035473085939884,0.6420304775238037,0.346934050321579,E,0.005791770294308662,0.0055411141365766525,0.00032056329655461013,0.03867484629154205,0.6006691455841064,0.04482904076576233,0.015631766989827156,0.2885417342185974,-107.13509368896484,126.37124633789062,0.02430749498307705
>Sequence,V,384,0.24019993841648102,41.7947892844677,C,0.0006922241882421076,0.34391146898269653,0.6553962826728821,C,0.00046207502600736916,0.0002843869151547551,4.3374806409701705e-05,0.029211275279521942,0.3171626031398773,0.11099077016115189,0.0038279190193861723,0.5380176305770874,-110.38626861572266,130.30503845214844,0.018705422058701515
>Sequence,P,385,0.347561776638031,55.26232248544693,C,0.0006761476397514343,0.06611679494380951,0.9332069754600525,C,0.00041910665458999574,0.0001641738199396059,1.0451234629726969e-05,0.005200052633881569,0.05679743364453316,0.06895998865365982,0.01012769527733326,0.8583210110664368,-63.88392639160156,153.1163787841797,0.012564996257424355
>Sequence,P,386,0.4323408901691437,68.74220153689384,C,0.0020934368949383497,0.039069030433893204,0.9588375687599182,C,0.0016324572497978806,0.00043310580076649785,3.486230343696661e-05,0.013921677134931087,0.02610580436885357,0.17440497875213623,0.04973965138196945,0.7337273955345154,-63.31377029418945,148.86257934570312,0.014842906035482883
>Sequence,G,387,0.2839686870574951,29.532743453979492,C,0.0015639759367331862,0.047122929245233536,0.9513131380081177,C,0.0008764757658354938,0.00042176852002739906,8.259724563686177e-05,0.02543908730149269,0.028429683297872543,0.19366544485092163,0.028072981163859367,0.7230119705200195,128.8245086669922,175.46507263183594,0.016049420461058617
>Sequence,P,388,0.2652856707572937,42.1804216504097,C,0.0025759960990399122,0.03711109980940819,0.9603129029273987,C,0.001385246287100017,0.0006773219793103635,5.932178100920282e-05,0.02957535721361637,0.01733880490064621,0.13547059893608093,0.027199961245059967,0.7882933020591736,-68.58694458007812,150.61651611328125,0.015272620134055614
>Sequence,G,389,0.21446079015731812,22.303922176361084,C,0.0048503512516617775,0.018328875303268433,0.9768208265304565,C,0.0020389421842992306,0.002205465454608202,6.703603139612824e-05,0.021685272455215454,0.008843222633004189,0.16352570056915283,0.027124542742967606,0.774509847164154,-87.58059692382812,174.66958618164062,0.015480891801416874
>Sequence,P,390,0.3618066906929016,57.527263820171356,C,0.10870061814785004,0.026252444833517075,0.8650469779968262,T,0.06382598727941513,0.04044415429234505,0.0006231777369976044,0.02266019769012928,0.011256780475378036,0.14045684039592743,0.4103558659553528,0.3103770315647125,-63.428585052490234,137.62171936035156,0.020879874005913734
>Sequence,G,391,0.2775087356567383,28.86090850830078,C,0.27566877007484436,0.01617640070617199,0.7081547975540161,T,0.1824910193681717,0.08840925991535187,0.001824480714276433,0.008781304582953453,0.00917377695441246,0.12199608236551285,0.41078177094459534,0.17654229700565338,45.39977264404297,-14.993795394897461,0.01851532980799675
>Sequence,D,392,0.39107492566108704,75.4774606525898,C,0.4187595546245575,0.039365533739328384,0.5418749451637268,C,0.1836947500705719,0.18652288615703583,0.0025998775381594896,0.018974237143993378,0.027111319825053215,0.14539994299411774,0.12746921181678772,0.30822768807411194,-81.4567642211914,-4.401558876037598,0.02189483307301998
>Sequence,S,393,0.36129096150398254,56.000099033117294,H,0.5118573904037476,0.0793200358748436,0.4088224768638611,H,0.1668003499507904,0.2947337329387665,0.00584752019494772,0.01959819532930851,0.06341604888439178,0.0950125902891159,0.0973217785358429,0.2572697699069977,-83.08855438232422,-21.609947204589844,0.024430589750409126
>Sequence,Y,394,0.2780369818210602,73.12372621893883,H,0.5557986497879028,0.12121132761240005,0.3229901194572449,H,0.1535903662443161,0.3647639751434326,0.008208896964788437,0.024427056312561035,0.09848491102457047,0.0621604397892952,0.08814339339733124,0.2002209722995758,-83.14068603515625,-19.376253128051758,0.03471290320158005
>Sequence,L,395,0.17574189603328705,35.3241211026907,H,0.5739472508430481,0.1135384812951088,0.3125142753124237,H,0.11711542308330536,0.42344218492507935,0.006312053184956312,0.016163263469934464,0.10048867017030716,0.0517171211540699,0.058451902121305466,0.22630932927131653,-77.7952651977539,-16.90848731994629,0.03916477411985397
>Sequence,Q,396,0.44176870584487915,99.39795881509781,H,0.5511053800582886,0.10888087749481201,0.34001365303993225,H,0.10870766639709473,0.41709616780281067,0.006970332469791174,0.01355711929500103,0.09690919518470764,0.05021042749285698,0.07041670382022858,0.23613241314888,-75.70482635498047,-24.661365509033203,0.06424949318170547
>Sequence,K,397,0.4810662567615509,113.53163659572601,H,0.5446013808250427,0.10342247039079666,0.3519761264324188,H,0.12295667082071304,0.3836643695831299,0.0058783190324902534,0.013595412485301495,0.09927248954772949,0.051211997866630554,0.08575785160064697,0.2376629114151001,-77.69673156738281,-19.236120223999023,0.05551527813076973
>Sequence,L,398,0.2133774757385254,42.8888726234436,H,0.5058145523071289,0.10502941161394119,0.3891560137271881,H,0.10146187245845795,0.3724013864994049,0.0045395842753350735,0.012583796866238117,0.09620202332735062,0.05962449312210083,0.07795050740242004,0.2752362787723541,-78.55271911621094,-14.250862121582031,0.052666470408439636
>Sequence,A,399,0.2878413796424866,37.13153797388077,C,0.34259501099586487,0.11243459582328796,0.5449703931808472,C,0.08231930434703827,0.24292241036891937,0.0027944534085690975,0.014172260649502277,0.09668206423521042,0.0828375518321991,0.1081494465470314,0.3701225221157074,-78.24243927001953,9.685437202453613,0.07065463066101074
>Sequence,Q,400,0.5386761426925659,121.20213210582733,C,0.25984328985214233,0.13453377783298492,0.6056229472160339,C,0.08488932251930237,0.16003014147281647,0.0032514033373445272,0.019057082012295723,0.11565924435853958,0.11126910895109177,0.1347186118364334,0.37112510204315186,-86.76652526855469,33.2452278137207,0.10454729199409485
>Sequence,H,401,0.4278208315372467,95.83186626434326,C,0.16146863996982574,0.15300288796424866,0.6855284571647644,C,0.05964174121618271,0.09326665103435516,0.0026837806217372417,0.020240657031536102,0.12943056225776672,0.16235293447971344,0.1080642119050026,0.42431944608688354,-96.3614273071289,106.08384704589844,0.10430223494768143
>Sequence,S,402,0.48068609833717346,74.50634524226189,C,0.06794141232967377,0.1668153703212738,0.7652431726455688,C,0.027032198384404182,0.03723942115902901,0.0013539762003347278,0.02397678978741169,0.13444063067436218,0.15752586722373962,0.07771118730306625,0.5407199263572693,-98.52042388916016,119.58426666259766,0.09365862607955933
>Sequence,I,403,0.2996743321418762,59.035843431949615,C,0.023474030196666718,0.11182183027267456,0.8647041320800781,C,0.008344256319105625,0.015079512260854244,0.00029694827389903367,0.01860102079808712,0.0884498879313469,0.23489470779895782,0.016330013051629066,0.6180037260055542,-97.01400756835938,128.15232849121094,0.08449330180883408
>Sequence,P,404,0.3979726731777191,63.27765503525734,C,0.05014452710747719,0.06604792177677155,0.8838075399398804,C,0.019017357379198074,0.021802201867103577,0.0002866207796614617,0.009485703893005848,0.04930652678012848,0.06063542887568474,0.045762963593006134,0.7937031984329224,-62.95975112915039,146.11900329589844,0.08852750062942505
>Sequence,T,405,0.5118933320045471,88.0456531047821,C,0.16930913925170898,0.06363452970981598,0.7670563459396362,C,0.06591108441352844,0.08754590898752213,0.001443571993149817,0.017556289210915565,0.04753488302230835,0.15838170051574707,0.13224463164806366,0.48938190937042236,-85.47120666503906,9.69326400756836,0.10091381520032883
>Sequence,N,406,0.5179353356361389,100.99739044904709,C,0.22396980226039886,0.03626406565308571,0.7397661209106445,C,0.09185530990362167,0.10701952129602432,0.0018596865702420473,0.008986646309494972,0.028816351667046547,0.1775868535041809,0.13528980314731598,0.4485858380794525,-84.00361633300781,46.15193557739258,0.1136767715215683
>Sequence,K,407,0.5585607290267944,131.8203320503235,C,0.356033593416214,0.04447879642248154,0.5994876623153687,C,0.09917021542787552,0.2225176841020584,0.002462860895320773,0.008990021422505379,0.03698674961924553,0.15069909393787384,0.1150609701871872,0.36411240696907043,-81.62074279785156,-7.983089447021484,0.09008525311946869
>Sequence,K,408,0.5758718848228455,135.90576481819153,C,0.29420357942581177,0.09232331812381744,0.6134730577468872,C,0.0767415389418602,0.18383318185806274,0.001315383706241846,0.020300475880503654,0.07729391753673553,0.09555356204509735,0.08998160809278488,0.4549802839756012,-85.47234344482422,73.47113800048828,0.06445451825857162
>Sequence,L,409,0.212391197681427,42.69063073396683,C,0.24117130041122437,0.12959501147270203,0.6292336583137512,C,0.032309114933013916,0.18006108701229095,0.0013706060126423836,0.028940878808498383,0.09141112864017487,0.08970479667186737,0.03473461791872978,0.5414677858352661,-83.23926544189453,130.3274688720703,0.058233052492141724
>Sequence,T,410,0.34254103899002075,58.91705870628357,C,0.26114749908447266,0.11442992836236954,0.624422550201416,C,0.01437991950660944,0.2448667287826538,0.0015516263665631413,0.02276693470776081,0.07529988884925842,0.07087991386651993,0.024614062160253525,0.5456410050392151,-87.153076171875,174.76028442382812,0.04648803174495697
>Sequence,V,411,0.3675842583179474,63.959660947322845,H,0.7730679512023926,0.043428149074316025,0.1835039258003235,H,0.023301703855395317,0.7675506472587585,0.004273492842912674,0.004215113818645477,0.03076421096920967,0.024026595056056976,0.0302747655659914,0.11559347063302994,-69.9865493774414,-38.803096771240234,0.045440804213285446
>Sequence,W,412,0.33766451478004456,96.2343867123127,H,0.8385720252990723,0.027731778100132942,0.1336962878704071,H,0.022129178047180176,0.814034640789032,0.0032057741191238165,0.002175550442188978,0.02271946892142296,0.014689188450574875,0.026274288073182106,0.09477190673351288,-68.71052551269531,-39.8075065612793,0.036860860884189606
>Sequence,G,413,0.14455044269561768,15.033246040344238,H,0.8330667614936829,0.017808206379413605,0.14912506937980652,H,0.020141076296567917,0.8192429542541504,0.004968613851815462,0.001559182070195675,0.013859846629202366,0.016287261620163918,0.029328156262636185,0.09461287409067154,-64.84308624267578,-43.82211685180664,0.031485311686992645
>Sequence,I,414,0.16831226646900177,33.15751649439335,H,0.8963881134986877,0.01643836684525013,0.08717355877161026,H,0.011977085843682289,0.8833020925521851,0.0030275939498096704,0.0013952431036159396,0.012626728974282742,0.008741934783756733,0.01304642390459776,0.06588294357061386,-64.94346618652344,-40.7649040222168,0.03259478881955147
>Sequence,K,415,0.5014843344688416,118.3503029346466,H,0.9049636125564575,0.011829742230474949,0.08320675790309906,H,0.010463513433933258,0.8938807845115662,0.002674812451004982,0.0008634115220047534,0.009782413952052593,0.006741310004144907,0.015547256916761398,0.06004653498530388,-65.9931411743164,-39.85578918457031,0.025356488302350044
>Sequence,Q,416,0.3800693452358246,85.51560267806053,H,0.8905872702598572,0.01669374108314514,0.09271904826164246,H,0.011990677565336227,0.8686404228210449,0.0036613873671740294,0.001235783682204783,0.015181037597358227,0.007595231756567955,0.01951921358704567,0.0721762627363205,-66.8877182006836,-40.0915641784668,0.03479684144258499
>Sequence,L,417,0.11856980621814728,23.832531049847603,H,0.9049142003059387,0.011495326645672321,0.08359049260616302,H,0.007052731234580278,0.8924773335456848,0.002356183947995305,0.0007506945403292775,0.009435797110199928,0.006419438403099775,0.013045731000602245,0.06846202909946442,-65.4656753540039,-40.758575439453125,0.029854346066713333
>Sequence,Q,418,0.3587949872016907,80.7288721203804,H,0.9029747843742371,0.01042670663446188,0.0865984857082367,H,0.0075759547762572765,0.8883488774299622,0.0030037597753107548,0.0009235423640348017,0.008286182768642902,0.00639699213206768,0.0150260329246521,0.07043870538473129,-64.67415618896484,-40.52885818481445,0.03893648833036423
>Sequence,A,419,0.33015379309654236,42.589839309453964,H,0.8947557210922241,0.00973343662917614,0.09551085531711578,H,0.006772208493202925,0.8853287100791931,0.002844774629920721,0.0005530660855583847,0.00828554667532444,0.006297012325376272,0.016649603843688965,0.07326910644769669,-64.5128402709961,-40.02804183959961,0.03997589275240898
>Sequence,R,420,0.3241252899169922,88.81032943725586,H,0.8980870246887207,0.010327808558940887,0.09158516675233841,H,0.007482901215553284,0.8874152898788452,0.0046201893128454685,0.000976984272710979,0.008273165673017502,0.0065589649602770805,0.018962549045681953,0.06570995599031448,-65.8508529663086,-40.55056381225586,0.04271695017814636
>Sequence,V,421,0.16677866876125336,29.019488364458084,H,0.8934800624847412,0.015087486244738102,0.09143248945474625,H,0.00642689922824502,0.881744921207428,0.005843254271894693,0.0012096638092771173,0.011699985712766647,0.007489347364753485,0.014770799316465855,0.07081511616706848,-66.13359069824219,-41.680110931396484,0.04420699551701546
>Sequence,L,422,0.35868939757347107,72.09656891226768,H,0.8790205121040344,0.015157710760831833,0.10582172870635986,H,0.007810001727193594,0.8689990639686584,0.004576578736305237,0.001223956816829741,0.0116000697016716,0.007357227616012096,0.020453618839383125,0.0779794305562973,-65.71810150146484,-39.426055908203125,0.04946489259600639
>Sequence,A,423,0.30899423360824585,39.860256135463715,H,0.8239141702651978,0.010463391430675983,0.16562247276306152,H,0.009630885906517506,0.8305704593658447,0.004521576687693596,0.0009961252799257636,0.008170349523425102,0.00923679769039154,0.03513135015964508,0.10174252837896347,-65.04342651367188,-37.93490219116211,0.06650267541408539
>Sequence,V,424,0.21433089673519135,37.293576031923294,H,0.8053869605064392,0.010082253254950047,0.18453072011470795,H,0.015060748904943466,0.7958266139030457,0.006546596996486187,0.001499829813838005,0.007719704415649176,0.014644842594861984,0.03814460709691048,0.12055693566799164,-67.17992401123047,-37.56454086303711,0.06975466758012772
>Sequence,K,425,0.5365508794784546,126.62600755691528,H,0.7618643045425415,0.009106437675654888,0.22902925312519073,H,0.020702091977000237,0.7596506476402283,0.00531972898170352,0.0016937864711508155,0.006646868772804737,0.01737571321427822,0.057947054505348206,0.1306641697883606,-67.87089538574219,-34.93842697143555,0.0711563229560852
>Sequence,K,426,0.5717862248420715,134.94154906272888,H,0.6795119047164917,0.013234185986220837,0.3072538375854492,H,0.03262142464518547,0.6607022881507874,0.006849324330687523,0.002958455355837941,0.010558778420090675,0.025346914306282997,0.0949508398771286,0.16601194441318512,-72.54430389404297,-29.416019439697266,0.08712677657604218
>Sequence,C,427,0.20368249714374542,34.014977023005486,H,0.5558794140815735,0.013897421769797802,0.43022316694259644,H,0.028525713831186295,0.5385253429412842,0.005717341788113117,0.004018114879727364,0.00940217450261116,0.057151902467012405,0.0834638699889183,0.2731955349445343,-75.16281127929688,-27.902626037597656,0.10427308082580566
>Sequence,A,428,0.4055830240249634,52.320210099220276,C,0.46311241388320923,0.018992483615875244,0.5178951025009155,H,0.036590903997421265,0.42363211512565613,0.00355454720556736,0.005365750286728144,0.012656521052122116,0.0577988363802433,0.10954146832227707,0.3508598506450653,-70.44953155517578,-25.697689056396484,0.15935182571411133
>Sequence,A,429,0.5563759803771973,71.77250146865845,C,0.374702125787735,0.015495946630835533,0.6098018884658813,C,0.04901532456278801,0.3192143142223358,0.0027830246835947037,0.004739288240671158,0.011765955947339535,0.07741298526525497,0.14278870820999146,0.3922804296016693,-71.82889556884766,-23.640926361083984,0.21137645840644836
>Sequence,E,430,0.650322437286377,145.02190351486206,C,0.31190675497055054,0.015867644920945168,0.6722255945205688,C,0.05572482943534851,0.24712888896465302,0.0028578212950378656,0.005966146010905504,0.012410938739776611,0.09929697215557098,0.15606999397277832,0.4205443263053894,-78.99298095703125,-14.286468505859375,0.25705528259277344
>Sequence,S,431,0.47862571477890015,74.18698579072952,C,0.23292437195777893,0.014998884871602058,0.7520768046379089,C,0.0480177067220211,0.17566920816898346,0.001869181520305574,0.004771399777382612,0.010567352175712585,0.12183775007724762,0.13518217206001282,0.502085268497467,-84.56669616699219,20.03611183166504,0.24240794777870178
>Sequence,S,432,0.5661919116973877,87.75974631309509,C,0.17334192991256714,0.01724874973297119,0.8094093203544617,C,0.05277566239237785,0.11177258938550949,0.0011335571762174368,0.005004660226404667,0.012535789981484413,0.1456010788679123,0.14590926468372345,0.525267481803894,-82.9905776977539,4.7004570960998535,0.2185899317264557
>Sequence,T,433,0.6108493208885193,105.06608319282532,C,0.11326060444116592,0.03336402028799057,0.8533753752708435,C,0.048758719116449356,0.06340555101633072,0.0010278795380145311,0.012641786597669125,0.02191365882754326,0.19401171803474426,0.14289377629756927,0.515346884727478,-97.0145492553711,50.18595886230469,0.19604894518852234
>Sequence,L,434,0.324919730424881,65.30886581540108,C,0.017904583364725113,0.022955838590860367,0.9591395854949951,C,0.006113951560109854,0.008972300216555595,0.00018328135774936527,0.010342419147491455,0.012229292653501034,0.3351847231388092,0.017390621826052666,0.60958331823349,-87.19062042236328,138.00845336914062,0.17975951731204987
>Sequence,P,435,0.42518356442451477,67.60418674349785,C,0.027862990275025368,0.011974680237472057,0.960162341594696,C,0.008349932730197906,0.01218288391828537,0.00012222601799294353,0.004471627064049244,0.006725220941007137,0.06830160319805145,0.032762132585048676,0.8670843839645386,-63.40232467651367,147.10574340820312,0.19630438089370728
>Sequence,N,436,0.5922074317932129,115.48044919967651,C,0.08359093964099884,0.022122971713542938,0.894286036491394,C,0.02350728027522564,0.049907710403203964,0.0005198107101023197,0.011107941158115864,0.012798408977687359,0.13378310203552246,0.0572369322180748,0.7111387252807617,-86.91695404052734,126.98932647705078,0.22593806684017181
>Sequence,K,437,0.5974581241607666,141.00011730194092,C,0.36876654624938965,0.01569785550236702,0.61553555727005,C,0.07542508095502853,0.27577918767929077,0.0012533788103610277,0.005304516293108463,0.011643411591649055,0.11250627785921097,0.12420443445444107,0.3938836455345154,-75.33580017089844,-20.30240249633789,0.18409760296344757
>Sequence,S,438,0.4825558364391327,74.79615464806557,C,0.4020882248878479,0.015244045294821262,0.5826677083969116,C,0.07059451937675476,0.3173711597919464,0.0013085610698908567,0.004151552449911833,0.012069418095052242,0.09315457940101624,0.08781324326992035,0.4135369658470154,-76.25809478759766,-25.111949920654297,0.1557612121105194
>Sequence,D,439,0.4816026985645294,92.94932082295418,H,0.49850785732269287,0.023131748661398888,0.4783604145050049,H,0.06530027836561203,0.3976523280143738,0.002362519036978483,0.006078897975385189,0.017438888549804688,0.07385546714067459,0.05762042477726936,0.37969115376472473,-75.64116668701172,-20.323654174804688,0.1336865872144699
>Sequence,V,440,0.3652794361114502,63.558621883392334,H,0.6033058762550354,0.031011655926704407,0.3656823933124542,H,0.05184956267476082,0.5435463190078735,0.0040478152222931385,0.006803928408771753,0.022502493113279343,0.04239283502101898,0.0487145259976387,0.28014251589775085,-74.15789794921875,-34.145729064941406,0.12619566917419434
>Sequence,L,441,0.3214169442653656,64.60480579733849,H,0.6055909991264343,0.03144882246851921,0.36296018958091736,H,0.04661879315972328,0.5493170022964478,0.0029172322247177362,0.006587172392755747,0.023331522941589355,0.04299154505133629,0.05591964349150658,0.2723170816898346,-73.571044921875,-30.006013870239258,0.1129322275519371
>Sequence,T,442,0.36108019948005676,62.10579431056976,H,0.5909131765365601,0.023891841992735863,0.3851949870586395,H,0.03334972634911537,0.5725070238113403,0.0030944845639169216,0.004733328241854906,0.01753751002252102,0.051429424434900284,0.053108569234609604,0.26423993706703186,-75.90546417236328,-36.452754974365234,0.08795509487390518
>Sequence,K,443,0.5142305493354797,121.35840964317322,H,0.7031001448631287,0.014294770546257496,0.2826051115989685,H,0.029837127774953842,0.6873143911361694,0.0032051485031843185,0.0026635511312633753,0.010918700136244297,0.03707448020577431,0.044301360845565796,0.18468517065048218,-69.8591537475586,-36.265647888183594,0.08236992359161377
>Sequence,K,444,0.5029189586639404,118.68887424468994,H,0.7152863144874573,0.016727576032280922,0.26798614859580994,H,0.027884474024176598,0.6846063733100891,0.002999395364895463,0.0029365287628024817,0.01347722765058279,0.02896568737924099,0.039897773414850235,0.1992325633764267,-69.71845245361328,-37.458866119384766,0.08407416194677353
>Sequence,A,445,0.23604609072208405,30.449945703148842,H,0.7167759537696838,0.01903286948800087,0.26419124007225037,H,0.02137095108628273,0.6885961890220642,0.0029658859129995108,0.002196813002228737,0.014911148697137833,0.02737816795706749,0.031591955572366714,0.21098893880844116,-67.811279296875,-39.99943542480469,0.08364780992269516
>Sequence,S,446,0.27351054549217224,42.3941345512867,H,0.7295212149620056,0.021478524431586266,0.24900026619434357,H,0.016457142308354378,0.7141420245170593,0.0028962302021682262,0.002657931996509433,0.015905702486634254,0.02263827808201313,0.02694341167807579,0.19835923612117767,-68.51498413085938,-40.420066833496094,0.07131402939558029
>Sequence,I,447,0.3282889127731323,64.67291581630707,H,0.8267847895622253,0.020967155694961548,0.15224802494049072,H,0.015104280784726143,0.8022907972335815,0.003625698620453477,0.002112483838573098,0.016481902450323105,0.015469138510525227,0.020154276862740517,0.12476136535406113,-67.72476959228516,-39.83036422729492,0.07243957370519638
>Sequence,R,448,0.44906648993492126,123.04421824216843,H,0.8371767401695251,0.01644994504749775,0.14637334644794464,H,0.014400545507669449,0.80916827917099,0.0031516721937805414,0.0017937609227374196,0.01411497127264738,0.011565756984055042,0.022485697641968727,0.12331929802894592,-67.01929473876953,-40.39347839355469,0.06312689185142517
>Sequence,Y,449,0.2337425798177719,61.47429849207401,H,0.8624130487442017,0.015173512510955334,0.1224135234951973,H,0.014148855581879616,0.8335864543914795,0.004047976341098547,0.0015833261422812939,0.012894165702164173,0.010455217212438583,0.021869193762540817,0.1014147624373436,-67.0987777709961,-41.38885498046875,0.05981564521789551
>Sequence,R,450,0.3169825077056885,86.85320711135864,H,0.8733071088790894,0.008821333758533001,0.11787158250808716,H,0.012295546010136604,0.849297285079956,0.00283823418430984,0.0010760548757389188,0.00740900170058012,0.008376969024538994,0.018497314304113388,0.10020953416824341,-64.37034606933594,-40.42693328857422,0.06427399069070816
>Sequence,Q,451,0.4644317030906677,104.49713319540024,H,0.8707267642021179,0.010176420211791992,0.11909682303667068,H,0.014179838821291924,0.8400800228118896,0.003563645062968135,0.0010893682483583689,0.009141633287072182,0.009674726985394955,0.021837711334228516,0.1004331037402153,-66.20469665527344,-39.2937126159668,0.06400399655103683
>Sequence,R,452,0.4005695879459381,109.75606709718704,H,0.874758243560791,0.010059811174869537,0.11518189311027527,H,0.013254793360829353,0.8488501310348511,0.0032817237079143524,0.0011683828197419643,0.008753876201808453,0.00819573923945427,0.0219173114746809,0.09457797557115555,-66.38648986816406,-40.23176193237305,0.0531974658370018
>Sequence,L,453,0.14256535470485687,28.65563629567623,H,0.8705930709838867,0.010916397906839848,0.11849057674407959,H,0.012825065292418003,0.8501259088516235,0.004679352510720491,0.0012236571637913585,0.00867963582277298,0.010244124568998814,0.023044494912028313,0.08917772769927979,-66.43313598632812,-40.45481872558594,0.06050926446914673
>Sequence,I,454,0.23279696702957153,45.86100250482559,H,0.8770124316215515,0.009740220382809639,0.1132473275065422,H,0.013022098690271378,0.8537051677703857,0.004157504998147488,0.0012374591315165162,0.0075763738714158535,0.010650919750332832,0.019803907722234726,0.08984649926424026,-65.14997863769531,-40.250450134277344,0.06542492657899857
>Sequence,S,455,0.46510058641433716,72.09059089422226,H,0.8243781924247742,0.008755492977797985,0.16686633229255676,H,0.019028538838028908,0.8049831390380859,0.004694291856139898,0.0011048992164433002,0.0073008169420063496,0.012835378758609295,0.038771457970142365,0.1112813949584961,-66.17533111572266,-37.45934295654297,0.06615674495697021
>Sequence,L,456,0.29031071066856384,58.35245284438133,H,0.8133220076560974,0.007186661008745432,0.1794913411140442,H,0.023790275678038597,0.7945135831832886,0.005592755973339081,0.0011178005952388048,0.005788113921880722,0.016558710485696793,0.05124785751104355,0.10139089822769165,-68.34918975830078,-36.11467361450195,0.07126837968826294
>Sequence,L,457,0.20346684753894806,40.89683635532856,H,0.7184345722198486,0.007681041024625301,0.2738843858242035,H,0.028514370322227478,0.7066266536712646,0.004920325241982937,0.0016880214679986238,0.005188174080103636,0.033646516501903534,0.06833554059267044,0.1510804146528244,-70.89585876464844,-31.194053649902344,0.08131024986505508
>Sequence,S,458,0.4193098843097687,64.99303206801414,H,0.5797615647315979,0.008739810436964035,0.41149863600730896,H,0.03280606493353844,0.5794187784194946,0.004530360456556082,0.00251826923340559,0.005619280505925417,0.04820004850625992,0.0980837494134903,0.22882352769374847,-70.2353515625,-30.87798309326172,0.09040948003530502
>Sequence,K,459,0.5863536596298218,138.37946367263794,H,0.5413953065872192,0.006477188318967819,0.45212751626968384,H,0.05036589875817299,0.5127114057540894,0.0039154845289886,0.0023501648101955652,0.0048475926741957664,0.06594504415988922,0.1355593055486679,0.2243051528930664,-72.08279418945312,-26.851137161254883,0.09962449967861176
>Sequence,K,460,0.4868544936180115,114.89766049385071,H,0.5019358396530151,0.00792005192488432,0.4901440739631653,H,0.05670894682407379,0.4428359270095825,0.0037719295360147953,0.003058602334931493,0.005831594578921795,0.07478755712509155,0.11712567508220673,0.2958797812461853,-72.90299224853516,-26.824180603027344,0.13365472853183746
>Sequence,K,461,0.5120081901550293,120.83393287658691,H,0.5178138613700867,0.012692072428762913,0.469494104385376,H,0.0691637322306633,0.43200913071632385,0.0033685516100376844,0.004332427401095629,0.009451315738260746,0.0719410628080368,0.10142472386360168,0.3083091080188751,-70.7564697265625,-29.327682495117188,0.1418488770723343
>Sequence,K,462,0.592174768447876,139.75324535369873,H,0.5056551098823547,0.022759396582841873,0.4715854823589325,H,0.08299870789051056,0.4005703032016754,0.0032327715307474136,0.006701908074319363,0.01815973035991192,0.0724642425775528,0.10884279757738113,0.3070295751094818,-74.38170623779297,-26.459121704101562,0.13875901699066162
>Sequence,A,463,0.3757677674293518,48.47404199838638,C,0.4276750683784485,0.0430757999420166,0.5292491316795349,C,0.08130598068237305,0.322393000125885,0.003372522536665201,0.00984007865190506,0.03312616050243378,0.0729808583855629,0.11155980825424194,0.36542150378227234,-77.53680419921875,-15.613709449768066,0.14146225154399872
>Sequence,C,464,0.21145504713058472,35.31299287080765,C,0.34215882420539856,0.07625164836645126,0.5815895199775696,C,0.06908905506134033,0.26187440752983093,0.003992917016148567,0.01975233666598797,0.050896987318992615,0.09807994961738586,0.10699057579040527,0.38932380080223083,-86.3102035522461,20.692588806152344,0.11068095266819
>Sequence,M,465,0.3546273112297058,79.4365177154541,C,0.2756573259830475,0.06878697127103806,0.6555557250976562,C,0.05411318317055702,0.21364760398864746,0.0029419620987027884,0.017437530681490898,0.04741186648607254,0.11235584318637848,0.10428690165281296,0.44780513644218445,-84.35227966308594,20.919206619262695,0.13427197933197021
>Sequence,T,466,0.4647826850414276,79.94262182712555,C,0.2476344257593155,0.056087687611579895,0.6962779760360718,C,0.03881515562534332,0.21530166268348694,0.002621336141601205,0.012022864073514938,0.04040570557117462,0.16974042356014252,0.08669433742761612,0.43439850211143494,-89.64029693603516,1.6695104837417603,0.10260393470525742
>Sequence,D,467,0.474263072013855,91.53277289867401,C,0.24927940964698792,0.04942569136619568,0.7012948989868164,C,0.035687822848558426,0.20185406506061554,0.0018139422172680497,0.01353151723742485,0.035032451152801514,0.10216210037469864,0.0749688595533371,0.5349492430686951,-82.82373046875,73.16860961914062,0.09160556644201279
>Sequence,Y,468,0.2834349572658539,74.54339376091957,H,0.5521959066390991,0.04289122670888901,0.4049128592014313,H,0.06709132343530655,0.46439826488494873,0.004806341137737036,0.00896971020847559,0.03301766514778137,0.06213171407580376,0.07665202021598816,0.28293293714523315,-73.93860626220703,-28.925029754638672,0.11117767542600632
>Sequence,D,469,0.48056939244270325,92.74989274144173,H,0.555473268032074,0.039416566491127014,0.4051101803779602,H,0.06617908179759979,0.4707501232624054,0.003774212673306465,0.006725951563566923,0.03420419245958328,0.05689140781760216,0.07103656977415085,0.2904384434223175,-73.5186538696289,-26.420625686645508,0.10412459075450897
>Sequence,T,470,0.4044869840145111,69.57176125049591,H,0.5947552919387817,0.06705863773822784,0.33818602561950684,H,0.059965942054986954,0.5202107429504395,0.005909281317144632,0.007851517759263515,0.0607951320707798,0.05231250822544098,0.06542570888996124,0.22752922773361206,-78.3030014038086,-33.391143798828125,0.08487772196531296
>Sequence,L,471,0.26861506700515747,53.99162846803665,H,0.5611462593078613,0.09700775891542435,0.34184595942497253,H,0.055958542972803116,0.4914749264717102,0.005906229373067617,0.013395125977694988,0.08073116838932037,0.050258174538612366,0.056129083037376404,0.24614684283733368,-76.2363052368164,-27.25223731994629,0.10212044417858124
>Sequence,I,472,0.2540323734283447,50.04437756538391,H,0.48741772770881653,0.12060445547103882,0.39197778701782227,H,0.03615087270736694,0.44971829652786255,0.005376772023737431,0.017342520877718925,0.09140980988740921,0.05967545881867409,0.04205793887376785,0.29826828837394714,-80.51475524902344,-18.812570571899414,0.11450929939746857
>Sequence,D,473,0.3980870544910431,76.83080151677132,C,0.42302894592285156,0.06652402132749557,0.5104470252990723,C,0.028683727607131004,0.38400572538375854,0.0031419694423675537,0.0131082683801651,0.047532763332128525,0.03984038159251213,0.049355246126651764,0.4343319833278656,-76.66680145263672,1.8737363815307617,0.10954098403453827
>Sequence,V,474,0.22765545547008514,39.612049251794815,H,0.6452510356903076,0.026624243706464767,0.3281247615814209,H,0.03660149872303009,0.6037963032722473,0.005522883031517267,0.004544464405626059,0.021709414198994637,0.03313201293349266,0.052010610699653625,0.2426827996969223,-70.3245849609375,-34.838863372802734,0.1277485489845276
>Sequence,Q,475,0.47943106293678284,107.87198916077614,H,0.6465641260147095,0.019308339804410934,0.3341274559497833,H,0.05161558464169502,0.5951685309410095,0.004601729102432728,0.0035994802601635456,0.01606595702469349,0.03448168560862541,0.07268618047237396,0.2217809110879898,-69.55986022949219,-33.68281555175781,0.1527077704668045
>Sequence,S,476,0.4190213978290558,64.94831666350365,H,0.5840704441070557,0.02424590289592743,0.3916836678981781,H,0.05510353669524193,0.5275849103927612,0.0055302949622273445,0.004728563595563173,0.019763506948947906,0.044859886169433594,0.08732815086841583,0.25510114431381226,-73.30575561523438,-30.36479949951172,0.13412173092365265
>Sequence,L,477,0.2763943374156952,55.55526182055473,H,0.5638219714164734,0.019166255369782448,0.41701173782348633,H,0.05719530209898949,0.5135379433631897,0.004929507616907358,0.004369422327727079,0.014567574486136436,0.05752638354897499,0.09030263125896454,0.2575712502002716,-72.95132446289062,-28.055599212646484,0.14478234946727753
>Sequence,H,478,0.41363781690597534,92.65487098693848,H,0.5107977390289307,0.01859671249985695,0.4706054925918579,H,0.0632636770606041,0.43886280059814453,0.0045760697685182095,0.0056641180999577045,0.01362622156739235,0.057626526802778244,0.08951984345912933,0.3268607258796692,-74.84039306640625,-22.699810028076172,0.1836508959531784
>Sequence,K,479,0.5767024755477905,136.10178422927856,H,0.4914045035839081,0.01876700669527054,0.4898284673690796,H,0.06733556091785431,0.41440171003341675,0.0035026923287659883,0.005257111042737961,0.015260500833392143,0.06624747067689896,0.10469619184732437,0.3232988119125366,-73.23768615722656,-27.264019012451172,0.17039015889167786
>Sequence,K,480,0.543883740901947,128.3565628528595,C,0.4378058612346649,0.028788652271032333,0.5334054827690125,C,0.06800046563148499,0.35045042634010315,0.0033745509572327137,0.007752290926873684,0.02329660765826702,0.06715311110019684,0.10052334517240524,0.37944915890693665,-76.6477279663086,-21.809551239013672,0.20112182199954987
>Sequence,A,481,0.3341424763202667,43.10437944531441,C,0.38658851385116577,0.03740965947508812,0.5760018229484558,C,0.05728641524910927,0.2978819012641907,0.0024012094363570213,0.008196413516998291,0.02939329668879509,0.06969134509563446,0.07547753304243088,0.45967191457748413,-74.5933609008789,-19.875215530395508,0.2107151746749878
>Sequence,E,482,0.5625224709510803,125.44251102209091,C,0.3428196310997009,0.06641585379838943,0.590764582157135,C,0.057706527411937714,0.2615649104118347,0.0028113427106291056,0.01673285849392414,0.0514693558216095,0.06085171177983284,0.08760539442300797,0.4612579047679901,-79.23799133300781,-2.41913104057312,0.22266723215579987
>Sequence,V,483,0.3209238648414612,55.840752482414246,C,0.33536070585250854,0.053281020373106,0.6113582849502563,C,0.04537194222211838,0.28599056601524353,0.003604131517931819,0.012888265773653984,0.039996400475502014,0.07518897205591202,0.06832398474216461,0.4686357080936432,-80.52529907226562,-7.5416340827941895,0.23388391733169556
>Sequence,N,484,0.5088629722595215,99.22827959060669,C,0.2924622893333435,0.030996913090348244,0.676540732383728,C,0.040316857397556305,0.2519947588443756,0.0032313650008291006,0.007821720093488693,0.02287895977497101,0.07428273558616638,0.08075252175331116,0.5187210440635681,-78.42261505126953,4.41134786605835,0.26323091983795166
>Sequence,N,485,0.4701515734195709,91.67955681681633,C,0.3574780225753784,0.028616102412343025,0.6139058470726013,C,0.03972189500927925,0.31023332476615906,0.0036301410291343927,0.007098719477653503,0.021898411214351654,0.06256107240915298,0.078194759786129,0.47666165232658386,-76.42254638671875,-5.7016119956970215,0.22378802299499512
>Sequence,I,486,0.2885320484638214,56.84081354737282,H,0.5360926985740662,0.039491601288318634,0.4244156777858734,H,0.03856264427304268,0.4888981878757477,0.0035474717151373625,0.006914718542248011,0.03189238905906677,0.03887482360005379,0.043765027076005936,0.34754467010498047,-74.03718566894531,-33.31343460083008,0.20413513481616974
>Sequence,I,487,0.30012327432632446,59.12428504228592,H,0.5328269600868225,0.057254280894994736,0.40991878509521484,H,0.03846108540892601,0.47509682178497314,0.0034809778444468975,0.008752201683819294,0.046561986207962036,0.035749197006225586,0.036277949810028076,0.35561972856521606,-75.22767639160156,-32.185028076171875,0.20747773349285126
>Sequence,D,488,0.38538509607315063,74.37932354211807,H,0.5004799962043762,0.044003088027238846,0.4555169641971588,C,0.03916348144412041,0.4244305491447449,0.002955649048089981,0.008813664317131042,0.03480161353945732,0.02318732813000679,0.039277661591768265,0.4273701608181,-73.97676849365234,-17.327255249023438,0.21013574302196503
>Sequence,I,489,0.20692011713981628,40.76326307654381,H,0.6519415378570557,0.02104586362838745,0.3270125687122345,H,0.05122756585478783,0.5649505853652954,0.003550036810338497,0.00349050504155457,0.019960589706897736,0.020090848207473755,0.04034644365310669,0.2963833808898926,-69.78192138671875,-33.714515686035156,0.21913154423236847
>Sequence,Q,490,0.5228109955787659,117.63247400522232,H,0.5930617451667786,0.015892665833234787,0.39104560017585754,H,0.07403522729873657,0.5086568593978882,0.003219831036403775,0.0030234968289732933,0.0151881854981184,0.02425563521683216,0.07807216793298721,0.29354867339134216,-70.08306884765625,-29.615562438964844,0.24123220145702362
>Sequence,K,491,0.5642080307006836,133.15309524536133,H,0.5084995627403259,0.02278142422437668,0.4687190353870392,H,0.09985625743865967,0.40360379219055176,0.004492621868848801,0.005543543491512537,0.020863531157374382,0.03675553947687149,0.12770436704158783,0.3011803925037384,-77.87540435791016,-18.576038360595703,0.23617517948150635
>Sequence,L,492,0.25094515085220337,50.43997532129288,C,0.32251790165901184,0.03008737415075302,0.6473946571350098,C,0.057740502059459686,0.2483898550271988,0.002356740878894925,0.008453074842691422,0.023854583501815796,0.08230616897344589,0.08326400071382523,0.49363499879837036,-78.21116638183594,6.269916534423828,0.2284015417098999
>Sequence,N,493,0.5767437219619751,112.46502578258514,C,0.18391487002372742,0.04581432044506073,0.770270824432373,C,0.03997230902314186,0.1212107464671135,0.00246257777325809,0.012852552346885204,0.032043397426605225,0.04387625306844711,0.09534920006990433,0.6522329449653625,-81.24234771728516,45.13234329223633,0.31480687856674194
>Sequence,I,494,0.31916970014572144,62.87643092870712,C,0.17300955951213837,0.04503310099244118,0.7819572687149048,C,0.03766154125332832,0.12900859117507935,0.00166046223603189,0.012106403708457947,0.03467521443963051,0.0655398815870285,0.09010832011699677,0.629239559173584,-86.7947006225586,1.290550947189331,0.3322596251964569
>Sequence,G,495,0.4967111051082611,51.657954931259155,C,0.06345126032829285,0.033591378480196,0.9029573202133179,C,0.015104100108146667,0.037859998643398285,0.0007285897736437619,0.008859693072736263,0.02233496680855751,0.03805088624358177,0.06260021775960922,0.8144615888595581,-89.18303680419922,57.844295501708984,0.5485953688621521
>Sequence,E,496,0.7495802044868469,167.15638560056686,C,0.006956168450415134,0.0019189220620319247,0.9911249279975891,C,0.002101388294249773,0.004361467435956001,5.892258195672184e-05,0.0005710242548957467,0.001608916325494647,0.02392716519534588,0.02806800790131092,0.9393031001091003,-90.08223724365234,30.411630630493164,0.6344291567802429
