id, seq, n, rsa, asa, q3, p[q3_H], p[q3_E], p[q3_C], q8, p[q8_G], p[q8_H], p[q8_I], p[q8_B], p[q8_E], p[q8_S], p[q8_T], p[q8_C], phi, psi, disorder
>Sequence,G,1,0.8269097208976746,85.99861097335815,C,0.0018780505051836371,0.0004042256041429937,0.9977177381515503,C,0.0001332223619101569,0.0011266520014032722,1.132691431848798e-05,6.493266118923202e-05,0.0002443667035549879,0.0010458150645717978,0.0018158971797674894,0.9955578446388245,-72.8926010131836,-166.49581909179688,0.6545713543891907
>Sequence,I,2,0.5054531097412109,99.57426261901855,C,0.16606421768665314,0.05233149603009224,0.7816042304039001,C,0.0168180912733078,0.14971086382865906,0.0021501665469259024,0.010024347342550755,0.0366358645260334,0.018047448247671127,0.026238657534122467,0.7403745651245117,-82.48819732666016,-141.4598388671875,0.3658348321914673
>Sequence,I,3,0.3852517008781433,75.89458507299423,C,0.25617164373397827,0.05147940292954445,0.6923490166664124,C,0.022807778790593147,0.23903152346611023,0.002094350988045335,0.008440830744802952,0.03831181675195694,0.022366197779774666,0.02374848909676075,0.64319908618927,-79.35012817382812,-30.710250854492188,0.32192718982696533
>Sequence,N,4,0.517774224281311,100.96597373485565,C,0.32690271735191345,0.040191471576690674,0.6329057216644287,C,0.029238248243927956,0.3058290183544159,0.0020319707691669464,0.005857665091753006,0.02946379967033863,0.029545200988650322,0.032610997557640076,0.5654231309890747,-78.03254699707031,-27.151121139526367,0.2707166075706482
>Sequence,T,5,0.4098301827907562,70.49079144001007,H,0.5347391963005066,0.0347219817340374,0.4305388331413269,H,0.035659145563840866,0.5030953884124756,0.0027732737362384796,0.004537270404398441,0.029131917282938957,0.026108944788575172,0.03825321048498154,0.3604408800601959,-74.71826934814453,-38.051700592041016,0.14642243087291718
>Sequence,L,6,0.2447730451822281,49.199382081627846,H,0.6405936479568481,0.024237480014562607,0.33516889810562134,H,0.04447945952415466,0.5930886268615723,0.002694991882890463,0.002931639552116394,0.022409336641430855,0.023417117074131966,0.03695910423994064,0.2740197479724884,-69.89474487304688,-35.0279655456543,0.13416701555252075
>Sequence,Q,7,0.4205397069454193,94.62143406271935,H,0.6474301815032959,0.025995230302214622,0.3265745937824249,H,0.0493786446750164,0.5927814245223999,0.003760861000046134,0.003349528182297945,0.024081896990537643,0.026581620797514915,0.044901929795742035,0.2551640570163727,-69.37165069580078,-35.88349914550781,0.14912794530391693
>Sequence,K,8,0.48251309990882874,113.87309157848358,H,0.6680783629417419,0.031260035932064056,0.3006615936756134,H,0.05144091695547104,0.6014711260795593,0.0049413274973630905,0.004046931397169828,0.03025961108505726,0.027817323803901672,0.04850732535123825,0.23151546716690063,-70.22013854980469,-35.96487808227539,0.13630427420139313
>Sequence,Y,9,0.3187646269798279,83.83509689569473,H,0.6830381155014038,0.055631402879953384,0.2613305151462555,H,0.05141918733716011,0.6127574443817139,0.006565020885318518,0.005504394881427288,0.05227314680814743,0.02500576339662075,0.04150400683283806,0.20497103035449982,-73.02039337158203,-37.78953552246094,0.10655605792999268
>Sequence,Y,10,0.2680431306362152,70.4953433573246,H,0.6384739279747009,0.09424770623445511,0.26727843284606934,H,0.05521140992641449,0.569832444190979,0.007589476183056831,0.009941655211150646,0.0853395164012909,0.02635931223630905,0.05257829651236534,0.1931479275226593,-74.71678924560547,-34.56777572631836,0.09929832816123962
>Sequence,C,11,0.1843406856060028,30.78489449620247,H,0.600164532661438,0.08809220045804977,0.31174328923225403,H,0.0496075414121151,0.5426853895187378,0.004574460443109274,0.008941330015659332,0.07772921770811081,0.028296852484345436,0.05351337417960167,0.23465178906917572,-74.12274169921875,-31.14437484741211,0.08563875406980515
>Sequence,R,12,0.49131619930267334,134.6206386089325,H,0.5144171118736267,0.10024105757474899,0.3853418529033661,H,0.05882904306054115,0.44512638449668884,0.005899081006646156,0.013071869499981403,0.09178650379180908,0.04148288443684578,0.09384237974882126,0.2499617636203766,-75.8354263305664,-26.015666961669922,0.10413055866956711
>Sequence,V,13,0.3524099588394165,61.31933283805847,C,0.42634665966033936,0.10660496354103088,0.46704840660095215,H,0.0597328282892704,0.35463836789131165,0.0073849232867360115,0.015623508021235466,0.08898639678955078,0.06839767098426819,0.13287043571472168,0.27236589789390564,-82.30802917480469,-16.814428329467773,0.11827581375837326
>Sequence,R,14,0.5171252489089966,141.69231820106506,C,0.317270427942276,0.06346762925386429,0.6192619800567627,C,0.056682340800762177,0.25264522433280945,0.005657891742885113,0.011941513977944851,0.048965465277433395,0.09840971976518631,0.2582298517227173,0.26746803522109985,-84.90970611572266,3.646111249923706,0.13735677301883698
>Sequence,G,15,0.558269739151001,58.0600528717041,C,0.1459006518125534,0.03854365274310112,0.8155556321144104,T,0.04924340918660164,0.08150386810302734,0.005755884572863579,0.006215081084519625,0.033409710973501205,0.15449970960617065,0.36414217948913574,0.3052302300930023,72.70701599121094,-1.7561535835266113,0.13941140472888947
>Sequence,G,16,0.425563246011734,44.25857758522034,C,0.16577138006687164,0.0589163713157177,0.7753123044967651,C,0.061717674136161804,0.09228686988353729,0.005170637276023626,0.013631816953420639,0.0449613593518734,0.2036714106798172,0.17955879867076874,0.39900147914886475,30.13591766357422,-153.47348022460938,0.14008449018001556
>Sequence,R,17,0.5394613742828369,147.81241655349731,C,0.18374678492546082,0.12611286342144012,0.6901403069496155,C,0.06402759253978729,0.1090359091758728,0.0014864744152873755,0.029153810814023018,0.09839581698179245,0.11864166706800461,0.10506594181060791,0.47419273853302,-86.35538482666016,66.380126953125,0.1344100832939148
>Sequence,C,18,0.17565540969371796,29.3344534188509,C,0.19984079897403717,0.17753523588180542,0.6226239204406738,C,0.06600544601678848,0.12510362267494202,0.0015532814431935549,0.027971507981419563,0.1387166976928711,0.09705111384391785,0.06274418532848358,0.4808541238307953,-89.33415222167969,123.02446746826172,0.11013156920671463
>Sequence,A,19,0.363179475069046,46.85015228390694,C,0.24085526168346405,0.18524089455604553,0.5739038586616516,C,0.07459843903779984,0.15417934954166412,0.0020007509738206863,0.021692734211683273,0.15594175457954407,0.09160013496875763,0.07749167829751968,0.42249512672424316,-83.58289337158203,78.64535522460938,0.12076550722122192
>Sequence,V,20,0.3630634546279907,63.173041105270386,C,0.20873719453811646,0.2397303283214569,0.5515324473381042,C,0.07513585686683655,0.13079041242599487,0.002431790344417095,0.029582390561699867,0.20479801297187805,0.09292341023683548,0.07906542718410492,0.385272741317749,-89.85317993164062,108.98249816894531,0.11670412868261337
>Sequence,L,21,0.32117095589637756,64.55536213517189,C,0.21638071537017822,0.2083892971277237,0.575230062007904,C,0.08810102194547653,0.12192579358816147,0.0018769517773762345,0.021390080451965332,0.1849564164876938,0.10946054011583328,0.08520998805761337,0.38707923889160156,-89.29703521728516,96.22875213623047,0.10628720372915268
>Sequence,S,22,0.4822031259536743,74.74148452281952,C,0.15909713506698608,0.2082182765007019,0.6326846480369568,C,0.07672110944986343,0.07897654175758362,0.0018862740835174918,0.02279571257531643,0.18032187223434448,0.10536187142133713,0.11200802773237228,0.4219285845756531,-93.7325439453125,106.9903335571289,0.11149444431066513
>Sequence,C,23,0.2862909734249115,47.81059256196022,C,0.09461000561714172,0.15136577188968658,0.7540242075920105,C,0.0482153557240963,0.04989920184016228,0.001282285782508552,0.02816249057650566,0.1123320683836937,0.19158080220222473,0.10575397312641144,0.4627738296985626,-99.41116333007812,94.23982238769531,0.0844147577881813
>Sequence,L,24,0.2806030809879303,56.40121927857399,C,0.012789380736649036,0.07853908091783524,0.9086715579032898,C,0.004187026526778936,0.007080258801579475,0.00015175291628111154,0.016990067437291145,0.05400027334690094,0.26507675647735596,0.010920916683971882,0.6415930390357971,-88.6097183227539,138.91058349609375,0.11989983171224594
>Sequence,P,25,0.4448399245738983,70.72954800724983,C,0.040534764528274536,0.04656011611223221,0.9129050970077515,C,0.014107802882790565,0.018785107880830765,0.00019816140411421657,0.008176017552614212,0.03257836773991585,0.05224825069308281,0.032808568328619,0.8410975933074951,-62.24730682373047,150.81626892089844,0.16165205836296082
>Sequence,K,26,0.6513799428939819,153.72566652297974,C,0.23208805918693542,0.036190714687108994,0.7317212224006653,C,0.10692982375621796,0.11164917796850204,0.0009109011734835804,0.008244622498750687,0.030400730669498444,0.12956222891807556,0.16731882095336914,0.44498372077941895,-70.85160827636719,-21.905420303344727,0.2410087138414383
>Sequence,E,27,0.6430693864822388,143.40447318553925,C,0.30608996748924255,0.04324162006378174,0.6506683826446533,C,0.15191569924354553,0.14814214408397675,0.001232941634953022,0.00805796217173338,0.04046490415930748,0.09400526434183121,0.13895003497600555,0.41723108291625977,-78.24126434326172,-17.51168441772461,0.2972312271595001
>Sequence,E,28,0.5628102421760559,125.50668400526047,C,0.29890015721321106,0.06202416494488716,0.6390756964683533,C,0.11225913465023041,0.15555787086486816,0.001430248492397368,0.01017851009964943,0.0561465285718441,0.07442598044872284,0.08473584800958633,0.5052658915519714,-83.05852508544922,7.667732238769531,0.32762107253074646
>Sequence,Q,29,0.5141187906265259,115.67672789096832,C,0.21213412284851074,0.09666913747787476,0.6911967396736145,C,0.06139053776860237,0.12678799033164978,0.0013234146172180772,0.01865442469716072,0.07647653669118881,0.06852462142705917,0.08069243282079697,0.5661500096321106,-85.89563751220703,76.14479064941406,0.3274337947368622
>Sequence,I,30,0.4338560700416565,85.46964579820633,C,0.1437925100326538,0.12440463900566101,0.7318028807640076,C,0.04247717559337616,0.10300468653440475,0.0013886461965739727,0.025590507313609123,0.09850438684225082,0.07819291204214096,0.09896738082170486,0.5518742799758911,-86.95897674560547,94.46880340576172,0.33952611684799194
>Sequence,G,31,0.45537424087524414,47.35892105102539,C,0.11425956338644028,0.08715924620628357,0.7985811829566956,C,0.0508168563246727,0.06254491955041885,0.00218904297798872,0.015196063555777073,0.07251448184251785,0.134481281042099,0.13164934515953064,0.5306079983711243,-70.17955017089844,-158.0667724609375,0.3214319944381714
>Sequence,K,32,0.596454381942749,140.76323413848877,C,0.10004711896181107,0.13000354170799255,0.7699493169784546,C,0.04525822401046753,0.049453821033239365,0.0006916273268871009,0.030688654631376266,0.10167788714170456,0.08414484560489655,0.09456393867731094,0.5935210585594177,-91.3038101196289,112.53778076171875,0.2798384428024292
>Sequence,C,33,0.2064722627401352,34.48086787760258,C,0.07958220690488815,0.1197933480143547,0.800624430179596,C,0.027972236275672913,0.04799396172165871,0.0004749270447064191,0.02694830670952797,0.08670443296432495,0.08828481286764145,0.04749225452542305,0.6741290092468262,-92.73926544189453,133.76759338378906,0.24223168194293976
>Sequence,S,34,0.5143057107925415,79.71738517284393,C,0.07356365770101547,0.09668882936239243,0.8297474980354309,C,0.025334980338811874,0.042915742844343185,0.0006700053927488625,0.018944870680570602,0.07310233265161514,0.08410158008337021,0.06760786473751068,0.6873226165771484,-89.07041931152344,137.3482208251953,0.25713375210762024
>Sequence,T,35,0.5366332530975342,92.30091953277588,C,0.10004787892103195,0.09377691149711609,0.8061752319335938,C,0.040697481483221054,0.0586550310254097,0.001183657324872911,0.02037380076944828,0.07217022776603699,0.1666477471590042,0.12162923812866211,0.518642783164978,-95.7149887084961,109.87120056152344,0.25317031145095825
>Sequence,R,36,0.6394344568252563,175.20504117012024,C,0.10359963774681091,0.04920049011707306,0.8471998572349548,C,0.04657774791121483,0.06184261664748192,0.0010804396588355303,0.012327923439443111,0.04065610468387604,0.1864003837108612,0.2029106616973877,0.4482041299343109,-84.74522399902344,68.10076141357422,0.29402557015419006
>Sequence,G,37,0.5195531845092773,54.033531188964844,C,0.11917237937450409,0.03986937925219536,0.840958297252655,C,0.05226089060306549,0.06394369155168533,0.0028624520637094975,0.008636868558824062,0.03447464480996132,0.20047453045845032,0.1623084396123886,0.4750384986400604,66.97504425048828,-74.58755493164062,0.26879116892814636
>Sequence,R,38,0.5305335521697998,145.36619329452515,C,0.1624598503112793,0.06380309909582138,0.7737369537353516,C,0.05455584079027176,0.10224252194166183,0.0013498885091394186,0.016193894669413567,0.0496821328997612,0.1416541486978531,0.08180026710033417,0.5525213479995728,-82.7009506225586,102.75257873535156,0.22392046451568604
>Sequence,K,39,0.5370237827301025,126.7376127243042,C,0.21501567959785461,0.13257929682731628,0.6524050235748291,C,0.06292776763439178,0.13125133514404297,0.0017102567944675684,0.03042294643819332,0.1021079272031784,0.0913214385509491,0.07454025745391846,0.5057180523872375,-84.44036102294922,96.13350677490234,0.18653741478919983
>Sequence,C,40,0.19697323441505432,32.89453014731407,C,0.22260339558124542,0.14716625213623047,0.6302304267883301,C,0.04970281571149826,0.16456633806228638,0.002200885908678174,0.025701802223920822,0.11266841739416122,0.06955371797084808,0.04885093495249748,0.5267550349235535,-86.20573425292969,128.9754638671875,0.14671939611434937
>Sequence,C,41,0.23026248812675476,38.453835517168045,C,0.25334760546684265,0.13798439502716064,0.6086679697036743,C,0.042584583163261414,0.19754891097545624,0.0023904137779027224,0.02709047868847847,0.09857753664255142,0.06727569550275803,0.041410718113183975,0.52312171459198,-83.05193328857422,138.03839111328125,0.14307545125484467
>Sequence,R,42,0.49578601121902466,135.84536707401276,C,0.35677966475486755,0.10057668387889862,0.5426436066627502,C,0.05210261791944504,0.2897632122039795,0.003147575305774808,0.01930283196270466,0.07771175354719162,0.08152032643556595,0.06880013644695282,0.4076516330242157,-77.41128540039062,-25.376419067382812,0.1329893171787262
>Sequence,R,43,0.4647570252418518,127.3434249162674,C,0.43946540355682373,0.06606801599264145,0.49446654319763184,H,0.06028355658054352,0.36568862199783325,0.0032637063413858414,0.011641837656497955,0.05205521360039711,0.08379629254341125,0.07434243708848953,0.3489283621311188,-74.48310852050781,-35.68247985839844,0.1251816302537918
>Sequence,K,44,0.4934992492198944,116.46582281589508,H,0.5342473983764648,0.04085024446249008,0.4249023199081421,H,0.06176034361124039,0.44627100229263306,0.0027825001161545515,0.006846114527434111,0.03487137332558632,0.06343207508325577,0.07378701865673065,0.3102496266365051,-71.48506927490234,-34.811622619628906,0.12239743769168854
>Sequence,K,45,0.5001533627510071,118.03619360923767,H,0.6101229786872864,0.03714747726917267,0.35272952914237976,H,0.060546353459358215,0.5214025378227234,0.0031563949305564165,0.005919036455452442,0.03272288665175438,0.052284009754657745,0.06675747036933899,0.25721126794815063,-70.96243286132812,-35.73365783691406,0.11653058230876923
>Sequence,E,46,0.5193803310394287,115.8218138217926,H,0.6113324165344238,0.05141293257474899,0.33725470304489136,H,0.04519008472561836,0.5436590909957886,0.0029082242399454117,0.006434658542275429,0.046158015727996826,0.037948232144117355,0.051746953278779984,0.2659546732902527,-71.8749771118164,-37.043060302734375,0.12505514919757843
>Sequence,A,47,0.3161636292934418,40.78510817885399,H,0.6427123546600342,0.042984288185834885,0.31430333852767944,H,0.04069213941693306,0.5870816707611084,0.0027351113967597485,0.004138353280723095,0.03844868764281273,0.029971908777952194,0.04730203002691269,0.24963010847568512,-69.17695617675781,-37.06914520263672,0.11168969422578812
>Sequence,A,48,0.2757911682128906,35.57706069946289,H,0.6527629494667053,0.042394284158945084,0.3048427402973175,H,0.0483677051961422,0.6008262634277344,0.00295669911429286,0.004055807366967201,0.03803451731801033,0.03238536790013313,0.059588972479104996,0.2137846052646637,-69.18138122558594,-32.955604553222656,0.08989515900611877
>Sequence,A,49,0.34265246987342834,44.20216861367226,H,0.6147539019584656,0.05345640704035759,0.3317897617816925,H,0.063041552901268,0.5508872866630554,0.003695104504004121,0.004930225200951099,0.04899190738797188,0.042954009026288986,0.07938487082719803,0.20611505210399628,-70.98438262939453,-28.605831146240234,0.0719861164689064
>Sequence,K,50,0.4952374994754791,116.87604987621307,H,0.5203427672386169,0.09836965799331665,0.381287544965744,H,0.08331604301929474,0.4249309301376343,0.005910506471991539,0.010049408301711082,0.08961440622806549,0.06134948879480362,0.11182389408349991,0.21300531923770905,-77.93283081054688,-17.75302505493164,0.059851013123989105
>Sequence,M,51,0.2522892951965332,56.51280212402344,H,0.4331988990306854,0.1669430136680603,0.39985814690589905,H,0.07016941159963608,0.3530125617980957,0.004814420361071825,0.013750583864748478,0.14798034727573395,0.06800362467765808,0.07755067944526672,0.2647184729576111,-84.79662322998047,18.19803810119629,0.048458173871040344
>Sequence,I,52,0.2695309519767761,53.097597539424896,C,0.2787129878997803,0.33025801181793213,0.3910290002822876,E,0.04204554483294487,0.2539121210575104,0.00419321795925498,0.03079582005739212,0.27645036578178406,0.06217917427420616,0.06856156140565872,0.2618621587753296,-87.04003143310547,93.54354095458984,0.04222552850842476
>Sequence,V,53,0.28469881415367126,49.5375936627388,C,0.26817938685417175,0.2943715751171112,0.43744900822639465,C,0.0466277115046978,0.23801687359809875,0.006091773975640535,0.027665259316563606,0.23498857021331787,0.07873848080635071,0.12358319759368896,0.24428801238536835,-90.73471069335938,96.89825439453125,0.04058455303311348
>Sequence,G,54,0.3160879909992218,32.87315106391907,C,0.21359623968601227,0.16696420311927795,0.6194395422935486,C,0.05519990995526314,0.1313212662935257,0.006879666354507208,0.01344950869679451,0.14325229823589325,0.1652539074420929,0.21689115464687347,0.26775234937667847,-30.838359832763672,-95.07117462158203,0.03102729842066765
>Sequence,G,55,0.276931494474411,28.800875425338745,C,0.21477046608924866,0.16464288532733917,0.6205866932868958,C,0.05935389921069145,0.12641464173793793,0.00593175832182169,0.01634697988629341,0.13973894715309143,0.2006300985813141,0.16361257433891296,0.28797104954719543,-67.95333099365234,-132.09298706054688,0.022196395322680473
>Sequence,L,56,0.24628260731697083,49.502804070711136,C,0.2392202615737915,0.24001967906951904,0.5207600593566895,C,0.05931399390101433,0.1574518382549286,0.0029542113188654184,0.02959476038813591,0.20297715067863464,0.13973551988601685,0.0723937600851059,0.3355787694454193,-84.78980255126953,114.64102935791016,0.014012280851602554
>Sequence,I,57,0.21437691152095795,42.232251569628716,C,0.28578224778175354,0.3295894265174866,0.3846283555030823,E,0.07007798552513123,0.20256899297237396,0.0040641287341713905,0.03831024095416069,0.27932149171829224,0.09814958274364471,0.08626388758420944,0.22124366462230682,-84.84439849853516,109.23654174804688,0.010182294063270092
>Sequence,G,58,0.1071394756436348,11.142505466938019,C,0.33813339471817017,0.2625308036804199,0.3993358314037323,E,0.11645937711000443,0.1899745911359787,0.00633282121270895,0.02569330483675003,0.23072649538516998,0.10903060436248779,0.1133398711681366,0.20844297111034393,-85.18350219726562,-85.03351593017578,0.008040429092943668
>Sequence,L,59,0.1010788083076477,20.31684046983719,C,0.3234822154045105,0.3073905110359192,0.36912721395492554,E,0.16293418407440186,0.18314597010612488,0.00375800346955657,0.0399443618953228,0.24411889910697937,0.08073415607213974,0.09170340746641159,0.19366098940372467,-85.6074447631836,31.938241958618164,0.006343367975205183
>Sequence,A,60,0.06916936486959457,8.9228480681777,C,0.25038227438926697,0.21722574532032013,0.5323920249938965,C,0.20789489150047302,0.11310289055109024,0.0009288397268392146,0.026393497362732887,0.16487745940685272,0.09819789230823517,0.13204756379127502,0.25655701756477356,-96.27954864501953,48.86396026611328,0.0024647745303809643
>Sequence,A,61,0.08092890679836273,10.439828976988792,C,0.055112648755311966,0.22341565787792206,0.7214717268943787,C,0.05730366334319115,0.02644410915672779,0.0001968910073628649,0.028597189113497734,0.1974841207265854,0.1576385796070099,0.15942439436912537,0.3729110658168793,-92.53760528564453,80.26886749267578,0.0012346490984782577
>Sequence,Y,62,0.2189323902130127,57.57921862602234,C,0.005918553099036217,0.39319202303886414,0.6008894443511963,C,0.005635250359773636,0.0024667740799486637,0.0002220365422545001,0.0662183091044426,0.3195074796676636,0.1938854157924652,0.05260313302278519,0.35946160554885864,-116.38455963134766,135.5390625,0.0032692092936486006
>Sequence,K,63,0.45142680406570435,106.53672575950623,C,0.0030512595549225807,0.1872115582227707,0.8097372055053711,C,0.0016935577150434256,0.000892298761755228,8.072498167166486e-05,0.010462370701134205,0.16952215135097504,0.3931954801082611,0.012055713683366776,0.4120977520942688,-109.20767211914062,138.8898468017578,0.0034825834445655346
>Sequence,P,64,0.39702606201171875,63.12714385986328,C,0.04785129800438881,0.22561010718345642,0.7265385389328003,C,0.039800819009542465,0.014808021485805511,0.0005229775561019778,0.03162256255745888,0.18995362520217896,0.12398026883602142,0.09838716685771942,0.5009245872497559,-65.98104858398438,139.33407592773438,0.009759089909493923
>Sequence,C,65,0.2405146360397339,40.16594421863556,C,0.08019230514764786,0.2586268484592438,0.661180853843689,C,0.05690324679017067,0.026381663978099823,0.001091516693122685,0.047095395624637604,0.20435771346092224,0.12064246833324432,0.08370519429445267,0.45982280373573303,-97.65943908691406,121.51343536376953,0.011803911067545414
>Sequence,V,66,0.331340491771698,57.65324556827545,C,0.08594069629907608,0.23758871853351593,0.6764705777168274,C,0.05388718470931053,0.035662636160850525,0.001482345280237496,0.030436664819717407,0.20320837199687958,0.20356999337673187,0.08489871025085449,0.3868540823459625,-99.32750701904297,118.92485809326172,0.014630015008151531
>Sequence,K,67,0.5166813731193542,121.9368040561676,C,0.07305990904569626,0.20798569917678833,0.7189543843269348,C,0.0484241247177124,0.02445976994931698,0.0009378795512020588,0.024091573432087898,0.18400514125823975,0.23482951521873474,0.10723691433668137,0.3760150969028473,-97.47207641601562,111.30567169189453,0.009673732332885265
>Sequence,L,68,0.21688063442707062,43.593007519841194,C,0.049290940165519714,0.1685052067041397,0.7822039127349854,C,0.022432833909988403,0.02195229008793831,0.0006860274006612599,0.03002011589705944,0.1346016377210617,0.20032788813114166,0.04077265411615372,0.549206554889679,-97.8975830078125,128.30496215820312,0.00833182968199253
>Sequence,T,69,0.27924928069114685,48.03087627887726,C,0.12366461008787155,0.09996916353702545,0.7763661742210388,C,0.04365737363696098,0.062095560133457184,0.001430351403541863,0.018016671761870384,0.07705873250961304,0.2594798505306244,0.044124554842710495,0.4941369295120239,-97.25106811523438,148.3076934814453,0.007575398776680231
>Sequence,P,70,0.2272314727306366,36.12980416417122,C,0.3136139214038849,0.09117138385772705,0.5952146649360657,C,0.15280599892139435,0.13964249193668365,0.0018621139461174607,0.01202993094921112,0.08067326992750168,0.10156001150608063,0.13088905811309814,0.38053715229034424,-64.27122497558594,102.92312622070312,0.00490327924489975
>Sequence,L,71,0.09515203535556793,19.125559106469154,C,0.3978028893470764,0.19330623745918274,0.40889084339141846,G,0.2441077083349228,0.17696638405323029,0.0027514903340488672,0.027663525193929672,0.1575559675693512,0.07064386457204819,0.10855082422494888,0.2117602825164795,-83.92403411865234,-3.991224765777588,0.0037981506902724504
>Sequence,A,72,0.041060902178287506,5.296856380999088,C,0.36215853691101074,0.16849707067012787,0.46934443712234497,G,0.298971027135849,0.15142323076725006,0.0007857093587517738,0.022006332874298096,0.11991381645202637,0.06705006957054138,0.08795816451311111,0.25189170241355896,-91.81494903564453,56.21429443359375,0.0014594981912523508
>Sequence,A,73,0.07541888952255249,9.729036748409271,C,0.13140597939491272,0.2498580515384674,0.6187359690666199,C,0.11136086285114288,0.0749223455786705,0.0003901403397321701,0.02203870750963688,0.22771044075489044,0.10263918340206146,0.10932054370641708,0.3516177833080292,-94.36542510986328,83.6329574584961,0.0009662836673669517
>Sequence,Y,74,0.16531261801719666,43.47721853852272,E,0.017215808853507042,0.631746768951416,0.3510373532772064,E,0.01216094009578228,0.01004413329064846,0.0005217476282268763,0.08310315012931824,0.527332067489624,0.08461778610944748,0.03396451473236084,0.2482556402683258,-121.79991912841797,142.1018829345703,0.0032938136719167233
>Sequence,S,75,0.210170179605484,32.57637783885002,C,0.023908833041787148,0.3690987825393677,0.6069923639297485,C,0.012436346150934696,0.01098472811281681,0.0004791060055140406,0.031224112957715988,0.3238600194454193,0.15324090421199799,0.02845819853246212,0.4393165409564972,-114.25611114501953,147.63674926757812,0.003103117225691676
>Sequence,L,76,0.3707009255886078,74.51088604331017,C,0.1261146366596222,0.189383864402771,0.6845014691352844,C,0.07685425132513046,0.05206155776977539,0.0012749353190883994,0.018495386466383934,0.16380825638771057,0.2093496471643448,0.1628236472606659,0.3153323531150818,-83.13631439208984,18.84397315979004,0.0077689820900559425
>Sequence,W,77,0.4113180637359619,117.22564816474915,C,0.16255342960357666,0.15253493189811707,0.6849116683006287,C,0.10267170518636703,0.06717706471681595,0.0019820842426270247,0.023111684247851372,0.11657301336526871,0.20464813709259033,0.22119422256946564,0.26264211535453796,-95.71837615966797,63.05179977416992,0.014417377300560474
>Sequence,D,78,0.41671207547187805,80.42543056607246,C,0.2053796797990799,0.0959281325340271,0.6986922025680542,C,0.11947012692689896,0.08352432399988174,0.0020765422377735376,0.01558768656104803,0.0768328532576561,0.18747025728225708,0.16861920058727264,0.34641897678375244,-90.94300842285156,58.354976654052734,0.02442101202905178
>Sequence,Q,79,0.5389655828475952,121.26725614070892,C,0.2025337666273117,0.08681660145521164,0.7106496691703796,C,0.11341382563114166,0.0795806422829628,0.0023135992232710123,0.011615232564508915,0.07187067717313766,0.218648299574852,0.21030591428279877,0.2922518253326416,-85.19406127929688,5.260303020477295,0.029465066269040108
>Sequence,S,80,0.3709416389465332,57.49595403671265,C,0.1325785517692566,0.16518716514110565,0.7022342681884766,C,0.07570196688175201,0.05779438093304634,0.001931525650434196,0.03510412946343422,0.12225804477930069,0.1961418241262436,0.13315582275390625,0.3779122829437256,-97.42865753173828,110.42276763916016,0.024273138493299484
>Sequence,L,81,0.25565391778945923,51.386437475681305,C,0.10521527379751205,0.10908767580986023,0.7856971025466919,C,0.05142120644450188,0.04942947253584862,0.0014559741830453277,0.030121322721242905,0.07178585231304169,0.24629798531532288,0.09821974486112595,0.4512684643268585,-96.90401458740234,89.00570678710938,0.012991880066692829
>Sequence,K,82,0.41267019510269165,97.39016604423523,C,0.27141132950782776,0.04121365398168564,0.687375009059906,C,0.15457811951637268,0.1220109611749649,0.002789779333397746,0.01281867828220129,0.03039628081023693,0.1966463327407837,0.16320142149925232,0.3175584077835083,-71.81965637207031,151.5305938720703,0.007339459378272295
>Sequence,P,83,0.1592811495065689,25.325702771544456,C,0.3483020067214966,0.06605683267116547,0.5856412053108215,C,0.2532598674297333,0.13353773951530457,0.0016386292409151793,0.015887998044490814,0.048452481627464294,0.054292790591716766,0.1505385786294937,0.34239187836647034,-64.77993774414062,48.390647888183594,0.004591762088239193
>Sequence,A,84,0.03210475668311119,4.141513612121344,C,0.26585233211517334,0.06850911676883698,0.6656385064125061,C,0.2568053901195526,0.10146952420473099,0.00036066333996132016,0.02694583497941494,0.04354070872068405,0.05327359586954117,0.14635440707206726,0.37124982476234436,-80.39612579345703,2.3135530948638916,0.001055496628396213
>Sequence,A,85,0.04805717244744301,6.199375245720148,C,0.06506810337305069,0.13213980197906494,0.8027920722961426,C,0.07725502550601959,0.028489217162132263,0.00013159385707695037,0.036217570304870605,0.10060866922140121,0.1345309466123581,0.16916418075561523,0.4536028504371643,-87.35057067871094,48.46054458618164,0.0007037229952402413
>Sequence,Y,86,0.20216883718967438,53.17040418088436,E,0.006486100610345602,0.5085229873657227,0.4849909543991089,E,0.005980447866022587,0.0027704359963536263,0.00028100411873310804,0.1403479427099228,0.35998883843421936,0.1581435203552246,0.04408882558345795,0.28839898109436035,-120.53578186035156,138.5531768798828,0.003554839175194502
>Sequence,K,87,0.4229903221130371,99.82571601867676,C,0.0026991204358637333,0.23327356576919556,0.7640272974967957,C,0.0014030151069164276,0.0009532193653285503,8.585014438722283e-05,0.015226100571453571,0.22269783914089203,0.281076043844223,0.011248694732785225,0.46730926632881165,-108.51787567138672,134.5216827392578,0.0035847092512995005
>Sequence,P,88,0.3391035497188568,53.91746440529823,C,0.03558730334043503,0.2604382634162903,0.7039743661880493,C,0.026140360161662102,0.011779977940022945,0.00047806143993511796,0.028252270072698593,0.23317579925060272,0.0901239737868309,0.07767671346664429,0.532372772693634,-65.1622543334961,141.67776489257812,0.008376682177186012
>Sequence,V,89,0.38065651059150696,66.23423284292221,C,0.07120408117771149,0.1739671528339386,0.7548288106918335,C,0.04228722304105759,0.025770168751478195,0.0012743605766445398,0.02853686362504959,0.14416761696338654,0.2086021453142166,0.10190650820732117,0.44745513796806335,-91.95857238769531,55.4714469909668,0.011499777436256409
>Sequence,V,90,0.3306945264339447,57.54084759950638,C,0.10860580205917358,0.21042591333389282,0.6809682250022888,C,0.04471759498119354,0.05115228891372681,0.0022759137209504843,0.027042241767048836,0.17182102799415588,0.25548169016838074,0.09229866415262222,0.3552106022834778,-102.34950256347656,125.86976623535156,0.012724648229777813
>Sequence,S,91,0.33473095297813416,51.883297711610794,C,0.11057952791452408,0.23012159764766693,0.659298837184906,C,0.03922967612743378,0.056010909378528595,0.0019284619484096766,0.024178946390748024,0.20061737298965454,0.1894322633743286,0.0774199515581131,0.4111824035644531,-104.68643951416016,139.01583862304688,0.011083852499723434
>Sequence,T,92,0.27534791827201843,47.35984194278717,C,0.19741269946098328,0.2246738076210022,0.5779134631156921,C,0.057138483971357346,0.11161328852176666,0.0036555880215018988,0.018729019910097122,0.2061418741941452,0.18187253177165985,0.07326336205005646,0.34758585691452026,-99.76471710205078,113.79732513427734,0.009365007281303406
>Sequence,Q,93,0.4709579646587372,105.96554204821587,C,0.27702826261520386,0.28266265988349915,0.440309077501297,E,0.09011070430278778,0.15025366842746735,0.005084003321826458,0.016815071925520897,0.2756330370903015,0.14079688489437103,0.0833505243062973,0.23795607686042786,-87.56282043457031,15.181290626525879,0.009295633062720299
>Sequence,L,94,0.18323038518428802,36.82930742204189,C,0.253790944814682,0.36310285329818726,0.38310617208480835,E,0.09768214821815491,0.12496867775917053,0.0027461855206638575,0.016572976484894753,0.3708646595478058,0.0952223539352417,0.05842876806855202,0.233514204621315,-88.81321716308594,85.99400329589844,0.004116580355912447
>Sequence,L,95,0.07496195286512375,15.067352525889874,E,0.16073399782180786,0.5493031144142151,0.28996285796165466,E,0.07391566783189774,0.09440499544143677,0.001998427789658308,0.03622523695230484,0.5045260190963745,0.05607527866959572,0.04012233391404152,0.19273199141025543,-98.58972930908203,111.39794158935547,0.003259865799918771
>Sequence,A,96,0.04474988207221031,5.77273478731513,C,0.06515318155288696,0.39720648527145386,0.5376402735710144,C,0.045702897012233734,0.03504512086510658,0.0003378241672180593,0.03278973326086998,0.3532240390777588,0.08149921894073486,0.044468339532613754,0.4069327712059021,-102.91944885253906,125.35851287841797,0.001014975132420659
>Sequence,A,97,0.0852312445640564,10.994830548763275,C,0.013399920426309109,0.2917514443397522,0.6948486566543579,C,0.013128562830388546,0.007036880124360323,7.867530803196132e-05,0.025452883914113045,0.2909112274646759,0.11093154549598694,0.06541840732097626,0.48704177141189575,-94.86253356933594,111.5296859741211,0.0005937822861596942
>Sequence,Y,98,0.18327592313289642,48.20156778395176,C,0.0034450164530426264,0.3980335295200348,0.5985214114189148,C,0.00279353279620409,0.0016661551780998707,0.0001582140102982521,0.11874253302812576,0.2766076624393463,0.14602899551391602,0.035222217440605164,0.41878071427345276,-124.14037322998047,137.27688598632812,0.0016211586771532893
>Sequence,G,99,0.14856676757335663,15.45094382762909,C,0.002156187081709504,0.14188900589942932,0.8559548258781433,C,0.0011920282850041986,0.0007566796848550439,7.173591438913718e-05,0.02041791006922722,0.11245488375425339,0.21802712976932526,0.01250541303306818,0.6345742344856262,-117.52987670898438,154.15013122558594,0.002157089300453663
>Sequence,P,100,0.35589858889579773,56.58787563443184,C,0.03356040269136429,0.07954633980989456,0.8868933320045471,C,0.03176373988389969,0.010987119749188423,0.0002906636509578675,0.010332453064620495,0.07155952602624893,0.19231314957141876,0.19289979338645935,0.48985356092453003,-66.02648162841797,134.55584716796875,0.00600097794085741
>Sequence,K,101,0.5990363359451294,141.37257528305054,C,0.06154172867536545,0.0492728017270565,0.8891854882240295,S,0.045994292944669724,0.017828136682510376,0.0005564111052080989,0.009682988747954369,0.03488396853208542,0.4101046621799469,0.21456767618656158,0.2663818597793579,-89.25840759277344,3.8077735900878906,0.007199296727776527
>Sequence,E,102,0.4487241804599762,100.06549224257469,C,0.0682603046298027,0.04924038425087929,0.8824993371963501,S,0.026983341202139854,0.02729536034166813,0.0005091686034575105,0.008016918785870075,0.033095650374889374,0.5345102548599243,0.054089803248643875,0.315499484539032,-100.75437927246094,129.7727508544922,0.01256830245256424
>Sequence,P,103,0.3847885727882385,61.181383073329926,C,0.14262382686138153,0.044901371002197266,0.81247478723526,C,0.054454635828733444,0.0793285071849823,0.0009661440853960812,0.009916684590280056,0.03760397434234619,0.1318947970867157,0.14530600607395172,0.5405293107032776,-65.92570495605469,120.03246307373047,0.01008983887732029
>Sequence,F,104,0.22546304762363434,54.11113142967224,C,0.2804514467716217,0.09879206120967865,0.6207564473152161,C,0.09025952965021133,0.15807755291461945,0.004484883509576321,0.03041721135377884,0.07398981600999832,0.1282191276550293,0.12344950437545776,0.3911023736000061,-86.86859893798828,-0.2677869200706482,0.008489890024065971
>Sequence,R,105,0.3888150155544281,106.5353142619133,H,0.5870435833930969,0.06298260390758514,0.3499738276004791,H,0.10677080601453781,0.4255099892616272,0.008760928176343441,0.013322952203452587,0.056833017617464066,0.08036647737026215,0.08287887275218964,0.22555698454380035,-75.60464477539062,-36.39132308959961,0.007875745184719563
>Sequence,D,106,0.3199102580547333,61.74267980456352,H,0.6589910984039307,0.059028882533311844,0.28198006749153137,H,0.1459958851337433,0.45669323205947876,0.00693468889221549,0.009158836677670479,0.05884994566440582,0.059755995869636536,0.08102793246507645,0.18158352375030518,-74.52216339111328,-26.191518783569336,0.0055215973407030106
>Sequence,Y,107,0.19573985040187836,51.47958065569401,H,0.6906931400299072,0.07386705279350281,0.23543979227542877,H,0.14741037786006927,0.525098443031311,0.006537179928272963,0.009218436665832996,0.06735022366046906,0.03664877265691757,0.08528221398591995,0.12245435267686844,-81.97005462646484,-28.762449264526367,0.0037265773862600327
>Sequence,A,108,0.03160231560468674,4.076698713004589,H,0.6484054923057556,0.06446957588195801,0.28712499141693115,H,0.18705910444259644,0.4837614893913269,0.001894417218863964,0.006290012504905462,0.05442412942647934,0.03224838152527809,0.07714950293302536,0.15717297792434692,-82.71370697021484,-17.0642147064209,0.0013899296754971147
>Sequence,A,109,0.06281997263431549,8.103776469826698,C,0.31312263011932373,0.16070494055747986,0.5261724591255188,H,0.11984530836343765,0.25946682691574097,0.0014107361203059554,0.013893073424696922,0.1334856152534485,0.07256384193897247,0.15722890198230743,0.24210573732852936,-86.64116668701172,8.883469581604004,0.001138206571340561
>Sequence,Y,110,0.1709398478269577,44.957179978489876,E,0.07991888374090195,0.49467921257019043,0.42540183663368225,E,0.03669468313455582,0.059820566326379776,0.0023729505483061075,0.06985677033662796,0.3928534686565399,0.10083092749118805,0.10139857232570648,0.23617208003997803,-117.50943756103516,130.26930236816406,0.0035717866849154234
>Sequence,G,111,0.16118603944778442,16.76334810256958,C,0.06398307532072067,0.40190792083740234,0.5341090559959412,E,0.028417188674211502,0.034818150103092194,0.0023199771530926228,0.038104064762592316,0.344738632440567,0.1328122317790985,0.07907532155513763,0.3397144377231598,-120.56403350830078,146.1855926513672,0.005322305019944906
>Sequence,I,112,0.26412898302078247,52.03340965509415,C,0.08995077759027481,0.3331798315048218,0.5768693685531616,C,0.046971358358860016,0.05110668018460274,0.0016728719929233193,0.04275399073958397,0.2814101576805115,0.13601969182491302,0.08792062848806381,0.35214465856552124,-95.58000183105469,110.75697326660156,0.008713600225746632
>Sequence,D,113,0.4216070771217346,81.37016588449478,C,0.09152612835168839,0.19798600673675537,0.7104878425598145,C,0.04635974019765854,0.043858908116817474,0.0014568082988262177,0.028605496510863304,0.16403062641620636,0.14906877279281616,0.13021118938922882,0.4364084303379059,-92.57892608642578,92.87022399902344,0.011380095966160297
>Sequence,L,114,0.3365943431854248,67.65546298027039,C,0.16157154738903046,0.07484931498765945,0.7635791301727295,C,0.09088139235973358,0.06824220716953278,0.0017023867694661021,0.014418904669582844,0.05859386920928955,0.21511349081993103,0.20641234517097473,0.34463539719581604,-87.35420989990234,13.81907844543457,0.01517246663570404
>Sequence,D,115,0.6094459295272827,117.62306439876556,C,0.1459927260875702,0.03247948735952377,0.8215277194976807,T,0.08627445250749588,0.051186032593250275,0.0014330203412100673,0.005667024292051792,0.023782137781381607,0.28833574056625366,0.3502217233181,0.19309985637664795,-83.5007095336914,-6.030285835266113,0.01588762179017067
>Sequence,D,116,0.5430418848991394,104.8070837855339,C,0.127040833234787,0.03517134487628937,0.8377877473831177,T,0.07213390618562698,0.04796280339360237,0.0015093890251591802,0.007468758150935173,0.02671489492058754,0.2704939544200897,0.29827365279197693,0.27544263005256653,-92.23429870605469,22.18351936340332,0.014363273978233337
>Sequence,V,117,0.18724043667316437,32.5798359811306,C,0.1255001723766327,0.046956758946180344,0.8275431394577026,C,0.01985018327832222,0.0832614004611969,0.0011760712368413806,0.011430513113737106,0.030755668878555298,0.3302684724330902,0.034282535314559937,0.4889751970767975,-87.97482299804688,134.2354736328125,0.012144172564148903
>Sequence,P,118,0.26139336824417114,41.56154555082321,C,0.2979698181152344,0.06317196786403656,0.6388581991195679,C,0.0488724447786808,0.2223503589630127,0.0020040126983076334,0.013055012561380863,0.05224670097231865,0.07627061754465103,0.07081358879804611,0.5143872499465942,-64.0096435546875,165.77468872070312,0.009231229312717915
>Sequence,S,119,0.20992054045200348,32.53768377006054,C,0.37726452946662903,0.20765791833400726,0.4150775372982025,C,0.07174888253211975,0.2451086789369583,0.00599150313064456,0.040871042758226395,0.17587637901306152,0.0797794833779335,0.06689728796482086,0.3137267529964447,-85.53026580810547,-53.97494888305664,0.0069507332518696785
>Sequence,V,120,0.05690688267350197,9.901797585189342,H,0.6093227863311768,0.15913134813308716,0.23154588043689728,H,0.1279069036245346,0.4810350239276886,0.00686779897660017,0.020935673266649246,0.12366585433483124,0.03664171323180199,0.06393368542194366,0.1390133947134018,-84.7972412109375,-29.28571319580078,0.004931749776005745
>Sequence,A,121,0.037544045597314835,4.843181882053614,H,0.6618841886520386,0.06280850619077682,0.2753072679042816,H,0.2287513017654419,0.4667634963989258,0.0012341466499492526,0.007190576754510403,0.04615361988544464,0.027609173208475113,0.0893229991197586,0.13297471404075623,-79.13392639160156,-15.340993881225586,0.0012525629717856646
>Sequence,A,122,0.07245024293661118,9.346081338822842,C,0.34542033076286316,0.08527106046676636,0.5693086385726929,H,0.17517438530921936,0.24816633760929108,0.0007479736814275384,0.008654993958771229,0.06478159874677658,0.06976982206106186,0.24237601459026337,0.19032877683639526,-82.77495574951172,-1.982520341873169,0.0007016326417215168
>Sequence,Y,123,0.17018041014671326,44.75744786858559,C,0.06123383343219757,0.32929831743240356,0.6094678044319153,C,0.03261912986636162,0.03874305635690689,0.0016069875564426184,0.07586177438497543,0.25005877017974854,0.15033087134361267,0.1388864517211914,0.31189292669296265,-112.78983306884766,125.14447021484375,0.0020494305063039064
>Sequence,T,124,0.2586260139942169,44.48367440700531,C,0.04582016170024872,0.2363097071647644,0.7178701758384705,C,0.013459566049277782,0.03230598568916321,0.001250739092938602,0.032309915870428085,0.19658610224723816,0.219239741563797,0.05584277957677841,0.4490051567554474,-112.30794525146484,147.491943359375,0.00210983632132411
>Sequence,S,125,0.35593312978744507,55.169635117053986,C,0.13429982960224152,0.20306463539600372,0.6626355051994324,C,0.04957091435790062,0.07994768023490906,0.0030653069261461496,0.025052549317479134,0.17403358221054077,0.1977059692144394,0.13399912416934967,0.3366248905658722,-85.94984436035156,48.09672164916992,0.0060865990817546844
>Sequence,V,126,0.30292809009552,52.70948767662048,C,0.19555236399173737,0.1538192182779312,0.650628387928009,C,0.06561044603586197,0.11840406805276871,0.004576351493597031,0.020204996690154076,0.12066014111042023,0.23091261088848114,0.20685376226902008,0.2327776402235031,-88.56314849853516,-7.8517351150512695,0.007283972576260567
>Sequence,F,127,0.29057955741882324,69.73909378051758,C,0.21275679767131805,0.14875200390815735,0.638491153717041,C,0.059635989367961884,0.1280525028705597,0.00512533076107502,0.019596463069319725,0.11789873987436295,0.23487526178359985,0.18780261278152466,0.24701303243637085,-94.94864654541016,20.266708374023438,0.006901811808347702
>Sequence,S,128,0.2933906018733978,45.47554329037666,C,0.1998196244239807,0.14165300130844116,0.6585273146629333,C,0.042982134968042374,0.13349519670009613,0.004713625647127628,0.017556969076395035,0.1217770054936409,0.2124616652727127,0.14152227342128754,0.32549118995666504,-91.14745330810547,14.699838638305664,0.005203102715313435
>Sequence,A,129,0.1511400043964386,19.49706056714058,C,0.3437497019767761,0.15750718116760254,0.49874311685562134,C,0.04233893007040024,0.266205370426178,0.007884605787694454,0.015957683324813843,0.14029817283153534,0.13688601553440094,0.0729382187128067,0.31749096512794495,-81.87032318115234,-36.2084846496582,0.005864654202014208
>Sequence,T,130,0.21930862963199615,37.72108429670334,H,0.4484834671020508,0.21812458336353302,0.3333919644355774,H,0.04708920046687126,0.3735406696796417,0.014190221205353737,0.02070399932563305,0.19610826671123505,0.08358533680438995,0.050822723656892776,0.21395960450172424,-84.82479858398438,-40.96022033691406,0.005034212023019791
>Sequence,V,131,0.10164808481931686,17.686766758561134,H,0.5070334076881409,0.2961711585521698,0.1967954784631729,H,0.053626272827386856,0.4212149977684021,0.015772448852658272,0.01483833696693182,0.2864660322666168,0.043201129883527756,0.034510962665081024,0.13036975264549255,-86.45680236816406,-43.70687484741211,0.0029348095413297415
>Sequence,Y,132,0.10490956902503967,27.591216653585434,H,0.41901323199272156,0.39979082345962524,0.1811959445476532,E,0.074693463742733,0.3517274856567383,0.009645036421716213,0.017396582290530205,0.3648287355899811,0.03166917338967323,0.03961963579058647,0.11041995137929916,-93.13156127929688,-28.68331527709961,0.0025113585870712996
>Sequence,A,133,0.020663052797317505,2.665533810853958,E,0.2680741548538208,0.432983934879303,0.2989419102668762,E,0.0776783674955368,0.21563467383384705,0.0017392003210261464,0.013091427274048328,0.4194117784500122,0.03867911919951439,0.04228151589632034,0.19148392975330353,-98.84770202636719,88.26068878173828,0.0007608725572936237
>Sequence,A,134,0.039806775748729706,5.135074071586132,C,0.0768812820315361,0.3579210937023163,0.5651975870132446,E,0.05004136264324188,0.05718427523970604,0.00039837739313952625,0.012165810912847519,0.3759307861328125,0.10241096466779709,0.10302771627902985,0.2988407611846924,-98.74281311035156,73.21642303466797,0.00039011132321320474
>Sequence,Y,135,0.12389102578163147,32.58333978056908,E,0.01074394304305315,0.6127955317497253,0.3764605224132538,E,0.007280854042619467,0.007027714978903532,0.0005058986716903746,0.08514411747455597,0.5000794529914856,0.11148636788129807,0.039370715618133545,0.24910485744476318,-126.5416030883789,143.37657165527344,0.0015320559032261372
>Sequence,N,136,0.1928519904613495,37.60613813996315,C,0.008514642715454102,0.24336490035057068,0.7481204271316528,C,0.0035175373777747154,0.004237553104758263,0.0001820828183554113,0.019864389672875404,0.211160808801651,0.1471451073884964,0.019766896963119507,0.5941256284713745,-106.35494995117188,126.09620666503906,0.0015465992037206888
>Sequence,K,137,0.44819799065589905,105.77472579479218,C,0.2000274956226349,0.06708627194166183,0.7328861951828003,S,0.07560860365629196,0.10169672220945358,0.001610645093023777,0.00725923664867878,0.05421171709895134,0.2633817195892334,0.25485318899154663,0.24137812852859497,-75.4823226928711,-11.350882530212402,0.004474701825529337
>Sequence,R,138,0.4839465618133545,132.60135793685913,C,0.2703111469745636,0.050813835114240646,0.6788749694824219,T,0.11904831975698471,0.1387501209974289,0.0028871349059045315,0.00800891313701868,0.04075859114527702,0.20867864787578583,0.3123537600040436,0.16951455175876617,-79.26956939697266,-18.768115997314453,0.0057203988544642925
>Sequence,K,139,0.4228466749191284,99.7918152809143,C,0.33155423402786255,0.04694419726729393,0.6215015649795532,T,0.13967308402061462,0.16555744409561157,0.0044136871583759785,0.007247516419738531,0.04029048979282379,0.20531871914863586,0.24047255516052246,0.19702646136283875,-82.79024505615234,-4.816963195800781,0.005996901076287031
>Sequence,R,140,0.42724505066871643,117.0651438832283,C,0.24566826224327087,0.11547107249498367,0.6388607025146484,C,0.07280570268630981,0.15203629434108734,0.004737758077681065,0.018601875752210617,0.09893062710762024,0.1677073836326599,0.18217487633228302,0.30300551652908325,-83.52962493896484,17.86180877685547,0.0076737720519304276
>Sequence,V,141,0.17915846407413483,31.17357274889946,C,0.17382268607616425,0.2534014582633972,0.5727758407592773,C,0.029688246548175812,0.12872910499572754,0.003672476392239332,0.033997371792793274,0.21418772637844086,0.1360139101743698,0.04927844926714897,0.4044327437877655,-91.27159881591797,132.6912384033203,0.006609585601836443
>Sequence,I,142,0.2047985941171646,40.34532304108143,E,0.2520051896572113,0.3806091547012329,0.36738571524620056,E,0.034748248755931854,0.20371650159358978,0.007130795624107122,0.04970225691795349,0.31852957606315613,0.07672128826379776,0.0460989736020565,0.26335233449935913,-86.04619598388672,118.39547729492188,0.004099253565073013
>Sequence,G,143,0.04962433874607086,5.16093122959137,C,0.34878626465797424,0.2380942553281784,0.41311943531036377,C,0.07165767252445221,0.24416624009609222,0.00684262253344059,0.028062881901860237,0.21649378538131714,0.09396316856145859,0.05988027900457382,0.2789333462715149,-89.62867736816406,-139.64308166503906,0.0014788025291636586
>Sequence,L,144,0.04809929057955742,9.667957406491041,H,0.6046596169471741,0.15908914804458618,0.23625127971172333,H,0.19522447884082794,0.42019763588905334,0.006740903481841087,0.017136288806796074,0.130099818110466,0.04331021010875702,0.07124735414981842,0.11604329943656921,-77.0701675415039,-23.716678619384766,0.0022571212612092495
>Sequence,A,145,0.028703834861516953,3.702794697135687,H,0.6171565651893616,0.05224780738353729,0.33059564232826233,G,0.35822147130966187,0.3357492685317993,0.001234435010701418,0.005314763635396957,0.03705114126205444,0.03657251223921776,0.10769674926996231,0.11815962940454483,-80.86882019042969,-15.752748489379883,0.0005778694758191705
>Sequence,A,146,0.03638266399502754,4.693363655358553,C,0.3370950520038605,0.05692758038640022,0.6059774160385132,G,0.2675735056400299,0.19529813528060913,0.0005886207218281925,0.006141182035207748,0.04376636818051338,0.06833728402853012,0.21794693171977997,0.20034800469875336,-79.63893127441406,-1.4248145818710327,0.0002879792300518602
>Sequence,Y,147,0.10733002424240112,28.227796375751495,C,0.05731278657913208,0.3048091530799866,0.6378780603408813,C,0.034674108028411865,0.036047596484422684,0.001172669231891632,0.1049613431096077,0.218530535697937,0.1461286097764969,0.1008809432387352,0.3576042056083679,-108.34883880615234,131.0563507080078,0.0012472770176827908
>Sequence,R,148,0.32175591588020325,88.16112095117569,C,0.04365546256303787,0.22934336960315704,0.7270011305809021,C,0.013329843059182167,0.028712213039398193,0.001154353958554566,0.036461204290390015,0.19482973217964172,0.18915393948554993,0.0546993687748909,0.48165929317474365,-102.37401580810547,133.02456665039062,0.0025361361913383007
>Sequence,R,149,0.4131953716278076,113.21553182601929,C,0.16305749118328094,0.16078296303749084,0.6761595010757446,C,0.04982580989599228,0.1029108539223671,0.0021277049090713263,0.022531135007739067,0.14215771853923798,0.17841437458992004,0.12089662253856659,0.3811357915401459,-81.47185516357422,76.2091293334961,0.004002902656793594
>Sequence,T,150,0.3447798490524292,59.30213403701782,C,0.18478843569755554,0.1405259072780609,0.6746856570243835,C,0.052968453615903854,0.11690705269575119,0.003216408658772707,0.023252908140420914,0.11520295590162277,0.20812563598155975,0.12924009561538696,0.35108649730682373,-95.252197265625,126.63736724853516,0.006316118407994509
>Sequence,R,151,0.44637587666511536,122.30699020624161,C,0.28682297468185425,0.09455978125333786,0.6186172366142273,C,0.07426650822162628,0.19281840324401855,0.005802780389785767,0.013718741945922375,0.07962476462125778,0.20744459331035614,0.1615351438522339,0.2647891044616699,-82.42225646972656,-18.912641525268555,0.007132607977837324
>Sequence,H,152,0.38960909843444824,87.2724380493164,C,0.25241968035697937,0.10736145824193954,0.6402188539505005,C,0.06818491220474243,0.15513083338737488,0.0058545637875795364,0.014586527831852436,0.0955817773938179,0.1879577934741974,0.169586181640625,0.30311739444732666,-85.06753540039062,5.762946128845215,0.008171789348125458
>Sequence,F,153,0.2067614048719406,49.62273716926575,C,0.31756410002708435,0.16367077827453613,0.5187650918960571,C,0.06038447842001915,0.22544391453266144,0.008790593594312668,0.021202825009822845,0.14221063256263733,0.12987008690834045,0.09089583903551102,0.3212016224861145,-87.91474151611328,-10.428117752075195,0.006728487554937601
>Sequence,L,154,0.20282091200351715,40.76700331270695,H,0.46553492546081543,0.1529405117034912,0.3815246522426605,H,0.06749912351369858,0.3499089479446411,0.009744664654135704,0.018122827634215355,0.1419079601764679,0.08520844578742981,0.05988781899213791,0.26772016286849976,-79.31338500976562,-27.068464279174805,0.005412179511040449
>Sequence,S,155,0.1556290239095688,24.122498705983162,H,0.48840028047561646,0.1759747415781021,0.3356249928474426,H,0.08674086630344391,0.3390359580516815,0.009720107540488243,0.01600528694689274,0.17322565615177155,0.08061688393354416,0.057610660791397095,0.237044557929039,-88.4817123413086,-64.54554748535156,0.0030327807180583477
>Sequence,Y,156,0.13448460400104523,35.369450852274895,H,0.5749712586402893,0.20430821180343628,0.22072052955627441,H,0.11581670492887497,0.44490498304367065,0.01182653196156025,0.016055414453148842,0.18387937545776367,0.04548132047057152,0.06077144294977188,0.12126420438289642,-89.71713256835938,-31.979087829589844,0.0024872394278645515
>Sequence,A,157,0.021354423835873604,2.754720674827695,H,0.4693230986595154,0.2413596361875534,0.2893172800540924,H,0.1473369300365448,0.3389441668987274,0.002153597306460142,0.012710163369774818,0.22366175055503845,0.03809928521513939,0.05124690383672714,0.1858471781015396,-94.21138763427734,-9.291547775268555,0.0006782230921089649
>Sequence,A,158,0.04025929793715477,5.193449433892965,C,0.1742781400680542,0.2994827926158905,0.5262390375137329,E,0.1012168899178505,0.1286521703004837,0.0006738606025464833,0.014464364387094975,0.29293638467788696,0.07538755238056183,0.11314430832862854,0.27352452278137207,-94.94274139404297,49.60090255737305,0.0003701633249875158
>Sequence,Y,159,0.12356481701135635,32.49754687398672,E,0.022650156170129776,0.5681840181350708,0.4091658294200897,E,0.014902599155902863,0.0151340551674366,0.0007595919887535274,0.07872965186834335,0.4720472991466522,0.10761740803718567,0.06194305047392845,0.24886630475521088,-120.76553344726562,137.2961883544922,0.0012660777429118752
>Sequence,N,160,0.21942384541034698,42.78764985501766,C,0.01658446528017521,0.25382158160209656,0.7295939922332764,C,0.007289553061127663,0.008111824281513691,0.00036400018143467605,0.024113474413752556,0.21958230435848236,0.1849847435951233,0.03487957641482353,0.5206745266914368,-107.92230987548828,127.71940612792969,0.0014630192890763283
>Sequence,R,161,0.4642467796802521,127.20361763238907,C,0.15139564871788025,0.09934066981077194,0.7492637038230896,T,0.07384002208709717,0.07100333273410797,0.001660068053752184,0.011478863656520844,0.07527100294828415,0.21484528481960297,0.3453808128833771,0.20652064681053162,-74.38652038574219,11.85549259185791,0.004036904312670231
>Sequence,G,162,0.34036099910736084,35.39754390716553,C,0.18488389253616333,0.11109485477209091,0.7040212154388428,T,0.09712579846382141,0.07414494454860687,0.00430404394865036,0.014266976155340672,0.0849040299654007,0.21977883577346802,0.31105169653892517,0.1944236159324646,-90.0188217163086,-20.397117614746094,0.008249702863395214
>Sequence,S,163,0.2697189450263977,41.806436479091644,C,0.1541881114244461,0.13742177188396454,0.7083900570869446,C,0.07602226734161377,0.07099711894989014,0.002476923633366823,0.026629403233528137,0.1022460088133812,0.24200439453125,0.13530470430850983,0.3443191945552826,-96.00100708007812,125.85572052001953,0.008141741156578064
>Sequence,F,164,0.3524955213069916,84.59892511367798,C,0.13505910336971283,0.16713847219944,0.6978024840354919,C,0.06688132137060165,0.057412851601839066,0.0022691115736961365,0.01985536701977253,0.13730143010616302,0.2506786584854126,0.17056113481521606,0.2950401306152344,-93.64054870605469,24.972930908203125,0.0061872173100709915
>Sequence,I,165,0.1855442076921463,36.55220891535282,C,0.10724151879549026,0.2549273371696472,0.6378310918807983,C,0.04495196416974068,0.05387769639492035,0.0017976542003452778,0.03824445977807045,0.211501345038414,0.20102164149284363,0.076802559196949,0.3718026280403137,-97.93365478515625,114.96186065673828,0.0064037940464913845
>Sequence,H,166,0.2796036899089813,62.631226539611816,C,0.12160003185272217,0.3218507170677185,0.5565492510795593,C,0.06187041103839874,0.05869445577263832,0.0024427135940641165,0.038597702980041504,0.2882451117038727,0.13603292405605316,0.09790866822004318,0.31620803475379944,-90.86156463623047,120.40298461914062,0.004035542719066143
>Sequence,N,167,0.2746555805206299,53.55783820152283,C,0.13607071340084076,0.35942357778549194,0.5045056939125061,E,0.07191856950521469,0.05008556693792343,0.0030006549786776304,0.03156591206789017,0.32491931319236755,0.16800501942634583,0.1099247932434082,0.2405802458524704,-90.40473175048828,69.39427947998047,0.003655832028016448
>Sequence,L,168,0.05233202129602432,10.518736280500889,E,0.08519850671291351,0.4851940870285034,0.42960742115974426,E,0.051362983882427216,0.0463942289352417,0.0011544146109372377,0.05535094812512398,0.4289608895778656,0.07247881591320038,0.0524011068046093,0.29189664125442505,-100.22802734375,111.25932312011719,0.0018301036907359958
>Sequence,A,169,0.035350143909454346,4.560168564319611,C,0.044815029948949814,0.22096605598926544,0.734218955039978,C,0.041927751153707504,0.021441763266921043,0.00022599881049245596,0.038189858198165894,0.18369661271572113,0.11054082214832306,0.05752420425415039,0.5464529395103455,-100.07013702392578,119.85926055908203,0.0006502291071228683
>Sequence,A,170,0.04384828731417656,5.656429063528776,C,0.01743490807712078,0.14258192479610443,0.8399831652641296,C,0.02124224230647087,0.0077822464518249035,8.176953997462988e-05,0.021955041214823723,0.13860385119915009,0.1478247344493866,0.08396527916193008,0.5785447955131531,-90.68109130859375,80.28240203857422,0.0003468317736405879
>Sequence,Y,171,0.12152722477912903,31.961660116910934,C,0.008715629577636719,0.3625243604183197,0.628760039806366,C,0.007345510181039572,0.004019476473331451,0.0002578424464445561,0.10766268521547318,0.26476114988327026,0.14814721047878265,0.04647737368941307,0.42132875323295593,-118.03407287597656,140.3992462158203,0.001582193886861205
>Sequence,K,172,0.35672977566719055,84.18822705745697,C,0.02567218616604805,0.25488466024398804,0.719443142414093,C,0.011067060753703117,0.011372498236596584,0.000555983860976994,0.03010852262377739,0.2189834862947464,0.21832554042339325,0.03671424090862274,0.4728725552558899,-105.18988037109375,135.96380615234375,0.002833601785823703
>Sequence,E,173,0.42257919907569885,94.23516139388084,C,0.1502576768398285,0.2600708305835724,0.5896714925765991,C,0.07398517429828644,0.0780419334769249,0.002016331534832716,0.04297477751970291,0.2198571264743805,0.12087363749742508,0.1283884346485138,0.3338625133037567,-81.50585174560547,120.2164306640625,0.00712498277425766
>Sequence,F,174,0.3058035671710968,73.39285612106323,C,0.24194630980491638,0.17287318408489227,0.5851804614067078,C,0.11445142328739166,0.11948992311954498,0.0038798165041953325,0.023401305079460144,0.1428745836019516,0.14605234563350677,0.17231737077236176,0.27753329277038574,-88.99641418457031,8.915331840515137,0.008362707681953907
>Sequence,K,175,0.4308520257472992,101.68107807636261,C,0.291095107793808,0.105903759598732,0.6030012369155884,C,0.11670513451099396,0.14423169195652008,0.004410756751894951,0.012990757822990417,0.09258147329092026,0.20771846175193787,0.17718030512332916,0.24418137967586517,-86.15538024902344,-6.304998397827148,0.008314764127135277
>Sequence,T,176,0.3491505980491638,60.05390286445618,C,0.22665391862392426,0.16317494213581085,0.6101710796356201,C,0.0780286118388176,0.13014990091323853,0.0037920023314654827,0.021232474595308304,0.1411290019750595,0.1861710250377655,0.15274713933467865,0.28674983978271484,-95.98480224609375,34.75918197631836,0.006943808402866125
>Sequence,L,177,0.1612030267715454,32.40180838108063,C,0.18541711568832397,0.21405504643917084,0.600527822971344,C,0.054219987243413925,0.10712963342666626,0.0031382443848997355,0.031220538541674614,0.18296721577644348,0.15773047506809235,0.0758105143904686,0.3877834379673004,-91.04439544677734,104.63182830810547,0.0050117564387619495
>Sequence,Y,178,0.332269549369812,87.38689148426056,C,0.23098814487457275,0.24732616543769836,0.5216857194900513,C,0.08163071423768997,0.1419019103050232,0.005510651506483555,0.03815361484885216,0.20583221316337585,0.1446416676044464,0.13741619884967804,0.2449129968881607,-88.64759826660156,93.36128234863281,0.0037858246359974146
>Sequence,N,179,0.31297948956489563,61.03100046515465,C,0.25435885787010193,0.29447636008262634,0.45116475224494934,E,0.10947901755571365,0.10455118119716644,0.005457116756588221,0.025221675634384155,0.27422618865966797,0.1563299000263214,0.15166176855564117,0.17307311296463013,-71.16240692138672,38.543331146240234,0.0036110910587012768
>Sequence,L,180,0.06160502880811691,12.3826107904315,C,0.2016270011663437,0.36509913206100464,0.4332738518714905,E,0.09895382076501846,0.10665133595466614,0.001946621690876782,0.034318748861551285,0.3392567038536072,0.0679318830370903,0.0692308098077774,0.28171002864837646,-94.51481628417969,63.721221923828125,0.0020638343412429094
>Sequence,A,181,0.053787726908922195,6.938616771250963,C,0.09975438565015793,0.23423896729946136,0.6660066843032837,C,0.08558677136898041,0.04858957603573799,0.000502661569043994,0.03409137949347496,0.19873590767383575,0.10731254518032074,0.0989975854754448,0.4261835217475891,-94.4407730102539,94.61136627197266,0.0010231321211904287
>Sequence,A,182,0.07194893807172775,9.28141301125288,C,0.029933253303170204,0.2414344847202301,0.7286322712898254,C,0.031347986310720444,0.01433500275015831,0.00017905882850755006,0.03978411480784416,0.2085985243320465,0.13361310958862305,0.10730524361133575,0.464836984872818,-98.94722747802734,105.03894805908203,0.0007406207150779665
>Sequence,Y,183,0.13488119840621948,35.473755180835724,C,0.005112446378916502,0.46396100521087646,0.5309265851974487,C,0.004487129393965006,0.002520376117900014,0.0003052334941457957,0.12491451948881149,0.3217530846595764,0.1373448222875595,0.04278532415628433,0.3658895492553711,-125.39756774902344,140.733154296875,0.0020811823196709156
>Sequence,S,184,0.17483234405517578,27.099013328552246,C,0.0051315464079380035,0.14244882762432098,0.8524196147918701,C,0.002138695679605007,0.0024821185506880283,9.465624316362664e-05,0.014859918504953384,0.11609380692243576,0.21669816970825195,0.010482649318873882,0.6371499300003052,-111.90340423583984,143.73812866210938,0.0023563269060105085
>Sequence,P,185,0.297512412071228,47.304473519325256,C,0.14563660323619843,0.09940879791975021,0.7549546957015991,C,0.08077850192785263,0.06452780961990356,0.0009028217173181474,0.011288915760815144,0.08511590957641602,0.11704058200120926,0.14399796724319458,0.49634748697280884,-64.7761001586914,137.288330078125,0.0070542325265705585
>Sequence,R,186,0.4867408275604248,133.3669867515564,C,0.29706844687461853,0.06437467038631439,0.6385568380355835,C,0.15316881239414215,0.13619205355644226,0.002106271218508482,0.013487959280610085,0.05157797411084175,0.15937621891498566,0.2229607254266739,0.2611299157142639,-77.66509246826172,-18.66987419128418,0.009956385008990765
>Sequence,T,187,0.3833540976047516,65.93690478801727,C,0.3256604075431824,0.08088748902082443,0.5934520363807678,C,0.14091187715530396,0.16425317525863647,0.0035253071691840887,0.015965986996889114,0.06384332478046417,0.15264730155467987,0.19135600328445435,0.2674969732761383,-92.39694213867188,4.044856548309326,0.0159086212515831
>Sequence,L,188,0.3257351517677307,65.47276550531387,C,0.2913306653499603,0.07804063707590103,0.6306286454200745,C,0.13038040697574615,0.15212281048297882,0.003106155199930072,0.014349572360515594,0.06299609690904617,0.18118248879909515,0.1597198247909546,0.2961426377296448,-84.91570281982422,5.405049800872803,0.01662691868841648
>Sequence,N,189,0.5163838863372803,100.69485783576965,C,0.24061790108680725,0.09567667543888092,0.6637054681777954,C,0.11057063937187195,0.11636706441640854,0.002994514536112547,0.01653807796537876,0.07982581853866577,0.15378956496715546,0.17113734781742096,0.3487769365310669,-88.37125396728516,46.68342971801758,0.028539104387164116
>Sequence,A,190,0.251187264919281,32.40315717458725,C,0.2439298778772354,0.16861708462238312,0.5874530673027039,C,0.11507190763950348,0.11401477456092834,0.002312958473339677,0.022757479920983315,0.1413329541683197,0.11207607388496399,0.09588369727134705,0.39655017852783203,-84.61163330078125,97.46160125732422,0.02618684060871601
>Sequence,W,191,0.3739364743232727,106.57189518213272,C,0.15153789520263672,0.37832072377204895,0.47014135122299194,E,0.07026542723178864,0.08267218619585037,0.0018618953181430697,0.04215818643569946,0.3278544247150421,0.09455801546573639,0.08206131309270859,0.2985685467720032,-97.51433563232422,99.20759582519531,0.013088352978229523
>Sequence,V,192,0.21614304184913635,37.608889281749725,C,0.061496805399656296,0.41138771176338196,0.5271154642105103,C,0.02300087735056877,0.04700436815619469,0.0010570775484666228,0.0885956883430481,0.30318683385849,0.1274232119321823,0.0675748735666275,0.3421570658683777,-109.78165435791016,125.27730560302734,0.010940289124846458
>Sequence,G,193,0.1189943253993988,12.375409841537476,C,0.001084203482605517,0.12425994127988815,0.8746559023857117,C,0.0004780092276632786,0.00041265212348662317,6.083456173655577e-05,0.022727979347109795,0.08791621029376984,0.14277218282222748,0.010804586112499237,0.73482745885849,-177.15573120117188,176.72488403320312,0.004252470564097166
>Sequence,P,194,0.18220336735248566,28.97033540904522,C,0.002543885726481676,0.07488854229450226,0.9225675463676453,C,0.001239610486663878,0.0008398473728448153,5.752101424150169e-05,0.028980150818824768,0.042657479643821716,0.15760593116283417,0.02543599158525467,0.7431834936141968,-70.3526382446289,151.0202178955078,0.004225097130984068
>Sequence,G,195,0.1427478790283203,14.845779418945312,C,0.008383002132177353,0.042131781578063965,0.9494852423667908,C,0.003873320994898677,0.0033144457265734673,0.00010745617328211665,0.027749499306082726,0.02304980345070362,0.18622733652591705,0.029524611309170723,0.726153552532196,-102.51184844970703,173.4413299560547,0.004027115646749735
>Sequence,P,196,0.2903550863265991,46.16645872592926,C,0.11918770521879196,0.026163971051573753,0.8546482920646667,T,0.10615076869726181,0.03777037560939789,0.00029883420211263,0.012156053446233273,0.014791017398238182,0.11507856100797653,0.3963354527950287,0.3174189031124115,-60.72065734863281,147.62908935546875,0.004800624214112759
>Sequence,G,197,0.36418992280960083,37.875751972198486,C,0.18761132657527924,0.038525424897670746,0.7738632559776306,T,0.15836705267429352,0.04396140202879906,0.0012297729263082147,0.011046835221350193,0.022638656198978424,0.11612062901258469,0.4858630895614624,0.16077254712581635,69.8033218383789,-2.9814207553863525,0.006036682985723019
>Sequence,L,198,0.24141240119934082,48.523892641067505,C,0.25616326928138733,0.09206097573041916,0.6517757177352905,C,0.16643868386745453,0.09065579622983932,0.0014187765773385763,0.03523280471563339,0.06077677756547928,0.1425303816795349,0.12240517139434814,0.3805416226387024,-84.40731811523438,46.289825439453125,0.009591955691576004
>Sequence,L,199,0.24927771091461182,50.104819893836975,C,0.27265575528144836,0.10718312859535217,0.6201611757278442,C,0.12157507985830307,0.13149777054786682,0.0015389877371490002,0.03122515231370926,0.07652643322944641,0.15209855139255524,0.10455644130706787,0.3809816539287567,-86.02586364746094,75.71994018554688,0.010208587162196636
>Sequence,S,200,0.42801910638809204,66.34296149015427,C,0.27315232157707214,0.12763163447380066,0.599216103553772,C,0.10301291197538376,0.15438491106033325,0.0027329165022820234,0.026237208396196365,0.09887629002332687,0.14047637581825256,0.14212387800216675,0.3321554958820343,-87.09814453125,80.08586120605469,0.02259729988873005
>Sequence,G,201,0.3037865161895752,31.59379768371582,C,0.3125836253166199,0.14627963304519653,0.5411366820335388,C,0.10695603489875793,0.17489087581634521,0.007458348758518696,0.021660180762410164,0.12027660012245178,0.1657978594303131,0.1414073407649994,0.26155272126197815,-84.5951919555664,-85.81446838378906,0.0318007692694664
>Sequence,I,202,0.2956167161464691,58.236493080854416,C,0.33167845010757446,0.22175481915473938,0.44656673073768616,C,0.0725816860795021,0.24316775798797607,0.003926480188965797,0.03212364763021469,0.18764463067054749,0.0912800133228302,0.06629692018032074,0.30297884345054626,-84.52029418945312,46.742069244384766,0.03761705756187439
>Sequence,V,203,0.2835118770599365,49.331066608428955,C,0.34757736325263977,0.22389689087867737,0.42852577567100525,C,0.06206269934773445,0.26961439847946167,0.003985115326941013,0.024463145062327385,0.19467195868492126,0.0675278827548027,0.06080187112092972,0.3168729543685913,-83.88434600830078,49.89944076538086,0.04205282777547836
>Sequence,Q,204,0.4628114402294159,104.13257405161858,C,0.38158416748046875,0.2096162736415863,0.4087996184825897,C,0.06939994543790817,0.2870951294898987,0.004648873116821051,0.017885994166135788,0.19067081809043884,0.06572385132312775,0.07668156921863556,0.2878938615322113,-83.59037017822266,0.6770055294036865,0.04836626723408699
>Sequence,Q,205,0.491963654756546,110.69182232022285,H,0.4186890125274658,0.16557998955249786,0.4157309830188751,H,0.0778551995754242,0.31446829438209534,0.005509771406650543,0.01332244835793972,0.1552472710609436,0.06893644481897354,0.09614559262990952,0.2685149610042572,-81.93018341064453,-8.017762184143066,0.046042297035455704
>Sequence,Q,206,0.4564823508262634,102.70852893590927,C,0.43834802508354187,0.1165706068277359,0.4450814127922058,H,0.08113964647054672,0.3306950628757477,0.006775483023375273,0.012008416466414928,0.10559829324483871,0.07763350754976273,0.1140100285410881,0.2721395492553711,-81.56330871582031,-13.057823181152344,0.04884934052824974
>Sequence,S,207,0.38253456354141235,59.292857348918915,C,0.4270707964897156,0.07488366216421127,0.49804553389549255,H,0.08915441483259201,0.31709420680999756,0.00678965775296092,0.009478495456278324,0.06516514718532562,0.10882484912872314,0.11950653791427612,0.2839867174625397,-79.30928039550781,-21.06709098815918,0.039997398853302
>Sequence,N,208,0.4966951012611389,96.85554474592209,C,0.44936466217041016,0.06147565692663193,0.48915961384773254,H,0.11325334012508392,0.3039145767688751,0.008291534148156643,0.009185070171952248,0.05432683974504471,0.10451973974704742,0.1465238481760025,0.2599851191043854,-77.97604370117188,-4.643804550170898,0.038177959620952606
>Sequence,L,209,0.29946550726890564,60.192566961050034,H,0.4940800666809082,0.08630122989416122,0.41961869597435,H,0.12731504440307617,0.33758866786956787,0.006085274275392294,0.011693742126226425,0.07915565371513367,0.08728634566068649,0.10610836744308472,0.24476690590381622,-77.59614562988281,-19.204120635986328,0.02579520456492901
>Sequence,L,210,0.28307878971099854,56.898836731910706,H,0.43366140127182007,0.16079656779766083,0.4055419862270355,H,0.1303703635931015,0.2847861051559448,0.003954246174544096,0.021126557141542435,0.13693837821483612,0.08234769105911255,0.0990399718284607,0.24143670499324799,-81.22267150878906,1.1258351802825928,0.01932101882994175
>Sequence,R,211,0.4319135546684265,118.34431397914886,C,0.291290283203125,0.26566141843795776,0.4430483281612396,C,0.08146355301141739,0.20259280502796173,0.0030433805659413338,0.03516070917248726,0.22136130928993225,0.0795387253165245,0.11363542079925537,0.26320409774780273,-89.3709487915039,62.75102996826172,0.012056970037519932
>Sequence,A,212,0.23557110130786896,30.388672068715096,C,0.11572805047035217,0.25366365909576416,0.6306082606315613,C,0.03425610065460205,0.080210380256176,0.0010858718305826187,0.05695051699876785,0.17412617802619934,0.1468105912208557,0.11618686467409134,0.39037349820137024,-96.70055389404297,113.81214141845703,0.01167973130941391
>Sequence,G,213,0.18226249516010284,18.955299496650696,C,0.0021989077795296907,0.11346051096916199,0.8843405842781067,C,0.0009814522927626967,0.0007761894376017153,0.00011738510511349887,0.02884524129331112,0.07662618905305862,0.2138657569885254,0.021713286638259888,0.657074511051178,157.88140869140625,178.34445190429688,0.00483965128660202
>Sequence,P,214,0.28255051374435425,44.925531685352325,C,0.0016988106071949005,0.0728941410779953,0.9254071116447449,C,0.0008483881247229874,0.0004453096189536154,4.56352427136153e-05,0.030209505930542946,0.04113273695111275,0.1670943647623062,0.028743943199515343,0.7314801812171936,-67.9781265258789,150.78555297851562,0.003639042377471924
>Sequence,G,215,0.18302717804908752,19.034826517105103,C,0.0009915274567902088,0.04739396274089813,0.9516145586967468,C,0.0005169736687093973,0.00025797775015234947,2.720758129726164e-05,0.029182491824030876,0.025477517396211624,0.21439926326274872,0.015775058418512344,0.7143635153770447,-101.09294128417969,173.0742645263672,0.0026576067321002483
>Sequence,P,216,0.3117597997188568,49.56980815529823,C,0.002956352662295103,0.02745349332690239,0.9695902466773987,C,0.001979396678507328,0.0007946729892864823,4.032308061141521e-05,0.014309569261968136,0.017021706327795982,0.2738025486469269,0.06144150346517563,0.6306103467941284,-66.14703369140625,149.45831298828125,0.001960865454748273
>Sequence,G,217,0.22057919204235077,22.94023597240448,C,0.0070899780839681625,0.0813676193356514,0.9115423560142517,C,0.005368954036384821,0.001893610693514347,0.0002159258583560586,0.04447305575013161,0.04874056577682495,0.39124584197998047,0.05384090542793274,0.4542211592197418,167.82272338867188,175.92971801757812,0.0025837805587798357
>Sequence,P,218,0.33121153712272644,52.662634402513504,C,0.01652531512081623,0.08796273916959763,0.8955119848251343,C,0.010407579131424427,0.004857140127569437,0.00019318057456985116,0.029623080044984818,0.0594901405274868,0.21644142270088196,0.047980524599552155,0.6310069561004639,-69.4052505493164,142.00411987304688,0.0035983161069452763
>Sequence,I,219,0.19012796878814697,37.455209851264954,C,0.027423419058322906,0.15936651825904846,0.813210129737854,C,0.018221037462353706,0.009542950429022312,0.0002378618810325861,0.04441918432712555,0.11334003508090973,0.25789904594421387,0.021205008029937744,0.5351349115371704,-99.64418029785156,134.19769287109375,0.0038308363873511553
>Sequence,P,220,0.31711816787719727,50.421788692474365,C,0.07795108109712601,0.15259580314159393,0.7694530487060547,C,0.04838276281952858,0.02565545029938221,0.00046562962234020233,0.022284168750047684,0.12262729555368423,0.08766353875398636,0.05710669234395027,0.6358144879341125,-68.48126220703125,138.96002197265625,0.006706813350319862
>Sequence,I,221,0.246311753988266,48.5234155356884,C,0.18327559530735016,0.25941789150238037,0.5573065280914307,C,0.12626513838768005,0.06840521097183228,0.0016162404790520668,0.04159511625766754,0.21179050207138062,0.10431169718503952,0.07871528714895248,0.367300808429718,-92.19818115234375,103.80829620361328,0.012034857645630836
>Sequence,H,222,0.37127217650413513,83.16496753692627,C,0.17036427557468414,0.3153557777404785,0.5142799615859985,C,0.10531909018754959,0.07203506678342819,0.0023180616553872824,0.031368039548397064,0.27387887239456177,0.11022298783063889,0.09359835833311081,0.31125950813293457,-101.38558197021484,103.37919616699219,0.017074743285775185
>Sequence,Y,223,0.28321853280067444,74.48647412657738,C,0.11565324664115906,0.3395817279815674,0.544765055179596,C,0.06906244903802872,0.05681758001446724,0.0016323985764756799,0.04164661467075348,0.2851186990737915,0.11256331950426102,0.10262452065944672,0.330534428358078,-103.53978729248047,113.72412872314453,0.013575871475040913
>Sequence,C,224,0.2129359394311905,35.56030188500881,C,0.04350321739912033,0.29478076100349426,0.6617159843444824,C,0.019970329478383064,0.024631159380078316,0.0011246335925534368,0.04670259356498718,0.2255575954914093,0.1598966121673584,0.05583113059401512,0.46628597378730774,-106.63407897949219,127.03556060791016,0.01664823293685913
>Sequence,T,225,0.3215647041797638,55.30912911891937,C,0.020209789276123047,0.1114502027630806,0.868340015411377,C,0.006919714622199535,0.011494845151901245,0.00029962632106617093,0.015617339871823788,0.0874982699751854,0.2529809772968292,0.0216809269040823,0.6035082936286926,-103.49610137939453,147.5004425048828,0.014416598714888096
>Sequence,P,226,0.4576026499271393,72.75882133841515,C,0.20871111750602722,0.059631068259477615,0.7316578030586243,T,0.10780978202819824,0.08754446357488632,0.0012871988583356142,0.006977559998631477,0.04654671251773834,0.15402285754680634,0.30567461252212524,0.29013681411743164,-63.268531799316406,21.844032287597656,0.018628373742103577
>Sequence,A,227,0.44836658239364624,57.839289128780365,C,0.27837058901786804,0.05451340973377228,0.6671159267425537,T,0.15575338900089264,0.11758065968751907,0.0014707391383126378,0.008833499625325203,0.04173425957560539,0.1284075379371643,0.3432827293872833,0.20293709635734558,-75.19623565673828,5.7657151222229,0.021365806460380554
>Sequence,G,228,0.2954108715057373,30.72273063659668,C,0.29019835591316223,0.10981611162424088,0.5999854803085327,T,0.1373540461063385,0.11834880709648132,0.005356216803193092,0.01116989180445671,0.09920460730791092,0.17203888297080994,0.22869999706745148,0.2278275191783905,77.72591400146484,-17.36748695373535,0.017556030303239822
>Sequence,Y,229,0.2876172661781311,75.64334100484848,C,0.2422189563512802,0.2577240467071533,0.50005704164505,C,0.08642322570085526,0.14167965948581696,0.003267786232754588,0.03095344640314579,0.21881234645843506,0.10896915942430496,0.08658996969461441,0.3233043849468231,-90.07726287841797,109.36121368408203,0.016138987615704536
>Sequence,A,230,0.2108248770236969,27.1964091360569,C,0.23217789828777313,0.3701089024543762,0.39771318435668945,E,0.07981974631547928,0.1449081152677536,0.002696120645850897,0.032473038882017136,0.32012540102005005,0.0737934559583664,0.06258034706115723,0.2836037576198578,-89.23404693603516,115.58256530761719,0.016878817230463028
>Sequence,I,231,0.2327590435743332,45.85353158414364,E,0.14522391557693481,0.5332587957382202,0.32151731848716736,E,0.046435628086328506,0.10885672271251678,0.0018833669601008296,0.045147862285375595,0.4701496660709381,0.05956622585654259,0.05322156473994255,0.21473902463912964,-97.55487823486328,112.23118591308594,0.008137645199894905
>Sequence,L,232,0.2163717895746231,43.490729704499245,C,0.05944568291306496,0.34686174988746643,0.5936925411224365,C,0.019900795072317123,0.0417148731648922,0.00074272375786677,0.05910649523139,0.26234301924705505,0.14398840069770813,0.07399183511734009,0.39821183681488037,-104.3317642211914,118.03915405273438,0.005328425671905279
>Sequence,G,233,0.12097803503274918,12.581715643405914,C,0.001291631837375462,0.09860923141241074,0.9000990390777588,C,0.0005297571187838912,0.00045026346924714744,5.510888513526879e-05,0.020052975043654442,0.0680294930934906,0.1986485719680786,0.01488496270030737,0.6973488330841064,-152.526611328125,175.26243591308594,0.002464890480041504
>Sequence,P,234,0.23870572447776794,37.9542101919651,C,0.002624858170747757,0.06700555980205536,0.9303695559501648,C,0.0013036227319389582,0.0008105200249701738,7.286961772479117e-05,0.030203640460968018,0.037144143134355545,0.21678662300109863,0.03548174723982811,0.678196907043457,-71.45897674560547,152.78526306152344,0.0034661104436963797
>Sequence,G,235,0.15396329760551453,16.01218295097351,C,0.003254441311582923,0.048169903457164764,0.9485757350921631,C,0.001596772694028914,0.0010228060418739915,6.965837383177131e-05,0.03298395872116089,0.024529872462153435,0.25466957688331604,0.02565022185444832,0.6594771146774292,-110.65460968017578,172.7559051513672,0.0029975262004882097
>Sequence,P,236,0.28045597672462463,44.59250029921532,C,0.016795076429843903,0.028116632252931595,0.9550883769989014,C,0.016827069222927094,0.005861231125891209,0.00011882554099429399,0.016697313636541367,0.018644139170646667,0.18397967517375946,0.32838335633277893,0.4294884204864502,-62.533390045166016,147.40554809570312,0.0031218882650136948
>Sequence,G,237,0.29110828042030334,30.275261163711548,C,0.030800342559814453,0.07323036342859268,0.8959693312644958,T,0.028055205941200256,0.009023082442581654,0.0008120640995912254,0.02793494611978531,0.04937908798456192,0.23081445693969727,0.3530811369419098,0.30090007185935974,101.95271301269531,11.23709487915039,0.005027350038290024
>Sequence,I,238,0.17931830883026123,35.32570683956146,C,0.07107788324356079,0.11609994620084763,0.8128222227096558,C,0.02910996787250042,0.032474130392074585,0.0005449937307275832,0.033815573900938034,0.07625357061624527,0.27297112345695496,0.025062670931220055,0.5297680497169495,-92.4792251586914,128.77655029296875,0.007723812945187092
>Sequence,P,239,0.2870106101036072,45.63468700647354,C,0.2038930356502533,0.11551440507173538,0.6805925369262695,C,0.08440380543470383,0.09605148434638977,0.001029247883707285,0.022799411788582802,0.08905653655529022,0.07934393733739853,0.07283379882574081,0.5544818043708801,-67.06326293945312,134.8671112060547,0.0084309047088027
>Sequence,M,240,0.20294135808944702,45.45886421203613,C,0.32375630736351013,0.1737150251865387,0.5025286674499512,C,0.14201702177524567,0.1597573161125183,0.0031459578312933445,0.0380646251142025,0.13297796249389648,0.09266722947359085,0.10513778775930405,0.32623204588890076,-84.80326843261719,6.278676986694336,0.014577276073396206
>Sequence,F,241,0.19560052454471588,46.94412589073181,C,0.35647502541542053,0.19402451813220978,0.44950050115585327,C,0.14027650654315948,0.19317516684532166,0.003669853089377284,0.03022868186235428,0.15781091153621674,0.09503877907991409,0.09352375566959381,0.2862764298915863,-90.18562316894531,33.22273635864258,0.017019163817167282
>Sequence,S,242,0.3263714909553528,50.58758109807968,C,0.32787129282951355,0.21000801026821136,0.4621206521987915,C,0.12307669967412949,0.18414799869060516,0.004173086024820805,0.029101917520165443,0.17330828309059143,0.09327935427427292,0.09302595257759094,0.29988670349121094,-88.68797302246094,32.08012771606445,0.029909057542681694
>Sequence,A,243,0.2922399342060089,37.69895151257515,C,0.3423047363758087,0.1690223515033722,0.4886729121208191,C,0.12125921249389648,0.20291128754615784,0.003132323268800974,0.02279391884803772,0.14607356488704681,0.09116023033857346,0.12369567155838013,0.28897377848625183,-83.19942474365234,10.888633728027344,0.032504964619874954
>Sequence,L,244,0.28010132908821106,56.30036714673042,C,0.27592796087265015,0.15704242885112762,0.5670296549797058,C,0.10470911115407944,0.15593303740024567,0.002721334109082818,0.028540058061480522,0.12458138167858124,0.12563534080982208,0.12953656911849976,0.3283432126045227,-87.2771224975586,32.53632354736328,0.03872102126479149
>Sequence,S,245,0.43293333053588867,67.10466623306274,C,0.18072204291820526,0.1251474916934967,0.6941304802894592,C,0.07238862663507462,0.09621849656105042,0.0023411165457218885,0.021649550646543503,0.09670642018318176,0.15648749470710754,0.15031911432743073,0.4038892388343811,-90.1846923828125,81.1419677734375,0.05957347899675369
>Sequence,E,246,0.6669996976852417,148.7409325838089,C,0.14289958775043488,0.07097932696342468,0.786121129989624,T,0.07048949599266052,0.06877420097589493,0.0017029496375471354,0.013897870667278767,0.056349724531173706,0.19965171813964844,0.30926939845085144,0.279864639043808,-84.37506103515625,40.15578842163086,0.06657856702804565
>Sequence,G,247,0.524293839931488,54.526559352874756,C,0.08930324763059616,0.06789764016866684,0.8427990078926086,C,0.05119266360998154,0.032223571091890335,0.002839592983946204,0.011836858466267586,0.05313301831483841,0.24380868673324585,0.29085981845855713,0.31410571932792664,92.1056137084961,10.244791984558105,0.07303811609745026
>Sequence,A,248,0.33139491081237793,42.74994349479675,C,0.05508076027035713,0.08856427669525146,0.8563550114631653,C,0.025244979187846184,0.02470047026872635,0.0005230902461335063,0.024943307042121887,0.06170574575662613,0.19840043783187866,0.06876816600561142,0.5957138538360596,-87.50973510742188,129.0174560546875,0.05307336151599884
>Sequence,T,249,0.42068031430244446,72.35701406002045,C,0.03228044882416725,0.09055610001087189,0.8771634697914124,C,0.012996929697692394,0.014215467497706413,0.00035208999179303646,0.02833901159465313,0.05876196175813675,0.23649753630161285,0.03212166950106621,0.6167153716087341,-99.87804412841797,135.42417907714844,0.0384686104953289
>Sequence,P,250,0.32342714071273804,51.42491537332535,C,0.08986777812242508,0.0753360390663147,0.8347962498664856,C,0.05427698418498039,0.03163740411400795,0.0005312242428772151,0.01554849836975336,0.05963712930679321,0.09619001299142838,0.1354728788137436,0.6067057847976685,-64.86906433105469,136.22935485839844,0.02779371477663517
>Sequence,Q,251,0.513310968875885,115.49496799707413,C,0.10145875811576843,0.12740464508533478,0.7711365818977356,C,0.061270587146282196,0.03461866453289986,0.000844551483169198,0.028260841965675354,0.09527555108070374,0.21157637238502502,0.15441197156906128,0.41374149918556213,-89.45133972167969,24.60957908630371,0.020867377519607544
>Sequence,D,252,0.43687188625335693,84.31627404689789,C,0.045313332229852676,0.12730668485164642,0.8273800015449524,C,0.02348870225250721,0.015535796992480755,0.0003664554678834975,0.0507894903421402,0.07809639722108841,0.2586815357208252,0.1397128403186798,0.4333288073539734,-99.99128723144531,105.90904235839844,0.007595449686050415
>Sequence,G,253,0.1360093057155609,14.144967794418335,C,0.0017083589918911457,0.0823957771062851,0.9158958792686462,C,0.0006249915459193289,0.0005244057974778116,7.188221206888556e-05,0.024778051301836967,0.051488976925611496,0.24184736609458923,0.011629193089902401,0.6690351963043213,173.58204650878906,175.29818725585938,0.002482400741428137
>Sequence,P,254,0.17870265245437622,28.41372174024582,C,0.002298379549756646,0.08876009285449982,0.9089414477348328,C,0.0009313254267908633,0.0007056589238345623,5.55849437660072e-05,0.05604393035173416,0.04272915795445442,0.13689321279525757,0.020501714199781418,0.7421393990516663,-72.00130462646484,150.23745727539062,0.002159163588657975
>Sequence,G,255,0.10497939586639404,10.91785717010498,C,0.00905169639736414,0.04426904767751694,0.9466792345046997,C,0.003961597569286823,0.0030960773583501577,0.00013085688988212496,0.036858510226011276,0.02143224887549877,0.18263238668441772,0.027253398671746254,0.7246349453926086,-105.34705352783203,175.74900817871094,0.0019952841103076935
>Sequence,P,256,0.1900051385164261,30.210817024111748,C,0.1340319961309433,0.038143180310726166,0.8278248310089111,T,0.12000396102666855,0.03236912935972214,0.0004779518931172788,0.018244050443172455,0.016967780888080597,0.10690607875585556,0.4867272675037384,0.2183038294315338,-61.84078598022461,139.94366455078125,0.002160361735150218
>Sequence,G,257,0.20667792856693268,21.494504570961,C,0.1923569142818451,0.048045411705970764,0.7595977187156677,T,0.16660617291927338,0.042521025985479355,0.0011893865885213017,0.012500734999775887,0.027399694547057152,0.11676561832427979,0.47173547744750977,0.16128183901309967,55.12937927246094,0.9653355479240417,0.0020211951341480017
>Sequence,Y,258,0.2593424320220947,68.20705962181091,C,0.1973964273929596,0.15526488423347473,0.6473387479782104,C,0.09255596250295639,0.0905987098813057,0.001976568251848221,0.03798580542206764,0.11631698161363602,0.15591871738433838,0.09199388325214386,0.4126533269882202,-88.67012023925781,112.71517181396484,0.004554414190351963
>Sequence,K,259,0.4265618324279785,100.66859245300293,C,0.23758584260940552,0.21694162487983704,0.5454725027084351,C,0.06491627544164658,0.14295583963394165,0.0029173048678785563,0.02542402222752571,0.20151346921920776,0.14147448539733887,0.06216679885983467,0.35863175988197327,-92.54351806640625,125.37193298339844,0.004733335692435503
>Sequence,R,260,0.3532601296901703,96.79327553510666,C,0.3071427345275879,0.3394211530685425,0.35343611240386963,E,0.06839869916439056,0.20328250527381897,0.005092240404337645,0.021822994574904442,0.3275144100189209,0.07041632384061813,0.048558298498392105,0.2549145519733429,-88.7578125,120.30786895751953,0.0072835106402635574
>Sequence,W,261,0.1983519345521927,56.530301347374916,E,0.3236752152442932,0.4549453556537628,0.2213793694972992,E,0.060395341366529465,0.22844356298446655,0.005051142536103725,0.016580848023295403,0.45324963331222534,0.03234260529279709,0.029944317415356636,0.17399261891841888,-91.37694549560547,120.87596893310547,0.007368580438196659
>Sequence,I,262,0.17359545826911926,34.198305279016495,E,0.29485246539115906,0.5561617016792297,0.1489858478307724,E,0.039163149893283844,0.2437424659729004,0.00459497794508934,0.01526929996907711,0.5438037514686584,0.021638568490743637,0.022368500009179115,0.1094193235039711,-90.43670654296875,96.53877258300781,0.008216327987611294
>Sequence,I,263,0.15799398720264435,31.124815478920937,E,0.2997075021266937,0.5459961295127869,0.15429632365703583,E,0.03757016733288765,0.26155051589012146,0.004914387594908476,0.013547345995903015,0.5238650441169739,0.022449251264333725,0.03014807589352131,0.10595522820949554,-90.34757995605469,76.83631896972656,0.007859201170504093
>Sequence,L,264,0.23019975423812866,46.27015060186386,E,0.3496879041194916,0.3589421510696411,0.2913699448108673,E,0.05863143876194954,0.28762495517730713,0.006108677946031094,0.012872845865786076,0.3311598002910614,0.05240852013230324,0.08965326100587845,0.16154052317142487,-87.69346618652344,43.74043273925781,0.00900803692638874
>Sequence,G,265,0.2434360384941101,25.31734800338745,C,0.2786182165145874,0.23555435240268707,0.48582735657691956,C,0.0695464089512825,0.18578578531742096,0.008423426188528538,0.013104391284286976,0.21151985228061676,0.10783331096172333,0.17812764644622803,0.22565917670726776,-78.10372161865234,-41.48067855834961,0.012563045136630535
>Sequence,L,266,0.24958233535289764,50.16604940593243,C,0.35416179895401,0.13680242002010345,0.5090357661247253,H,0.09908586740493774,0.23399248719215393,0.0062605538405478,0.01351903099566698,0.12062843888998032,0.13591736555099487,0.16328199207782745,0.22731424868106842,-81.38648223876953,-10.532377243041992,0.011499653570353985
>Sequence,N,267,0.42097732424736023,82.09057822823524,C,0.34072989225387573,0.09807810187339783,0.561191976070404,C,0.10248926281929016,0.20192237198352814,0.007705045863986015,0.00989122036844492,0.08803757280111313,0.1575421243906021,0.18949472904205322,0.24291767179965973,-81.93595886230469,7.839808464050293,0.01739756390452385
>Sequence,K,268,0.413985013961792,97.70046329498291,C,0.35142773389816284,0.133083775639534,0.5154885053634644,C,0.09590689837932587,0.22496174275875092,0.0065604811534285545,0.013337002135813236,0.12336742132902145,0.14537160098552704,0.13932184875011444,0.2511730492115021,-84.57975769042969,-3.158963680267334,0.015555677935481071
>Sequence,I,269,0.24307337403297424,47.885454684495926,C,0.2791089117527008,0.30610543489456177,0.41478562355041504,E,0.06299562752246857,0.2053181231021881,0.004684801213443279,0.024733463302254677,0.28430667519569397,0.08872418105602264,0.06293545663356781,0.26630163192749023,-89.7291030883789,95.74333190917969,0.015150523744523525
>Sequence,V,270,0.21881304681301117,38.07347014546394,E,0.204062819480896,0.4439968764781952,0.3519402742385864,E,0.04580710083246231,0.15003620088100433,0.004408423788845539,0.03165086358785629,0.4045166075229645,0.0668986588716507,0.04759850725531578,0.24908360838890076,-93.03373718261719,112.38209533691406,0.015306591056287289
>Sequence,R,271,0.364596962928772,99.89956784248352,E,0.12307372689247131,0.5287111401557922,0.34821513295173645,E,0.0326383113861084,0.08991720527410507,0.0025105695240199566,0.03904946893453598,0.4884510338306427,0.06174495816230774,0.060011476278305054,0.2256770133972168,-94.66510772705078,116.1688232421875,0.006841865833848715
>Sequence,M,272,0.1954323798418045,43.77685308456421,C,0.048509616404771805,0.3814755082130432,0.5700148940086365,C,0.013965860940515995,0.034909892827272415,0.0011689590755850077,0.06604018062353134,0.2934727966785431,0.1312713325023651,0.0645427256822586,0.3946281671524048,-108.2419662475586,128.15240478515625,0.004839405417442322
>Sequence,G,273,0.11450956761837006,11.908995032310486,C,0.0012394700897857547,0.08905729651451111,0.9097033143043518,C,0.0004275327955838293,0.0004066491674166173,5.2962972404202446e-05,0.016478832811117172,0.061764176934957504,0.16615238785743713,0.011866731569170952,0.7428507804870605,-137.43019104003906,174.84461975097656,0.0015964997000992298
>Sequence,P,274,0.16998589038848877,27.027756571769714,C,0.0017671247478574514,0.056078653782606125,0.9421542882919312,C,0.0007523298845626414,0.0005319130141288042,4.555951454676688e-05,0.024129213765263557,0.030967295169830322,0.21722917258739471,0.028448740020394325,0.6978957653045654,-72.05284881591797,150.7858428955078,0.0015055699041113257
>Sequence,G,275,0.08129440248012543,8.454617857933044,C,0.0034206206910312176,0.03426627814769745,0.9623130559921265,C,0.0013574156910181046,0.0012376620434224606,5.9108399000251666e-05,0.022483132779598236,0.018525969237089157,0.21903058886528015,0.02338581532239914,0.7139203548431396,-111.50267028808594,173.73536682128906,0.0012547963997349143
>Sequence,P,276,0.1776331216096878,28.24366633594036,C,0.05781887471675873,0.032467689365148544,0.9097133874893188,C,0.04549737647175789,0.018317682668566704,0.00033287383848801255,0.01410690974444151,0.019319800660014153,0.19293703138828278,0.3538040816783905,0.3556843101978302,-62.946014404296875,138.49046325683594,0.0019238338572904468
>Sequence,G,277,0.146424800157547,15.228179216384888,C,0.12024302780628204,0.09560442715883255,0.7841525077819824,T,0.10930337756872177,0.03114583157002926,0.0015671751461923122,0.031360115855932236,0.06005272641777992,0.18079017102718353,0.3402423858642578,0.24553827941417694,120.99329376220703,-4.3616485595703125,0.002739246701821685
>Sequence,W,278,0.26812484860420227,76.41558185219765,C,0.17524725198745728,0.22640815377235413,0.5983445644378662,C,0.08318278938531876,0.08457424491643906,0.0021133734844624996,0.0711057186126709,0.15792983770370483,0.1213800460100174,0.09247010201215744,0.3872438669204712,-89.8072509765625,119.25684356689453,0.0074253324419260025
>Sequence,A,279,0.1726842075586319,22.276262775063515,C,0.23342283070087433,0.21070754528045654,0.5558696389198303,C,0.06938181817531586,0.1381298303604126,0.0022077998146414757,0.040367983281612396,0.1648993194103241,0.11612563580274582,0.0647866353392601,0.4041009545326233,-92.1329116821289,124.466064453125,0.0077859386801719666
>Sequence,S,280,0.3016781806945801,46.76011800765991,C,0.2793154716491699,0.17184892296791077,0.5488355755805969,C,0.06083784997463226,0.19538439810276031,0.004156371578574181,0.02493998222053051,0.14265699684619904,0.11683604121208191,0.06748659908771515,0.38770177960395813,-87.93104553222656,136.87994384765625,0.01681361347436905
>Sequence,R,281,0.45547109842300415,124.79908096790314,H,0.5111374258995056,0.10153745859861374,0.38732507824897766,H,0.08147786557674408,0.4089595377445221,0.008104866370558739,0.010709855705499649,0.09251949936151505,0.10379692912101746,0.08804861456155777,0.2063828557729721,-77.19551086425781,-29.958276748657227,0.014959714375436306
>Sequence,E,282,0.4870296120643616,108.60760349035263,H,0.4797576069831848,0.15449242293834686,0.36574995517730713,H,0.07653602957725525,0.3706011176109314,0.005903692450374365,0.017378833144903183,0.1545841246843338,0.06007402762770653,0.07291615754365921,0.24200601875782013,-76.86531829833984,-14.001179695129395,0.02365017496049404
>Sequence,L,283,0.19241786003112793,38.675989866256714,H,0.6643686890602112,0.08943048119544983,0.24620084464550018,H,0.10523545742034912,0.5093573927879333,0.008219925686717033,0.009458960965275764,0.09280280023813248,0.03762098401784897,0.05025235936045647,0.18705213069915771,-73.584716796875,-28.986387252807617,0.02408525161445141
>Sequence,E,284,0.45172590017318726,100.73487573862076,H,0.6399099826812744,0.1091645210981369,0.2509254813194275,H,0.08708210289478302,0.5201279520988464,0.010293049737811089,0.009629536420106888,0.10799399763345718,0.038322966545820236,0.06437903642654419,0.16217142343521118,-73.46807861328125,-32.3271598815918,0.028300145640969276
>Sequence,R,285,0.406352162361145,111.34049248695374,H,0.6440746188163757,0.0981198325753212,0.25780555605888367,H,0.09681281447410583,0.5206494927406311,0.011961414478719234,0.009225242771208286,0.0939287394285202,0.03908693045377731,0.08450284600257874,0.14383256435394287,-74.05948638916016,-29.60995864868164,0.0244632326066494
>Sequence,F,286,0.24020983278751373,57.650359869003296,H,0.5734223127365112,0.09976103156805038,0.3268166482448578,H,0.10517827421426773,0.4475126266479492,0.010749714449048042,0.011056790128350258,0.08740229159593582,0.05396318435668945,0.10068468004465103,0.18345241248607635,-80.27030944824219,-20.08428192138672,0.029433127492666245
>Sequence,A,287,0.28830164670944214,37.190912425518036,C,0.4319634735584259,0.10835302621126175,0.45968344807624817,H,0.09367712587118149,0.3277675211429596,0.006336946040391922,0.015315622091293335,0.08570235967636108,0.08333734422922134,0.1440548449754715,0.24380825459957123,-80.10350036621094,-7.760819911956787,0.03174985945224762
>Sequence,L,288,0.30991068482398987,62.29204764962196,C,0.26004335284233093,0.09631087630987167,0.6436457633972168,C,0.07076669484376907,0.1950540840625763,0.004195201676338911,0.022800881415605545,0.0638997033238411,0.18516160547733307,0.1735224425792694,0.2845993936061859,-88.48130798339844,7.5371994972229,0.023892607539892197
>Sequence,N,289,0.40432876348495483,78.84410887956619,C,0.033374350517988205,0.03544691577553749,0.9311786890029907,C,0.012353746220469475,0.018680410459637642,0.0005828107241541147,0.01047101803123951,0.023340865969657898,0.3333810865879059,0.05230530723929405,0.5488846898078918,-100.79443359375,114.30429077148438,0.02599336951971054
>Sequence,P,290,0.44562390446662903,70.85420081019402,C,0.14472609758377075,0.027737116441130638,0.8275367617607117,T,0.09700890630483627,0.05305618792772293,0.00107244320679456,0.0067614223808050156,0.018630241975188255,0.1220824345946312,0.400883287191391,0.30050504207611084,-63.851829528808594,58.28398895263672,0.02184581384062767
>Sequence,G,291,0.4011166989803314,41.71613669395447,C,0.144920215010643,0.07694022357463837,0.7781395316123962,T,0.09528284519910812,0.04787313565611839,0.0020434060133993626,0.020201006904244423,0.051021549850702286,0.15989230573177338,0.35970380902290344,0.26398199796676636,-89.22915649414062,0.6391560435295105,0.015882210806012154
>Sequence,L,292,0.2786858081817627,56.0158474445343,C,0.06118115037679672,0.11870775371789932,0.820111095905304,C,0.028853558003902435,0.029335275292396545,0.0004987495485693216,0.0717407763004303,0.06466010957956314,0.20936810970306396,0.11672261357307434,0.4788208603858948,-101.32849884033203,102.65936279296875,0.00716758519411087
>Sequence,G,293,0.1308525949716568,13.608669877052307,C,0.0014270235551521182,0.06839823722839355,0.9301747679710388,C,0.0005480037652887404,0.0004594967176672071,6.448480417020619e-05,0.028450893238186836,0.03785799443721771,0.20469680428504944,0.011561335064470768,0.7163609266281128,-174.52024841308594,176.18983459472656,0.004922779276967049
>Sequence,P,294,0.20636656880378723,32.81228443980217,C,0.0016619714442640543,0.06371422857046127,0.9346237778663635,C,0.0007278106641024351,0.0004779277369379997,3.8981590478215367e-05,0.04763573408126831,0.028938157483935356,0.1430695801973343,0.02155633084475994,0.7575554847717285,-70.92032623291016,150.35247802734375,0.003355358261615038
>Sequence,G,295,0.10576247423887253,10.999297320842743,C,0.004469772335141897,0.046754591166973114,0.948775589466095,C,0.0021474924869835377,0.0014089556643739343,6.759657117072493e-05,0.040982767939567566,0.02182469516992569,0.187992662191391,0.024369409307837486,0.7212064862251282,-115.14778137207031,174.60018920898438,0.0032934534829109907
>Sequence,P,296,0.28226667642593384,44.88040155172348,C,0.07394302636384964,0.02976100705564022,0.896295964717865,T,0.06606024503707886,0.015003282576799393,0.0002317489852430299,0.015301408246159554,0.012071095407009125,0.12669633328914642,0.568035364151001,0.196600541472435,-60.47140884399414,139.24461364746094,0.004230765625834465
>Sequence,G,297,0.2820807099342346,29.3363938331604,C,0.12632305920124054,0.04587124288082123,0.8278056979179382,T,0.1205444484949112,0.02139490470290184,0.0009068611543625593,0.013896534219384193,0.024108970537781715,0.12710054218769073,0.5433319211006165,0.14871583878993988,84.6083984375,0.6492293477058411,0.005712814629077911
>Sequence,L,298,0.25960642099380493,52.18089061975479,C,0.13577136397361755,0.16280902922153473,0.7014195919036865,C,0.10084085911512375,0.04470997676253319,0.0008782540680840611,0.054981812834739685,0.10987477749586105,0.15002129971981049,0.10443168133497238,0.43426138162612915,-90.19017791748047,98.82520294189453,0.012494906783103943
>Sequence,H,299,0.3913424611091614,87.66071128845215,C,0.09234511107206345,0.24348720908164978,0.6641677021980286,C,0.054214369505643845,0.04091610759496689,0.0014081213157624006,0.05275651812553406,0.18558210134506226,0.14226242899894714,0.0829845741391182,0.4398757815361023,-106.4858169555664,115.06133270263672,0.019774721935391426
>Sequence,S,300,0.3532510995864868,54.75392043590546,C,0.10631763935089111,0.23052845895290375,0.6631539463996887,C,0.05325546860694885,0.05302073061466217,0.001612139749340713,0.03456038981676102,0.18520478904247284,0.14935125410556793,0.08000525087118149,0.4429900348186493,-99.69004821777344,135.8968048095703,0.035155538469552994
>Sequence,D,301,0.4555860757827759,87.92811262607574,C,0.10681196302175522,0.180702343583107,0.7124857306480408,C,0.04928204044699669,0.055747080594301224,0.0012647947296500206,0.02742948941886425,0.1533399224281311,0.12691712379455566,0.09732162952423096,0.48869794607162476,-93.22383117675781,89.05313873291016,0.029679743573069572
>Sequence,Y,302,0.32103225588798523,84.43148329854012,C,0.23648782074451447,0.17315088212490082,0.5903612971305847,C,0.0840877816081047,0.15039092302322388,0.0030237496830523014,0.027539590373635292,0.14243628084659576,0.11728199571371078,0.12726294994354248,0.3479767143726349,-88.6067123413086,40.25178527832031,0.03805176168680191
>Sequence,K,303,0.4921499788761139,116.14739501476288,C,0.3083140552043915,0.15139245986938477,0.5402934551239014,C,0.06941941380500793,0.22047074139118195,0.0038973388727754354,0.018303794786334038,0.13292524218559265,0.1400197446346283,0.09950494766235352,0.315458744764328,-87.50735473632812,3.635370969772339,0.032190725207328796
>Sequence,S,304,0.30332615971565247,47.01555475592613,C,0.2635461986064911,0.19663389027118683,0.5398199558258057,C,0.045187029987573624,0.203728586435318,0.003859366523101926,0.03571305423974991,0.14998319745063782,0.10312442481517792,0.06236956641077995,0.3960348069667816,-89.74980163574219,156.58746337890625,0.031052084639668465
>Sequence,F,305,0.2206885814666748,52.96525955200195,H,0.7389560341835022,0.044295284897089005,0.2167486697435379,H,0.08082248270511627,0.6365604996681213,0.00818156823515892,0.006211776752024889,0.03834184259176254,0.04016214609146118,0.06531335413455963,0.12440630048513412,-69.48651885986328,-33.7486572265625,0.03203916177153587
>Sequence,E,306,0.5142943859100342,114.68764805793762,H,0.7707207798957825,0.033880073577165604,0.1953991949558258,H,0.071954146027565,0.676409900188446,0.008803893812000751,0.00399784604087472,0.032593969255685806,0.0326276496052742,0.06715252250432968,0.10646005719900131,-68.36382293701172,-36.407527923583984,0.0351773202419281
>Sequence,D,307,0.3953065872192383,76.29417133331299,H,0.7874138355255127,0.02395256794989109,0.18863365054130554,H,0.08381426334381104,0.6736913919448853,0.011833838187158108,0.004041882231831551,0.022471385076642036,0.02724010869860649,0.07063767313957214,0.10626944899559021,-71.74764251708984,-29.666908264160156,0.03496873751282692
>Sequence,A,308,0.17771947383880615,22.925812125205994,H,0.7376536130905151,0.023521678522229195,0.23882471024990082,H,0.0648128017783165,0.6660115718841553,0.007880295626819134,0.004125149920582771,0.018440579995512962,0.03402379900217056,0.06976158916950226,0.13494424521923065,-69.99337005615234,-30.144798278808594,0.036301225423812866
>Sequence,K,309,0.4192347526550293,98.93940162658691,H,0.6086370944976807,0.046932537108659744,0.3444303274154663,H,0.08851570636034012,0.5076863169670105,0.010856075212359428,0.010012139566242695,0.03432195261120796,0.05684396252036095,0.13862426578998566,0.15313948690891266,-75.06340789794922,-22.498531341552734,0.030479013919830322
>Sequence,A,310,0.31972819566726685,41.24493724107742,H,0.48255813121795654,0.05856580659747124,0.4588761329650879,H,0.10195412486791611,0.36025527119636536,0.007878264412283897,0.012162424623966217,0.04500485956668854,0.0903712660074234,0.16559220850467682,0.2167815864086151,-76.46781921386719,-10.106773376464844,0.03278925642371178
>Sequence,N,311,0.47058209776878357,91.7635090649128,C,0.32567963004112244,0.09031905978918076,0.5840013027191162,C,0.09627798199653625,0.20088960230350494,0.006541294977068901,0.019238242879509926,0.06381863355636597,0.12183335423469543,0.23334521055221558,0.2580556869506836,-89.12952423095703,25.515531539916992,0.022309700027108192
>Sequence,C,312,0.16926924884319305,28.26796455681324,C,0.1316005140542984,0.14854009449481964,0.7198594212532043,C,0.032798342406749725,0.10136424750089645,0.0030442490242421627,0.06402279436588287,0.08152848482131958,0.19082416594028473,0.13741940259933472,0.3889982998371124,-107.65702819824219,80.74346160888672,0.012533620931208134
>Sequence,G,313,0.15113481879234314,15.718021154403687,C,0.0014949889155104756,0.048221807926893234,0.9502832293510437,C,0.0005503242718987167,0.0004831502737943083,7.256345270434394e-05,0.01914972998201847,0.026721667498350143,0.17290504276752472,0.01611962355673313,0.7639978528022766,116.84215545654297,176.7751922607422,0.00587107427418232
>Sequence,P,314,0.19366391003131866,30.792561694979668,C,0.002147890627384186,0.04381322115659714,0.9540388584136963,C,0.0009991227416321635,0.0006222485681064427,5.441193570732139e-05,0.03466276079416275,0.020618388429284096,0.17447881400585175,0.03285929560661316,0.7357050180435181,-69.9976806640625,150.85610961914062,0.004262666683644056
>Sequence,G,315,0.1434873640537262,14.922685861587524,C,0.003189812647178769,0.026816699653863907,0.9699934124946594,C,0.0014028775040060282,0.001125536859035492,5.2822422730969265e-05,0.026088641956448555,0.01297993678599596,0.1995919793844223,0.029514621943235397,0.7292435765266418,-102.38253021240234,169.9956817626953,0.00398211507126689
>Sequence,P,316,0.24393172562122345,38.78514437377453,C,0.04133925214409828,0.02766447700560093,0.930996298789978,T,0.035890787839889526,0.012778321281075478,0.00022261901176534593,0.020898332819342613,0.014378958381712437,0.13687194883823395,0.4386037290096283,0.34035524725914,-61.867706298828125,141.0218963623047,0.005157763138413429
>Sequence,G,317,0.2938843369483948,30.563971042633057,C,0.12054537981748581,0.04168136417865753,0.8377732038497925,T,0.10332924127578735,0.02702120691537857,0.0013465604279190302,0.017561305314302444,0.024021413177251816,0.17484775185585022,0.457298219203949,0.1945742666721344,82.31626892089844,-8.401430130004883,0.007731480523943901
>Sequence,K,318,0.4616733193397522,108.95490336418152,C,0.21105754375457764,0.12471676617860794,0.664225697517395,C,0.11207171529531479,0.08721662312746048,0.002283558715134859,0.03901098668575287,0.0847528725862503,0.20850975811481476,0.15092450380325317,0.31522998213768005,-89.51280975341797,44.496578216552734,0.01685992255806923
>Sequence,S,319,0.3362055718898773,52.111863642930984,C,0.24424044787883759,0.14491607248783112,0.6108434796333313,C,0.11751044541597366,0.10900281369686127,0.002295658690854907,0.029192566871643066,0.11362943053245544,0.17208881676197052,0.10518254339694977,0.35109779238700867,-95.5296401977539,105.33150482177734,0.013076347298920155
>Sequence,D,320,0.4279235601425171,82.5892471075058,C,0.3295518457889557,0.1453404277563095,0.525107741355896,C,0.10937262326478958,0.1825830638408661,0.003834103001281619,0.01941681280732155,0.12899112701416016,0.1341317594051361,0.09710486978292465,0.32456567883491516,-87.68628692626953,20.666967391967773,0.019499586895108223
>Sequence,V,321,0.2558879256248474,44.52449905872345,C,0.3872080147266388,0.2153526246547699,0.3974393308162689,H,0.0889182984828949,0.2756896913051605,0.008213351480662823,0.023441607132554054,0.19072934985160828,0.0868038609623909,0.07457123696804047,0.25163257122039795,-86.68224334716797,4.532950401306152,0.02228737063705921
>Sequence,L,322,0.235671728849411,47.37001749873161,H,0.39530622959136963,0.2378978580236435,0.3667958676815033,H,0.0803723856806755,0.29315611720085144,0.005618733819574118,0.01933405175805092,0.22066916525363922,0.0750093087553978,0.06738404184579849,0.23845615983009338,-85.162353515625,17.69354248046875,0.01694631576538086
>Sequence,T,323,0.26929575204849243,46.3188693523407,C,0.3504047095775604,0.27114391326904297,0.37845131754875183,H,0.06467075645923615,0.27556872367858887,0.007067979779094458,0.016181915998458862,0.24909964203834534,0.08426818996667862,0.07002540677785873,0.23311735689640045,-92.09048461914062,7.926762580871582,0.015359383076429367
>Sequence,T,324,0.2808740735054016,48.31034064292908,H,0.33874890208244324,0.3255877196788788,0.33566340804100037,E,0.0608120821416378,0.27069562673568726,0.008407249115407467,0.013900612480938435,0.3061068058013916,0.07766100019216537,0.062174975872039795,0.20024164021015167,-93.8560562133789,-0.44849660992622375,0.013380027376115322
>Sequence,W,325,0.24190250039100647,68.94221261143684,E,0.3640259802341461,0.3771706521511078,0.2588033974170685,E,0.07099292427301407,0.28241968154907227,0.009643643163144588,0.014412052929401398,0.3562091588973999,0.05348731577396393,0.060155805200338364,0.1526794284582138,-91.04830169677734,25.262556076049805,0.012921265326440334
>Sequence,L,326,0.18946689367294312,38.082845628261566,E,0.3334214687347412,0.38613981008529663,0.28043869137763977,E,0.06657068431377411,0.26712357997894287,0.006466822233051062,0.015156405977904797,0.3613223135471344,0.056537989526987076,0.06372717022895813,0.16309507191181183,-90.26168823242188,46.3807487487793,0.012990460731089115
>Sequence,I,327,0.19066429138183594,37.56086540222168,E,0.22847473621368408,0.485478937625885,0.2860462963581085,E,0.04490256682038307,0.18253988027572632,0.00488015403971076,0.01745239458978176,0.4574859142303467,0.0559309720993042,0.043391041457653046,0.193417027592659,-97.65817260742188,109.03801727294922,0.01531020738184452
>Sequence,D,328,0.3389480710029602,65.41697770357132,C,0.20301014184951782,0.393495112657547,0.40349477529525757,E,0.04865104705095291,0.14463406801223755,0.004452670458704233,0.013982504606246948,0.379324346780777,0.0759817361831665,0.07375674694776535,0.25921693444252014,-93.51153564453125,90.7114486694336,0.011996427550911903
>Sequence,Y,329,0.26354217529296875,69.31159210205078,E,0.18119652569293976,0.41153550148010254,0.4072680175304413,E,0.0499105341732502,0.13041943311691284,0.004983243532478809,0.021704813465476036,0.37654224038124084,0.07745719701051712,0.07955846935510635,0.25942400097846985,-99.19538116455078,108.69647216796875,0.01767619512975216
>Sequence,V,330,0.28081661462783813,48.862090945243835,C,0.1625315099954605,0.4075024425983429,0.4299660623073578,E,0.05086071416735649,0.10409889370203018,0.004185040481388569,0.0231787022203207,0.3757774531841278,0.08017382025718689,0.06566061824560165,0.29606473445892334,-95.59281158447266,120.03279876708984,0.02179972641170025
>Sequence,E,331,0.544658362865448,121.4588149189949,C,0.16080650687217712,0.3545345366001129,0.48465901613235474,E,0.05451054871082306,0.09496516734361649,0.0034117873292416334,0.02042708545923233,0.33515825867652893,0.10326294600963593,0.10623746365308762,0.2820266783237457,-91.78353881835938,108.27429962158203,0.01530557218939066
>Sequence,D,332,0.4231090247631073,81.66004177927971,C,0.07037989050149918,0.24863536655902863,0.6809847354888916,C,0.026604361832141876,0.03822414577007294,0.0017006832640618086,0.0375945158302784,0.18778035044670105,0.18348315358161926,0.1573166847229004,0.36729612946510315,-101.50808715820312,81.3971176147461,0.009899372234940529
>Sequence,G,333,0.1753615438938141,18.237600564956665,C,0.0020827145781368017,0.09859926253557205,0.8993179798126221,C,0.0008954858058132231,0.0007292909431271255,0.00015556727885268629,0.02044972963631153,0.07204173505306244,0.2525901198387146,0.02206726372241974,0.6310707926750183,149.7357635498047,176.51220703125,0.005978159140795469
>Sequence,P,334,0.2546268105506897,40.48566287755966,C,0.0012993483105674386,0.07170911133289337,0.9269915819168091,C,0.0007277600234374404,0.0003482479078229517,5.4740441555622965e-05,0.03750342130661011,0.039924804121255875,0.16275809705257416,0.03125254809856415,0.7274304628372192,-67.79914855957031,151.63160705566406,0.004262988455593586
>Sequence,G,335,0.1372603476047516,14.275076150894165,C,0.0006939906743355095,0.03277071565389633,0.9665352702140808,C,0.00034714993671514094,0.00021835751249454916,2.4522551029804163e-05,0.025480184704065323,0.01806715317070484,0.20705507695674896,0.019726039841771126,0.7290815114974976,-97.99909210205078,168.08970642089844,0.002834875602275133
>Sequence,P,336,0.25685790181159973,40.84040638804436,C,0.003904201788827777,0.03407713770866394,0.962018609046936,C,0.002362065715715289,0.0014741028426215053,9.822900756262243e-05,0.029615281149744987,0.018632685765624046,0.2511517107486725,0.08201602846384048,0.6146498918533325,-67.7430419921875,145.82705688476562,0.003474022028967738
>Sequence,G,337,0.1443472057580948,15.012109398841858,C,0.027419278398156166,0.0519241988658905,0.9206565022468567,C,0.014843819662928581,0.010125984437763691,0.0005454414640553296,0.0387265607714653,0.027554044499993324,0.35584700107574463,0.07881452888250351,0.47354263067245483,154.85972595214844,175.19351196289062,0.004346300382167101
>Sequence,P,338,0.38783711194992065,61.666100800037384,C,0.179350808262825,0.054278742522001266,0.766370415687561,C,0.10668589919805527,0.07224216312170029,0.001059086760506034,0.015377619303762913,0.035938724875450134,0.1789415180683136,0.26679033041000366,0.322964608669281,-65.4482192993164,78.99729919433594,0.007611849810928106
>Sequence,N,339,0.41276901960372925,80.4899588227272,C,0.29345792531967163,0.1182701364159584,0.588271975517273,C,0.20681914687156677,0.09101813286542892,0.0028157695196568966,0.021077217534184456,0.08877429366111755,0.15203094482421875,0.20381270349025726,0.2336517721414566,-90.85199737548828,35.60280227661133,0.01150779239833355
>Sequence,E,340,0.44093358516693115,98.32818949222565,C,0.33143821358680725,0.22993937134742737,0.43862244486808777,C,0.14104658365249634,0.16344261169433594,0.004093581810593605,0.02833886817097664,0.2069929540157318,0.08430282026529312,0.08567357808351517,0.28610900044441223,-91.05218505859375,72.71231079101562,0.019559502601623535
>Sequence,I,341,0.1787254810333252,35.20891976356506,C,0.30887797474861145,0.29603680968284607,0.39508524537086487,C,0.07726310938596725,0.212252676486969,0.003986931871622801,0.027138402685523033,0.26737892627716064,0.06291315704584122,0.04289696738123894,0.3061698079109192,-91.43092346191406,96.47736358642578,0.020427122712135315
>Sequence,K,342,0.415225088596344,97.99312090873718,C,0.30585286021232605,0.27555200457572937,0.41859516501426697,C,0.06383654475212097,0.2157120257616043,0.004647710360586643,0.024618541821837425,0.26053810119628906,0.06344223022460938,0.061651673167943954,0.3055531680583954,-85.5169677734375,71.41034698486328,0.0206636693328619
>Sequence,Y,343,0.23284582793712616,61.23845274746418,C,0.33207499980926514,0.3235931098461151,0.344331830739975,E,0.06018399819731712,0.24946223199367523,0.0051802112720906734,0.018699659034609795,0.30930864810943604,0.05393609777092934,0.04528530687093735,0.2579438388347626,-90.65689849853516,114.30450439453125,0.018885955214500427
>Sequence,K,344,0.4094206392765045,96.62327086925507,H,0.37410447001457214,0.32669833302497864,0.2991972267627716,E,0.05922197923064232,0.2828410565853119,0.005917165894061327,0.016655201092362404,0.3234269917011261,0.04271724447607994,0.043436501175165176,0.22578388452529907,-85.06817626953125,32.56976318359375,0.015915052965283394
>Sequence,I,345,0.17544695734977722,34.56305059790611,E,0.3676125705242157,0.4078300893306732,0.2245572954416275,E,0.049834974110126495,0.30163437128067017,0.006064821500331163,0.018119623884558678,0.39716649055480957,0.02704690955579281,0.03615342825651169,0.1639794260263443,-86.89525604248047,45.400726318359375,0.017343176528811455
>Sequence,L,346,0.21341878175735474,42.8971751332283,H,0.41413867473602295,0.2749612331390381,0.31090012192726135,H,0.07889566570520401,0.3085189759731293,0.006007420364767313,0.013492227531969547,0.26540470123291016,0.04915973171591759,0.06563572585582733,0.2128855437040329,-84.1895980834961,3.8282198905944824,0.022849613800644875
>Sequence,E,347,0.4564465880393982,101.7875891327858,C,0.39206889271736145,0.20754507184028625,0.4003860354423523,H,0.09561723470687866,0.2787933349609375,0.007163100875914097,0.010988480411469936,0.1972765028476715,0.07986690104007721,0.1311241239309311,0.19917036592960358,-85.55393981933594,-5.181330680847168,0.023293036967515945
>Sequence,N,348,0.4158109426498413,81.08313381671906,C,0.29755204916000366,0.15153825283050537,0.550909698009491,C,0.0895506888628006,0.18619310855865479,0.00662029767408967,0.012475964613258839,0.13581033051013947,0.11263027787208557,0.20184466242790222,0.25487467646598816,-91.18252563476562,28.502775192260742,0.02662460319697857
>Sequence,F,349,0.22094732522964478,53.027358055114746,C,0.24599508941173553,0.1713605523109436,0.5826443433761597,C,0.08578544110059738,0.14513424038887024,0.00509070185944438,0.02121133729815483,0.14041633903980255,0.12401901185512543,0.14803120493888855,0.33031174540519714,-93.14883422851562,51.6352653503418,0.028422178700566292
>Sequence,N,350,0.4705318510532379,91.7537109553814,C,0.19113288819789886,0.13914133608341217,0.669725775718689,C,0.08389251679182053,0.09355314075946808,0.003853550413623452,0.021287458017468452,0.10856379568576813,0.14216329157352448,0.175763338804245,0.3709229528903961,-88.01718139648438,49.424407958984375,0.03277695178985596
>Sequence,D,351,0.5187651515007019,100.12167423963547,C,0.16051606833934784,0.10883665829896927,0.7306472659111023,C,0.07516469061374664,0.07508508116006851,0.0023941360414028168,0.018299102783203125,0.08138233423233032,0.18238644301891327,0.26583680510520935,0.29945144057273865,-88.02857208251953,19.339981079101562,0.01985631138086319
>Sequence,N,352,0.4583894610404968,89.38594490289688,C,0.06313782930374146,0.10421648621559143,0.8326456546783447,C,0.02635403349995613,0.02792654186487198,0.0011465237475931644,0.02582566626369953,0.06619825959205627,0.27178406715393066,0.24035397171974182,0.3404109477996826,-103.63240814208984,33.25228500366211,0.014147032052278519
>Sequence,G,353,0.15702229738235474,16.330318927764893,C,0.0031443668995052576,0.07584041357040405,0.9210151433944702,C,0.0010845651850104332,0.0011039830278605223,0.00019285276357550174,0.01974107138812542,0.049827493727207184,0.3277735114097595,0.02097996138036251,0.5792965292930603,151.67227172851562,172.78628540039062,0.006061378866434097
>Sequence,P,354,0.19547410309314728,31.080382391810417,C,0.003210735507309437,0.09358202666044235,0.9032073020935059,C,0.0011340620694682002,0.0013281948631629348,0.00013024659710936248,0.057723935693502426,0.05008098855614662,0.15150922536849976,0.03292146697640419,0.7051719427108765,-71.40062713623047,148.0277557373047,0.003989584743976593
>Sequence,G,355,0.08243892341852188,8.573648035526276,C,0.011733797378838062,0.045425914227962494,0.9428402185440063,C,0.0027393088676035404,0.006813826970756054,0.00022889539832249284,0.031623441725969315,0.024158000946044922,0.21974720060825348,0.02943570353090763,0.6852536201477051,-109.71009826660156,174.36907958984375,0.0024227651301771402
>Sequence,P,356,0.16048617660999298,25.517302080988884,C,0.25669094920158386,0.040826182812452316,0.7024828195571899,C,0.06588109582662582,0.17767983675003052,0.0017634363612160087,0.016565127298235893,0.02398327738046646,0.13520081341266632,0.279675155878067,0.2992511987686157,-60.07940673828125,148.8566436767578,0.003675764426589012
>Sequence,G,357,0.1427747905254364,14.848578214645386,C,0.4208191931247711,0.06516693532466888,0.5140138864517212,T,0.13225175440311432,0.24027663469314575,0.006398869678378105,0.01776171661913395,0.04980256408452988,0.1255422681570053,0.25337591767311096,0.17459024488925934,-30.41575813293457,-30.08183479309082,0.003149336902424693
>Sequence,I,358,0.19017921388149261,37.465305134654045,H,0.5701544284820557,0.17320601642131805,0.25663959980010986,H,0.08375206589698792,0.45013800263404846,0.008668452501296997,0.03197850286960602,0.14342129230499268,0.05373256281018257,0.04696948826313019,0.18133971095085144,-77.53682708740234,-20.935012817382812,0.006090110633522272
>Sequence,I,359,0.12454933673143387,24.536219336092472,H,0.5900644063949585,0.21555890142917633,0.19437672197818756,H,0.06465012580156326,0.5053834319114685,0.010532228276133537,0.025017591193318367,0.1933872252702713,0.02995414473116398,0.034538622945547104,0.13653664290905,-79.03292846679688,-22.5029239654541,0.006067000329494476
>Sequence,M,360,0.12596860527992249,28.216967582702637,H,0.7036515474319458,0.1266097128391266,0.1697387546300888,H,0.07179063558578491,0.5974452495574951,0.013308623805642128,0.01002667285501957,0.12312467396259308,0.029980385676026344,0.036254946142435074,0.11806882172822952,-75.14022064208984,-32.9872932434082,0.007768156006932259
>Sequence,D,361,0.3015054762363434,58.19055691361427,H,0.7284771203994751,0.10549988597631454,0.16602297127246857,H,0.07147195190191269,0.6227161288261414,0.015143677592277527,0.007535663433372974,0.10590004920959473,0.025671493262052536,0.03844745084643364,0.11311350762844086,-71.66930389404297,-29.86376190185547,0.008611525408923626
>Sequence,I,362,0.17988274991512299,35.43690173327923,H,0.7959224581718445,0.09315044432878494,0.11092706769704819,H,0.06024929881095886,0.7003807425498962,0.01767861656844616,0.006084194872528315,0.09485126286745071,0.01642416976392269,0.033668797463178635,0.07066292315721512,-71.23534393310547,-36.875064849853516,0.010822154581546783
>Sequence,L,363,0.15677288174629211,31.511349231004715,H,0.7619763016700745,0.08431361615657806,0.15371008217334747,H,0.07054459303617477,0.6692371368408203,0.014118886552751064,0.00646388903260231,0.08092892169952393,0.022836225107312202,0.05392603576183319,0.08194424957036972,-72.37738037109375,-31.251615524291992,0.011268284171819687
>Sequence,L,364,0.25947096943855286,52.153664857149124,H,0.628288209438324,0.0820544883608818,0.2896572947502136,H,0.09624593704938889,0.5038160681724548,0.014329187572002411,0.010024039074778557,0.07259742170572281,0.05053608864545822,0.10685610771179199,0.14559513330459595,-76.0110855102539,-23.0520076751709,0.021170128136873245
>Sequence,S,365,0.4050085246562958,62.776321321725845,C,0.39520666003227234,0.057052478194236755,0.5477408766746521,H,0.0840560644865036,0.2936670184135437,0.008816310204565525,0.00945794302970171,0.04572611674666405,0.1136719286441803,0.19519932568073273,0.2494053691625595,-80.41606140136719,-13.554116249084473,0.02518317475914955
>Sequence,K,366,0.5177258849143982,122.18330883979797,C,0.22137781977653503,0.03801500052213669,0.7406072020530701,C,0.06741529703140259,0.139055073261261,0.004853340797126293,0.010039867833256721,0.025171251967549324,0.22649498283863068,0.24706651270389557,0.2799036502838135,-89.39404296875,5.728871822357178,0.027373814955353737
>Sequence,R,367,0.4069881737232208,111.5147596001625,C,0.03688417375087738,0.021469533443450928,0.9416462779045105,C,0.012846940197050571,0.01786712557077408,0.00047916086623445153,0.00827583484351635,0.0125637948513031,0.3366936147212982,0.03655432537198067,0.574719250202179,-91.14635467529297,125.92768859863281,0.034207023680210114
>Sequence,P,368,0.46786895394325256,74.39116367697716,C,0.1393011063337326,0.018672697246074677,0.8420262336730957,C,0.10293128341436386,0.048718757927417755,0.0005809502326883376,0.0046404446475207806,0.014779161661863327,0.1012187972664833,0.16942448914051056,0.5577061176300049,-63.67369842529297,122.00587463378906,0.03434329107403755
>Sequence,S,369,0.528325080871582,81.89038753509521,C,0.20659412443637848,0.08057477325201035,0.7128311395645142,C,0.15874285995960236,0.07118599861860275,0.0008354049641638994,0.017117556184530258,0.06094402074813843,0.12946969270706177,0.19902440905570984,0.36267998814582825,-85.6634750366211,23.864194869995117,0.03339957445859909
>Sequence,L,370,0.24978293478488922,50.20636989176273,C,0.13948500156402588,0.1870400309562683,0.6734750270843506,C,0.09226427972316742,0.04836476966738701,0.0006993820425122976,0.03031374327838421,0.15028391778469086,0.1279129832983017,0.06818821281194687,0.48197272419929504,-89.92591094970703,119.93768310546875,0.0240385252982378
>Sequence,K,371,0.48259294033050537,113.89193391799927,C,0.06363052874803543,0.36244624853134155,0.5739232301712036,C,0.03470646217465401,0.02678018808364868,0.0006033482495695353,0.03918306902050972,0.32858574390411377,0.10074024647474289,0.0522095263004303,0.41719141602516174,-95.96414947509766,117.1386489868164,0.010373059660196304
>Sequence,I,372,0.2541605830192566,50.06963485479355,C,0.022287122905254364,0.4881046414375305,0.4896082580089569,E,0.008856718428432941,0.014406383037567139,0.0004723756283055991,0.11074869334697723,0.3672308921813965,0.09866161644458771,0.034807123243808746,0.36481624841690063,-108.1878433227539,128.11936950683594,0.007164273876696825
>Sequence,G,373,0.12239809334278107,12.729401707649231,C,0.0007655479712411761,0.11584825068712234,0.8833861351013184,C,0.00032847002148628235,0.0002692301932256669,4.6061479224590585e-05,0.01865990273654461,0.08569294959306717,0.12206322699785233,0.010038983076810837,0.7629011869430542,-161.28125,176.37411499023438,0.003546892898157239
>Sequence,P,374,0.19728608429431915,31.368487402796745,C,0.001648005098104477,0.09967108815908432,0.8986809849739075,C,0.0007679670816287398,0.000534917286131531,6.779393152100965e-05,0.040060870349407196,0.057022545486688614,0.17229321599006653,0.028361547738313675,0.7008911371231079,-71.09008026123047,149.87745666503906,0.0033456548117101192
>Sequence,G,375,0.1051902025938034,10.939781069755554,C,0.006490069441497326,0.04574129730463028,0.9477686285972595,C,0.0021848028991371393,0.0028225532732903957,0.00011842754611279815,0.032545045018196106,0.023981140926480293,0.2558954656124115,0.029084298759698868,0.6533682942390442,-123.89900207519531,175.9807891845703,0.0023576386738568544
>Sequence,P,376,0.27407294511795044,43.57759827375412,C,0.14886420965194702,0.03217599168419838,0.8189598321914673,T,0.04931551590561867,0.07845824211835861,0.000742395524866879,0.01577680930495262,0.015253905206918716,0.1605512797832489,0.4484662711620331,0.23143558204174042,-61.23386764526367,139.91432189941406,0.004386558197438717
>Sequence,G,377,0.20129740238189697,20.934929847717285,C,0.28263139724731445,0.027852270752191544,0.6895163059234619,T,0.10891512036323547,0.13413496315479279,0.0033229931723326445,0.013660280033946037,0.017666108906269073,0.13529619574546814,0.40407708287239075,0.18292726576328278,61.8892822265625,-13.33916187286377,0.0049695163033902645
>Sequence,I,378,0.17867393791675568,35.19876576960087,H,0.6074435114860535,0.05298513174057007,0.33957135677337646,H,0.10046861320734024,0.4533460736274719,0.006456695031374693,0.024744100868701935,0.03722139447927475,0.07610262930393219,0.07681653648614883,0.22484388947486877,-73.08289337158203,-27.616899490356445,0.009643309749662876
>Sequence,D,379,0.3223424553871155,62.21209388971329,H,0.6874721646308899,0.030827101320028305,0.2817007303237915,H,0.09996591508388519,0.545160710811615,0.005425228271633387,0.010633004829287529,0.02455129474401474,0.05770549550652504,0.0637708529829979,0.19278746843338013,-73.75035858154297,-28.287513732910156,0.009220244362950325
>Sequence,S,380,0.3440747857093811,53.33159178495407,H,0.7721559405326843,0.03516017273068428,0.19268390536308289,H,0.07204177975654602,0.669501006603241,0.008982405066490173,0.006155028473585844,0.03156159445643425,0.035289082676172256,0.049080297350883484,0.12738879024982452,-71.27066040039062,-36.623538970947266,0.011920361779630184
>Sequence,Y,381,0.22387105226516724,58.87808674573898,H,0.8434647917747498,0.02770504169166088,0.1288302093744278,H,0.05991443246603012,0.7625519037246704,0.013654309324920177,0.005164505913853645,0.022847766056656837,0.019490279257297516,0.0442124642431736,0.07216425985097885,-70.07456970214844,-38.13813781738281,0.014351553283631802
>Sequence,L,382,0.1426534205675125,28.673337534070015,H,0.836776614189148,0.024859188124537468,0.13836419582366943,H,0.0536394901573658,0.7642732262611389,0.01219890732318163,0.004142825026065111,0.02107696607708931,0.022261183708906174,0.03779049962759018,0.08461683988571167,-67.78716278076172,-36.38314437866211,0.01963535137474537
>Sequence,Q,383,0.42886343598365784,96.49427309632301,H,0.8232858180999756,0.02314300276339054,0.153571218252182,H,0.047332514077425,0.7666328549385071,0.01164986751973629,0.0035759410820901394,0.0193479061126709,0.01898704282939434,0.04373779892921448,0.08873602747917175,-67.37037658691406,-36.998931884765625,0.026643287390470505
>Sequence,K,384,0.4629196524620056,109.24903798103333,H,0.77093905210495,0.02377728745341301,0.20528367161750793,H,0.0617610365152359,0.6973645091056824,0.012403727509081364,0.004095034208148718,0.02136618085205555,0.02406954951584339,0.07035419344902039,0.10858577489852905,-69.25450897216797,-33.820777893066406,0.03225157409906387
>Sequence,L,385,0.2057655304670334,41.35887162387371,H,0.7402538657188416,0.021230868995189667,0.2385152280330658,H,0.056847866624593735,0.6759375929832458,0.01170217152684927,0.0039282687939703465,0.017378753051161766,0.03338790312409401,0.07126596570014954,0.1295514553785324,-70.49213409423828,-32.75017547607422,0.03707016631960869
>Sequence,A,386,0.3291606903076172,42.46172904968262,H,0.5841861963272095,0.02783411182463169,0.3879796862602234,H,0.06431698799133301,0.5215535163879395,0.007579249795526266,0.005938752554357052,0.020606793463230133,0.0547105111181736,0.12988391518592834,0.19541029632091522,-71.34017181396484,-25.428953170776367,0.04978102445602417
>Sequence,Q,387,0.593845009803772,133.6151272058487,C,0.4436301290988922,0.034844569861888885,0.5215252637863159,H,0.08001934736967087,0.34636190533638,0.007641958072781563,0.007811543997377157,0.027984006330370903,0.08793462067842484,0.21242418885231018,0.22982242703437805,-80.10213470458984,-15.54047966003418,0.061312172561883926
>Sequence,H,388,0.4447348415851593,99.62060451507568,C,0.29559746384620667,0.038356855511665344,0.6660456657409668,C,0.06978411972522736,0.20152921974658966,0.006747071631252766,0.009574048221111298,0.02854578197002411,0.16892197728157043,0.20856018364429474,0.3063376843929291,-88.14665985107422,18.666061401367188,0.05463405326008797
>Sequence,S,389,0.4754755198955536,73.6987055838108,C,0.13278236985206604,0.09297938644886017,0.7742382287979126,C,0.04428046941757202,0.07256251573562622,0.002931645605713129,0.020156286656856537,0.06673359125852585,0.18547528982162476,0.15558978915214539,0.45227038860321045,-92.00559997558594,71.27196502685547,0.04627171903848648
>Sequence,I,390,0.25725483894348145,50.679203271865845,C,0.020598923787474632,0.15469804406166077,0.8247030377388,C,0.009853283874690533,0.011253144592046738,0.0004884590744040906,0.03767434135079384,0.11569757759571075,0.26217782497406006,0.0252071525901556,0.5376482009887695,-99.01875305175781,123.51982879638672,0.0332537442445755
>Sequence,P,391,0.4262036681175232,67.76638323068619,C,0.018748121336102486,0.1303829848766327,0.8508689403533936,C,0.012092601507902145,0.00632900046184659,0.0003187717229593545,0.025601454079151154,0.10360357910394669,0.09481384605169296,0.07001599669456482,0.687224805355072,-66.22325897216797,135.9958953857422,0.025034284219145775
>Sequence,T,392,0.36500850319862366,62.78146255016327,C,0.030187569558620453,0.18776944279670715,0.7820429801940918,C,0.014674949459731579,0.014008224941790104,0.0006210432038642466,0.10195910930633545,0.10948368161916733,0.18424083292484283,0.11183080077171326,0.46318140625953674,-108.05189514160156,105.79224395751953,0.015247710980474949
>Sequence,G,393,0.20749053359031677,21.579015493392944,C,0.0018117685103788972,0.07541166990995407,0.9227765202522278,C,0.0008362827938981354,0.0004930406576022506,0.00011608532804530114,0.023638581857085228,0.0450337789952755,0.26930537819862366,0.01712784171104431,0.643449068069458,126.09606170654297,-178.6811981201172,0.009926168248057365
>Sequence,P,394,0.2577257454395294,40.97839352488518,C,0.0027056108228862286,0.05279926210641861,0.9444951415061951,C,0.0014009777223691344,0.0007240375853143632,7.668883336009458e-05,0.039263077080249786,0.02499614655971527,0.1575879156589508,0.03054480068385601,0.7454063892364502,-69.21672058105469,151.10325622558594,0.009778693318367004
>Sequence,G,395,0.21734580397605896,22.603963613510132,C,0.00525800883769989,0.02801721915602684,0.9667247533798218,C,0.002561023226007819,0.0018890455830842257,9.511756070423871e-05,0.029935197904706,0.013461753726005554,0.21431966125965118,0.039572376757860184,0.6981658339500427,-96.99341583251953,174.06198120117188,0.009766679257154465
>Sequence,P,396,0.3200148344039917,50.88235867023468,C,0.062114108353853226,0.029149502515792847,0.9087363481521606,T,0.04278605803847313,0.020351989194750786,0.0004488075792323798,0.022070933133363724,0.01245175302028656,0.14011788368225098,0.5108554363250732,0.25091713666915894,-63.3630485534668,140.5560302734375,0.012408495880663395
>Sequence,G,397,0.35882601141929626,37.31790518760681,C,0.12320428341627121,0.03394978493452072,0.8428458571434021,T,0.08862350136041641,0.03383727744221687,0.0016450488474220037,0.013869755901396275,0.01997177116572857,0.1709604561328888,0.4605187177658081,0.21057356894016266,81.57304382324219,-4.995967388153076,0.013842092826962471
>Sequence,V,398,0.2941087782382965,51.17492741346359,C,0.18778231739997864,0.11723113059997559,0.6949865818023682,C,0.08633358031511307,0.08671349287033081,0.0023481789976358414,0.05088620260357857,0.07318127155303955,0.17935681343078613,0.11173991858959198,0.40944045782089233,-87.89876556396484,110.00135803222656,0.01980205625295639
>Sequence,N,399,0.35581454634666443,69.38383653759956,C,0.2334422618150711,0.14346471428871155,0.6230930089950562,C,0.09820983558893204,0.11361535638570786,0.0030518188141286373,0.040491364896297455,0.10217689722776413,0.14522185921669006,0.09162838011980057,0.4056045114994049,-90.93262481689453,80.51268768310547,0.01934242621064186
>Sequence,N,400,0.4079771637916565,79.55554693937302,C,0.30359700322151184,0.15276144444942474,0.5436415076255798,C,0.09781934320926666,0.17719484865665436,0.005581451114267111,0.026278069242835045,0.12435118108987808,0.12625955045223236,0.09752318263053894,0.34499239921569824,-89.72935485839844,35.452598571777344,0.027636339887976646
>Sequence,I,401,0.2549000382423401,50.215307533741,H,0.43698176741600037,0.17462584376335144,0.3883924186229706,H,0.09709467738866806,0.32546502351760864,0.0070989844389259815,0.023311613127589226,0.14925381541252136,0.08116887509822845,0.07794789224863052,0.2386590540409088,-83.75834655761719,-12.362424850463867,0.030856739729642868
>Sequence,I,402,0.2061513364315033,40.61181327700615,H,0.44127312302589417,0.20969998836517334,0.3490268886089325,H,0.07056177407503128,0.3594855070114136,0.006326977629214525,0.025706857442855835,0.17629598081111908,0.06679826229810715,0.04877004027366638,0.24605457484722137,-86.10584259033203,33.92625427246094,0.03131683170795441
>Sequence,D,403,0.35606035590171814,68.7196486890316,C,0.42431846261024475,0.13533243536949158,0.44034913182258606,C,0.0629412829875946,0.3345720171928406,0.004745854996144772,0.024230606853961945,0.10892701148986816,0.042383477091789246,0.05670079216361046,0.36549896001815796,-81.05488586425781,51.15050506591797,0.024782788008451462
>Sequence,I,404,0.13866733014583588,27.317464038729668,H,0.7769206166267395,0.03807190805673599,0.18500745296478271,H,0.11759494245052338,0.6249440908432007,0.009220761246979237,0.005558746866881847,0.03659766539931297,0.02268717624247074,0.05967690050601959,0.123719722032547,-70.13728332519531,-31.85215187072754,0.028027519583702087
>Sequence,Q,405,0.49231913685798645,110.77180579304695,H,0.7346709966659546,0.027616215869784355,0.23771275579929352,H,0.14099322259426117,0.5780626535415649,0.007727155927568674,0.003977485001087189,0.025231394916772842,0.031274791806936264,0.11313499510288239,0.09959829598665237,-71.43790435791016,-27.58473777770996,0.02879030629992485
>Sequence,K,406,0.5310646891593933,125.33126664161682,H,0.644887387752533,0.0262706708163023,0.32884201407432556,H,0.14993607997894287,0.4772881269454956,0.006458921357989311,0.0042641363106667995,0.02177712507545948,0.04271547123789787,0.19542771577835083,0.1021324023604393,-81.8208236694336,-16.268434524536133,0.01839573122560978
>Sequence,L,407,0.16925092041492462,34.01943500339985,C,0.3097619414329529,0.05152548477053642,0.6387125849723816,C,0.043580472469329834,0.26307442784309387,0.003265604842454195,0.01435832679271698,0.03774073347449303,0.15363122522830963,0.0918269082903862,0.39252230525016785,-82.31507110595703,98.0868148803711,0.021454211324453354
>Sequence,N,408,0.4970635771751404,96.92739754915237,C,0.16130095720291138,0.048087168484926224,0.7906118631362915,C,0.02020292729139328,0.14116564393043518,0.0018664741655811667,0.017095917835831642,0.02982519194483757,0.06573949754238129,0.08873648196458817,0.6353679299354553,-88.20016479492188,94.56855010986328,0.024797897785902023
>Sequence,I,409,0.22663259506225586,44.646621227264404,H,0.6662064790725708,0.024909574538469315,0.3088839054107666,H,0.049255840480327606,0.6149482131004333,0.0072575961239635944,0.005837585311383009,0.018116716295480728,0.04843126982450485,0.06979691982269287,0.186355859041214,-71.31019592285156,-31.17905044555664,0.02444387786090374
>Sequence,G,410,0.42203933000564575,43.89209032058716,H,0.7093468308448792,0.017126228660345078,0.2735268771648407,H,0.06180616095662117,0.6520032286643982,0.009200244210660458,0.0030326892156153917,0.013393900357186794,0.04956802353262901,0.0864848643541336,0.1245109811425209,-62.21397018432617,-41.32177734375,0.025150669738650322
>Sequence,E,411,0.4603961706161499,102.66834604740143,H,0.7488609552383423,0.023170676082372665,0.22796833515167236,H,0.06173189729452133,0.6796522736549377,0.0063557750545442104,0.004413173068314791,0.01984013244509697,0.031223105266690254,0.07478968799114227,0.12199395149946213,-71.04199981689453,-33.55925369262695,0.0252537839114666
>Sequence,C,412,0.0877920463681221,14.66127174347639,H,0.7959442734718323,0.01561592984944582,0.1884397715330124,H,0.05695313960313797,0.7228379249572754,0.005613957066088915,0.0025991383008658886,0.013643483631312847,0.025460122153162956,0.04411693289875984,0.12877534329891205,-68.87606048583984,-33.46989440917969,0.01791449822485447
>Sequence,K,413,0.4787904620170593,112.994549036026,H,0.7964028120040894,0.02169238217175007,0.18190476298332214,H,0.03523128107190132,0.7781794667243958,0.007167140021920204,0.0030083199962973595,0.01645626872777939,0.023093411698937416,0.04810946062207222,0.08875459432601929,-68.47544860839844,-35.53158950805664,0.01458078995347023
>Sequence,K,414,0.5254283547401428,124.0010917186737,H,0.7722153663635254,0.030133048072457314,0.19765153527259827,H,0.037671174854040146,0.7474455833435059,0.007449612021446228,0.0037048200611025095,0.02544085681438446,0.024684859439730644,0.05851477012038231,0.09508832544088364,-72.57959747314453,-33.227054595947266,0.010896199382841587
>Sequence,L,415,0.1290164589881897,25.93230825662613,H,0.769011914730072,0.02867021970450878,0.20231789350509644,H,0.023285577073693275,0.752435028553009,0.007535876706242561,0.0037415993865579367,0.021505745127797127,0.0266092699021101,0.03683643043041229,0.12805049121379852,-70.97367095947266,-37.31325912475586,0.012526175007224083
>Sequence,T,416,0.18018075823783875,30.991090416908264,H,0.7927705645561218,0.02409922145307064,0.18313026428222656,H,0.00847744382917881,0.8292326331138611,0.007675550412386656,0.0027196581941097975,0.012955550104379654,0.022327451035380363,0.023628192022442818,0.09298347681760788,-72.80123901367188,-45.7829475402832,0.010662315413355827
>Sequence,V,417,0.3288527727127075,57.22038245201111,H,0.9042052626609802,0.01310766115784645,0.08268711715936661,H,0.00712418369948864,0.9076657891273499,0.008686798624694347,0.0010447331005707383,0.008246290497481823,0.010603463277220726,0.014887641184031963,0.04174111783504486,-66.26836395263672,-42.705108642578125,0.011233084835112095
>Sequence,W,418,0.3574735224246979,101.8799538910389,H,0.9276568293571472,0.00798315554857254,0.06435996294021606,H,0.006792789325118065,0.9244534373283386,0.006600869353860617,0.0005756391910836101,0.005662334151566029,0.006769714877009392,0.014083989895880222,0.035061318427324295,-65.5741195678711,-41.52520751953125,0.010757233947515488
>Sequence,G,419,0.11428337544202805,11.885471045970917,H,0.9361431002616882,0.004397087264806032,0.05945989117026329,H,0.00578067684546113,0.9398646950721741,0.005373896565288305,0.00033490030909888446,0.0027697356417775154,0.005028154700994492,0.01331185270100832,0.027536064386367798,-62.8581657409668,-42.80519485473633,0.007001695688813925
>Sequence,I,420,0.1202920600771904,23.69753583520651,H,0.9651648998260498,0.004448845516890287,0.03038620948791504,H,0.003960339352488518,0.9603546857833862,0.0040059927850961685,0.0003566592058632523,0.0031009570229798555,0.0029899640940129757,0.0057860785163939,0.01944524422287941,-63.099365234375,-42.00178146362305,0.008354641497135162
>Sequence,K,421,0.5096725225448608,120.28271532058716,H,0.9599485397338867,0.0042116534896194935,0.03583981841802597,H,0.003998859785497189,0.9594386219978333,0.00354440207593143,0.0002739109331741929,0.003095668973401189,0.002562644425779581,0.008103257045149803,0.018982604146003723,-64.74238586425781,-40.28715133666992,0.005716792773455381
>Sequence,Q,422,0.39694368839263916,89.31232988834381,H,0.9541135430335999,0.005169709678739309,0.04071678966283798,H,0.004681273363530636,0.9508281350135803,0.004611757583916187,0.000368184526450932,0.0038759405724704266,0.003081620205193758,0.011606330052018166,0.020946864038705826,-65.84044647216797,-40.35038757324219,0.008563118055462837
>Sequence,L,423,0.052933469414711,10.63962735235691,H,0.9633924961090088,0.0029601070564240217,0.03364734351634979,H,0.0025864620693027973,0.9627007842063904,0.0031646627467125654,0.0001930246944539249,0.00202326406724751,0.0026874274481087923,0.007014763075858355,0.01962962932884693,-64.07465362548828,-41.899173736572266,0.006573236081749201
>Sequence,Q,424,0.3066459000110626,68.99532750248909,H,0.963285505771637,0.002971079433336854,0.0337434820830822,H,0.003085620002821088,0.9596849679946899,0.003952869679778814,0.00030666834209114313,0.0018894054228439927,0.0026729959063231945,0.007569602690637112,0.02083779126405716,-62.90083694458008,-41.4488410949707,0.010998436249792576
>Sequence,A,425,0.3530553877353668,45.54414501786232,H,0.954910397529602,0.003424023510888219,0.041665613651275635,H,0.0028160782530903816,0.9541364312171936,0.0036182997282594442,0.00019030757539439946,0.002540254034101963,0.0028714179061353207,0.009201119653880596,0.02462618798017502,-64.02794647216797,-40.56982421875,0.010823803022503853
>Sequence,R,426,0.312751442193985,85.69389516115189,H,0.9610793590545654,0.0034170858561992645,0.03550362586975098,H,0.0027907988987863064,0.9586352705955505,0.00538268219679594,0.0003020194126293063,0.002320187399163842,0.00252032233402133,0.010027931071817875,0.018020739778876305,-65.10004425048828,-41.4692497253418,0.010115469805896282
>Sequence,V,427,0.07568835467100143,13.16977371275425,H,0.962781548500061,0.004076630808413029,0.03314181789755821,H,0.0019782036542892456,0.9601834416389465,0.007696253247559071,0.0002914075448643416,0.00248403986915946,0.003060803283005953,0.006367504131048918,0.017938312143087387,-64.9296646118164,-42.995609283447266,0.010070987045764923
>Sequence,L,428,0.36024242639541626,72.40872770547867,H,0.9624226689338684,0.004955096170306206,0.032622192054986954,H,0.002897498430684209,0.9584523439407349,0.00608902657404542,0.00036419465322978795,0.0030591790564358234,0.0028403825126588345,0.007525913417339325,0.018771322444081306,-63.8693733215332,-41.22709274291992,0.011767957359552383
>Sequence,A,429,0.34857216477394104,44.965809255838394,H,0.938386857509613,0.004503927659243345,0.057109273970127106,H,0.0038766597863286734,0.9396448731422424,0.00630352133885026,0.000324089516652748,0.0031802477315068245,0.0036614378914237022,0.015444616787135601,0.02756461128592491,-63.96489715576172,-40.41721725463867,0.014485524035990238
>Sequence,V,430,0.10240074247121811,17.81772918999195,H,0.9428287744522095,0.0036807653959840536,0.05349038168787956,H,0.004643906839191914,0.9368678331375122,0.011969130486249924,0.0003471187665127218,0.0024294971954077482,0.004668241832405329,0.01607617735862732,0.022998061031103134,-65.77621459960938,-41.545082092285156,0.012882769107818604
>Sequence,K,431,0.36314377188682556,85.70193016529083,H,0.9058359265327454,0.00474144984036684,0.08942260593175888,H,0.009844202548265457,0.9025742411613464,0.010953081771731377,0.0007483737426809967,0.002807444194331765,0.0075958711095154285,0.029966164380311966,0.03551052138209343,-64.4416732788086,-38.289024353027344,0.0155045660212636
>Sequence,K,432,0.5906256437301636,139.3876519203186,H,0.8583163619041443,0.006158012431114912,0.1355256885290146,H,0.0171195175498724,0.8546335697174072,0.012757474556565285,0.0009571837726980448,0.004482909571379423,0.012358885258436203,0.05136007443070412,0.0463302880525589,-67.7958755493164,-35.89563751220703,0.015011230483651161
>Sequence,A,433,0.2869097590446472,37.01135891675949,H,0.78910893201828,0.007577273063361645,0.20331381261348724,H,0.020703347399830818,0.796181321144104,0.0113654974848032,0.0012219195486977696,0.004779924638569355,0.018804969266057014,0.07971027493476868,0.06723277270793915,-70.1963882446289,-33.12813186645508,0.02424291893839836
>Sequence,C,434,0.13624566793441772,22.75302654504776,H,0.6061905026435852,0.016273539513349533,0.37753593921661377,H,0.031388700008392334,0.6009026169776917,0.014735037460923195,0.004406635649502277,0.008020492270588875,0.06225944682955742,0.1540013551712036,0.1242857277393341,-82.33000183105469,-19.482582092285156,0.01898348145186901
>Sequence,M,435,0.39133650064468384,87.65937614440918,C,0.4077656865119934,0.03328511118888855,0.5589491724967957,H,0.04339553415775299,0.3727778196334839,0.010816247202455997,0.011024735867977142,0.019884927198290825,0.11460908502340317,0.17565511167049408,0.25183647871017456,-75.95232391357422,-14.187629699707031,0.03168267384171486
>Sequence,T,436,0.4948578178882599,85.1155446767807,C,0.354892373085022,0.02416265569627285,0.6209449768066406,H,0.03348126262426376,0.3388819396495819,0.008787065744400024,0.007806223351508379,0.014543312601745129,0.21637436747550964,0.14580783247947693,0.23431803286075592,-86.95172882080078,-24.61125373840332,0.026632757857441902
>Sequence,D,437,0.4841088354587555,93.43300524353981,C,0.31255441904067993,0.01732555404305458,0.6701200604438782,C,0.02998284623026848,0.2912987768650055,0.0035359025932848454,0.006791213061660528,0.011256570927798748,0.12274445593357086,0.12950758635997772,0.4048825204372406,-78.89915466308594,21.529130935668945,0.02617614157497883
>Sequence,Y,438,0.28934741020202637,76.09836888313293,H,0.623286247253418,0.023528845980763435,0.35318487882614136,H,0.043427132070064545,0.5731138586997986,0.007390480954200029,0.006602280307561159,0.015552488155663013,0.06829819083213806,0.07777509838342667,0.20784048736095428,-71.68804168701172,-32.752540588378906,0.03514009341597557
>Sequence,D,439,0.5040978193283081,97.29087913036346,H,0.6810355186462402,0.019369671121239662,0.29959481954574585,H,0.03680015355348587,0.6437641382217407,0.005209071561694145,0.003973187413066626,0.014692521654069424,0.05052443593740463,0.0650419071316719,0.17999456822872162,-70.42740631103516,-31.026351928710938,0.028923433274030685
>Sequence,T,440,0.34581732749938965,59.48058032989502,H,0.7668210864067078,0.027769414708018303,0.20540949702262878,H,0.025901807472109795,0.743587851524353,0.007471690885722637,0.0036854213103652,0.021873069927096367,0.03450808674097061,0.044992849230766296,0.11797920614480972,-72.90357971191406,-40.50752639770508,0.023360135033726692
>Sequence,L,441,0.19538018107414246,39.271416395902634,H,0.8302754759788513,0.02722208760678768,0.14250235259532928,H,0.02067207358777523,0.8138092160224915,0.00679302541539073,0.00312180258333683,0.020565491169691086,0.021458106115460396,0.026520786806941032,0.08705946803092957,-68.41095733642578,-38.22458267211914,0.026779383420944214
>Sequence,I,442,0.28267037868499756,55.68606460094452,H,0.8232406377792358,0.04030735418200493,0.1364520937204361,H,0.01392460148781538,0.8224561810493469,0.007262324448674917,0.003654307685792446,0.027979589998722076,0.019375063478946686,0.020088721066713333,0.08525924384593964,-70.54319763183594,-39.6960563659668,0.027333859354257584
>Sequence,D,443,0.3915599584579468,75.57107198238373,H,0.7972338795661926,0.025934984907507896,0.17683115601539612,H,0.013269285671412945,0.8055316805839539,0.005168486852198839,0.003310797968879342,0.017192961648106575,0.015446487814188004,0.030208202078938484,0.10987213253974915,-69.29825592041016,-33.85239791870117,0.019275352358818054
>Sequence,V,444,0.1310240477323532,22.79818430542946,H,0.9018675088882446,0.00942908599972725,0.08870339393615723,H,0.008174286223948002,0.8951293230056763,0.006771201267838478,0.0009639133349992335,0.00677786860615015,0.009458404034376144,0.016136839985847473,0.05658815801143646,-65.97480010986328,-41.5842399597168,0.020418817177414894
>Sequence,Q,445,0.41493552923202515,93.36049407720566,H,0.9088253378868103,0.007206423208117485,0.08396828174591064,H,0.009608343243598938,0.9010016918182373,0.005179134663194418,0.0008528966573067009,0.005047335755079985,0.008188474923372269,0.019345974549651146,0.05077619478106499,-64.62971496582031,-40.063106536865234,0.024615170434117317
>Sequence,S,446,0.41513416171073914,64.34579506516457,H,0.8938122987747192,0.006100108381360769,0.10008757561445236,H,0.009478571824729443,0.8919061422348022,0.006172116845846176,0.0006305496790446341,0.004540126770734787,0.00916775781661272,0.025771602988243103,0.05233323946595192,-66.72307586669922,-38.95238494873047,0.018096979707479477
>Sequence,L,447,0.1699754148721695,34.16505838930607,H,0.9059507250785828,0.003049681428819895,0.09099964797496796,H,0.0064490181393921375,0.9107827544212341,0.0063115572556853294,0.00043920832104049623,0.0018930141814053059,0.008862433955073357,0.021929141134023666,0.04333280771970749,-66.65179443359375,-39.417724609375,0.01804111711680889
>Sequence,H,448,0.25552454590797424,57.23749828338623,H,0.8970695734024048,0.0025091366842389107,0.10042125731706619,H,0.006655333563685417,0.9030358791351318,0.005792867857962847,0.0005172542296350002,0.001349466503597796,0.009815475903451443,0.02102256380021572,0.05181119963526726,-65.72441101074219,-38.3097038269043,0.020365022122859955
>Sequence,K,449,0.5507421493530273,129.97514724731445,H,0.9230533242225647,0.002529445569962263,0.07441725581884384,H,0.005414049606770277,0.9259791374206543,0.0034812712110579014,0.0003677451750263572,0.0016366159543395042,0.006433048285543919,0.01679356023669243,0.03989458456635475,-64.76152801513672,-39.60346221923828,0.01776580698788166
>Sequence,K,450,0.45772385597229004,108.02283000946045,H,0.9258485436439514,0.0030148185323923826,0.07113658636808395,H,0.005827515851706266,0.925012469291687,0.004269175697118044,0.0004024498048238456,0.0021782557014375925,0.0060139917768538,0.018346259370446205,0.03794977068901062,-66.41206359863281,-39.8298454284668,0.017117738723754883
>Sequence,A,451,0.07596337050199509,9.799274794757366,H,0.9337965250015259,0.003287617117166519,0.06291578710079193,H,0.00419467082247138,0.9352027773857117,0.004132092464715242,0.00028417009161785245,0.00220429222099483,0.005466993432492018,0.011593963950872421,0.036920953541994095,-64.46033477783203,-42.16207504272461,0.01668385975062847
>Sequence,V,452,0.21329735219478607,37.11373928189278,H,0.9483280181884766,0.006151870358735323,0.04552021995186806,H,0.0036969203501939774,0.9457083344459534,0.0058807674795389175,0.0005607089260593057,0.003709933487698436,0.004282782785594463,0.007847124710679054,0.028313472867012024,-64.87110900878906,-41.985931396484375,0.017262781038880348
>Sequence,E,453,0.5654463171958923,126.09452873468399,H,0.9344753623008728,0.006443069316446781,0.0590815469622612,H,0.0045947544276714325,0.93467116355896,0.004497685469686985,0.0005222484469413757,0.004802594427019358,0.004042801447212696,0.013467674143612385,0.033401187509298325,-64.89967346191406,-40.6191291809082,0.01735376939177513
>Sequence,S,454,0.20052960515022278,31.08208879828453,H,0.9138723611831665,0.0043182638473808765,0.0818093940615654,H,0.004736840724945068,0.9223557710647583,0.005372967105358839,0.00046382402069866657,0.002770275343209505,0.006310155149549246,0.01970343478024006,0.03828679770231247,-66.35427856445312,-41.6143913269043,0.02005218155682087
>Sequence,L,455,0.07856681942939758,15.791930705308914,H,0.9590862989425659,0.0012631482677534223,0.03965051844716072,H,0.0033681730274111032,0.9596651792526245,0.002391502261161804,0.0001377486187266186,0.0007751708035357296,0.0033650598488748074,0.00626060226932168,0.02403661236166954,-63.34573745727539,-41.56972122192383,0.016239730641245842
>Sequence,D,456,0.4399060904979706,84.90187546610832,H,0.9689374566078186,0.0014362287474796176,0.02962634712457657,H,0.0036496284883469343,0.9661971926689148,0.003009362146258354,0.00016889565449673682,0.0008787732222117484,0.0016891264822334051,0.006702577695250511,0.017704477533698082,-62.384586334228516,-40.53981399536133,0.0165038350969553
>Sequence,Y,457,0.39638179540634155,104.24841219186783,H,0.9632444381713867,0.0022952205035835505,0.0344604030251503,H,0.0046056658029556274,0.9569473266601562,0.0050281258299946785,0.00026279548183083534,0.001668433309532702,0.0021263030357658863,0.010691311210393906,0.018670160323381424,-63.91049575805664,-42.21312713623047,0.022063622251152992
>Sequence,L,458,0.07983418554067612,16.0466712936759,H,0.9524328112602234,0.0013671688502654433,0.04620012640953064,H,0.004609016701579094,0.9530811905860901,0.003934948239475489,0.00018952002574224025,0.0008658537408336997,0.0026405814569443464,0.013276728801429272,0.021402250975370407,-64.18959045410156,-40.39760971069336,0.02287905104458332
>Sequence,L,459,0.2837967276573181,57.04314225912094,H,0.9066519737243652,0.0026697253342717886,0.09067827463150024,H,0.007531382143497467,0.9209058880805969,0.004042808897793293,0.0004873887519352138,0.0012644095113500953,0.004974572919309139,0.03176991641521454,0.029023636132478714,-65.3427505493164,-37.17744445800781,0.0230193380266428
>Sequence,S,460,0.6513047218322754,100.95223188400269,H,0.7279596328735352,0.00258967955596745,0.26945069432258606,H,0.014382329769432545,0.7785888314247131,0.0052096052095294,0.0005108406767249107,0.0014436424244195223,0.01180746965110302,0.13929982483386993,0.04875748232007027,-69.44298553466797,-26.196990966796875,0.029828697443008423
>Sequence,R,461,0.48637834191322327,133.26766568422318,C,0.30378371477127075,0.0030699395574629307,0.6931464076042175,T,0.015612381510436535,0.3581826090812683,0.007105172611773014,0.001163291628472507,0.0011693101841956377,0.07018716633319855,0.47545862197875977,0.07112137973308563,-88.7063217163086,-8.857913970947266,0.039254847913980484
>Sequence,G,462,0.4676813781261444,48.63886332511902,C,0.1018255427479744,0.007710504811257124,0.8904638886451721,T,0.014694678597152233,0.0887565016746521,0.00787554681301117,0.0020775198936462402,0.005397543776780367,0.10357992351055145,0.5411021709442139,0.23651613295078278,77.99761199951172,4.7274651527404785,0.05031358823180199
>Sequence,V,463,0.2523057758808136,43.901205003261566,C,0.1869458705186844,0.04846382141113281,0.7645902633666992,C,0.021461468189954758,0.1525406837463379,0.006444738712161779,0.012549923732876778,0.032489992678165436,0.1736132651567459,0.05507746338844299,0.5458224415779114,-85.09052276611328,-22.504215240478516,0.06754101812839508
>Sequence,I,464,0.2118995487689972,41.74421110749245,C,0.19634349644184113,0.18081732094287872,0.6228392124176025,C,0.022002190351486206,0.16409584879875183,0.0032072023022919893,0.040951598435640335,0.11852993816137314,0.11662953346967697,0.03018326312303543,0.5044004321098328,-92.83792114257812,132.38226318359375,0.1020946130156517
>Sequence,D,465,0.43493208289146423,83.9418919980526,C,0.2141791731119156,0.12794934213161469,0.6578714847564697,C,0.019733041524887085,0.1690603643655777,0.001679397071711719,0.027338391169905663,0.08259575814008713,0.03950159251689911,0.030071478337049484,0.6300199627876282,-82.26657104492188,104.01432037353516,0.1097319945693016
>Sequence,I,466,0.2190207839012146,43.147094428539276,H,0.565548300743103,0.043444178998470306,0.39100757241249084,H,0.03990558534860611,0.5185729265213013,0.00293097086250782,0.00673073623329401,0.03659478947520256,0.03323100879788399,0.05243125185370445,0.3096027374267578,-71.49710083007812,-32.757484436035156,0.14031730592250824
>Sequence,K,467,0.5438132882118225,128.3399360179901,H,0.5834364891052246,0.026517974212765694,0.39004552364349365,H,0.051001839339733124,0.5311880111694336,0.0033014733344316483,0.005126727744936943,0.023797323927283287,0.0368325300514698,0.07439780980348587,0.27435433864593506,-68.6968002319336,-34.59747314453125,0.16463702917099
>Sequence,K,468,0.5943766832351685,140.27289724349976,H,0.6166184544563293,0.018423113971948624,0.3649584650993347,H,0.04914127290248871,0.567427396774292,0.004985321778804064,0.004065827000886202,0.01615656353533268,0.03727041184902191,0.07658243179321289,0.24437080323696136,-71.65824127197266,-33.38606643676758,0.18289750814437866
>Sequence,D,469,0.435078889131546,83.97022560238838,H,0.5414086580276489,0.011898297816514969,0.4466930627822876,H,0.030853664502501488,0.5128327012062073,0.0036999438889324665,0.0033556330017745495,0.008921326138079166,0.03624650463461876,0.06458650529384613,0.3395037055015564,-72.37078094482422,-29.296186447143555,0.2062067836523056
>Sequence,A,470,0.34883731603622437,45.00001376867294,H,0.512386679649353,0.010546104982495308,0.477067232131958,H,0.031859248876571655,0.4808768332004547,0.0022640915121883154,0.0029880197253078222,0.0075951023027300835,0.039924927055835724,0.07224497199058533,0.3622467815876007,-67.23932647705078,-33.6690788269043,0.21810439229011536
>Sequence,K,471,0.601145327091217,141.87029719352722,C,0.46404948830604553,0.012621169909834862,0.5233293175697327,H,0.044843416661024094,0.4175384044647217,0.0021385885775089264,0.00462073041126132,0.009641406126320362,0.04329630360007286,0.10133471339941025,0.3765864074230194,-69.83757019042969,-30.357234954833984,0.2620023190975189
>Sequence,A,472,0.5028801560401917,64.87154012918472,C,0.42621809244155884,0.009593884460628033,0.5641880035400391,C,0.047044672071933746,0.38503503799438477,0.001726476359181106,0.00295533356256783,0.007501009851694107,0.0489325150847435,0.10845017433166504,0.39835473895072937,-70.12284851074219,-29.625938415527344,0.2688857913017273
>Sequence,N,473,0.5958921909332275,116.19897723197937,C,0.34526675939559937,0.015468675643205643,0.6392646431922913,C,0.05168907716870308,0.29312536120414734,0.0024484326131641865,0.005783731583505869,0.010960107669234276,0.04894530400633812,0.15153028070926666,0.43551772832870483,-81.68770599365234,-1.7687910795211792,0.27208077907562256
>Sequence,C,474,0.22779187560081482,38.041243225336075,C,0.3098054528236389,0.015033595263957977,0.6751608848571777,C,0.03901594132184982,0.2510705292224884,0.0016560493968427181,0.005919084884226322,0.009555893018841743,0.07461954653263092,0.07775965332984924,0.5404033064842224,-78.98363494873047,-13.869965553283691,0.2436981052160263
>Sequence,A,475,0.5041553378105164,65.03603857755661,C,0.292934775352478,0.021790524944663048,0.6852746605873108,C,0.04064759612083435,0.22155602276325226,0.0012118206359446049,0.0065983994863927364,0.014595510438084602,0.050409115850925446,0.08779405057430267,0.5771875381469727,-71.84979248046875,-22.9925594329834,0.3553345501422882
>Sequence,A,476,0.5397244095802307,69.62444883584976,C,0.27808627486228943,0.014893739484250546,0.7070200443267822,C,0.04780193418264389,0.2061581313610077,0.0010047670220956206,0.004461934324353933,0.011495796963572502,0.05491640791296959,0.09648992121219635,0.5776711106300354,-72.98699188232422,-23.218769073486328,0.409633994102478
>Sequence,E,477,0.6306440830230713,140.6336305141449,C,0.2355162799358368,0.015774521976709366,0.7487092614173889,C,0.047744270414114,0.16550305485725403,0.0011768363183364272,0.00493644131347537,0.012385442852973938,0.06039910018444061,0.09320851415395737,0.6146463751792908,-78.15545654296875,-18.12910270690918,0.4901801347732544
>Sequence,S,478,0.5490984916687012,85.11026620864868,C,0.18204501271247864,0.01703731343150139,0.8009177446365356,C,0.03912700340151787,0.1263713389635086,0.0010448498651385307,0.004791470244526863,0.012507458217442036,0.07048975676298141,0.09096872806549072,0.6546993851661682,-83.6811294555664,-0.8976864218711853,0.4649464786052704
>Sequence,S,479,0.573462188243866,88.88663917779922,C,0.12224289029836655,0.021760346367955208,0.85599684715271,C,0.03391982614994049,0.07681719213724136,0.0007595060742460191,0.005908009596168995,0.015633363276720047,0.08118826150894165,0.08610767871141434,0.6996662020683289,-84.61870574951172,14.317638397216797,0.46557050943374634
>Sequence,T,480,0.6305338144302368,108.45181608200073,C,0.07657718658447266,0.03239407762885094,0.8910287618637085,C,0.029973819851875305,0.04599548131227493,0.0007772531826049089,0.01169344037771225,0.022373244166374207,0.0989970713853836,0.0836561843752861,0.7065335512161255,-95.17521667480469,44.232643127441406,0.48511242866516113
>Sequence,L,481,0.3786163926124573,76.10189491510391,C,0.014626123011112213,0.019206566736102104,0.9661673307418823,C,0.00573144992813468,0.008028712123632431,0.00014593177183996886,0.008529315702617168,0.011660533025860786,0.12610332667827606,0.014411330223083496,0.8253894448280334,-86.55546569824219,143.23141479492188,0.5631266236305237
>Sequence,P,482,0.5368527173995972,85.35958206653595,C,0.024351533502340317,0.010402927175164223,0.9652454853057861,C,0.007462932262569666,0.009272398427128792,8.82579552126117e-05,0.003437676467001438,0.00578676862642169,0.023185107856988907,0.028727823868393898,0.9220389723777771,-63.52290725708008,149.62786865234375,0.6082970499992371
>Sequence,N,483,0.6141216158866882,119.7537150979042,C,0.03993945196270943,0.011182451620697975,0.9488781094551086,C,0.012119636870920658,0.019825126975774765,0.00018016912508755922,0.004125900566577911,0.0071344999596476555,0.02398940548300743,0.05105964094400406,0.8815656304359436,-80.28396606445312,29.457759857177734,0.7105291485786438
>Sequence,K,484,0.7194985151290894,169.8016495704651,C,0.01096916664391756,0.0018331691389903426,0.9871976971626282,C,0.0035372760612517595,0.006279881577938795,5.906865044380538e-05,0.000715726928319782,0.0013920108322054148,0.02223011665046215,0.03184116631746292,0.9339447617530823,-86.94414520263672,12.507343292236328,0.7348447442054749
